{"textures":{"0":"modelengine:entity/sky"},"elements":[{"name":"auge","from":[9.56885,8.104819,9.654308],"to":[10.768849,9.453138,10.854307],"rotation":{"angle":0.0,"axis":"x","origin":[-5.791151,-1.316567,5.934308]},"faces":{"down":{"uv":[8.875,10.0,8.625,10.25],"rotation":0,"texture":"#0","tintindex":0},"east":{"uv":[6.375,10.0,6.625,10.25],"rotation":0,"texture":"#0","tintindex":0},"north":{"uv":[10.0,6.125,10.25,6.375],"rotation":0,"texture":"#0","tintindex":0},"south":{"uv":[10.0,7.25,10.25,7.5],"rotation":0,"texture":"#0","tintindex":0},"up":{"uv":[8.0,10.25,7.75,10.0],"rotation":0,"texture":"#0","tintindex":0},"west":{"uv":[7.5,10.0,7.75,10.25],"rotation":0,"texture":"#0","tintindex":0}}},{"name":"auge","from":[9.56885,8.104819,5.154308],"to":[10.768849,9.453138,6.354308],"rotation":{"angle":0.0,"axis":"x","origin":[-5.791151,-1.316567,5.934308]},"faces":{"down":{"uv":[10.375,2.125,10.125,2.375],"rotation":0,"texture":"#0","tintindex":0},"east":{"uv":[9.75,10.0,10.0,10.25],"rotation":0,"texture":"#0","tintindex":0},"north":{"uv":[10.0,9.375,10.25,9.625],"rotation":0,"texture":"#0","tintindex":0},"south":{"uv":[10.0,10.0,10.25,10.25],"rotation":0,"texture":"#0","tintindex":0},"up":{"uv":[2.125,10.375,1.875,10.125],"rotation":0,"texture":"#0","tintindex":0},"west":{"uv":[0.375,10.125,0.625,10.375],"rotation":0,"texture":"#0","tintindex":0}}}],"display":{"head":{"translation":[0.0,-6.4,0.0],"rotation":[0.0,0.0,0.0],"scale":[3.8095,3.8095,3.8095]}}}