{"textures":{"0":"modelengine:entity/sky"},"elements":[{"name":"cube","from":[7.923518,11.631206,11.7227],"to":[9.648818,13.796607,13.448],"rotation":{"angle":22.5,"axis":"z","origin":[9.073718,12.781405,12.2978]},"faces":{"down":{"uv":[6.75,9.25,6.375,9.625],"rotation":0,"texture":"#0","tintindex":0},"east":{"uv":[8.75,7.75,9.125,8.25],"rotation":0,"texture":"#0","tintindex":0},"north":{"uv":[6.625,8.75,7.0,9.25],"rotation":0,"texture":"#0","tintindex":0},"south":{"uv":[8.875,0.5,9.25,1.0],"rotation":0,"texture":"#0","tintindex":0},"up":{"uv":[6.375,9.625,6.0,9.25],"rotation":0,"texture":"#0","tintindex":0},"west":{"uv":[8.875,1.0,9.25,1.5],"rotation":0,"texture":"#0","tintindex":0}}}],"display":{"head":{"translation":[0.0,-6.4,0.0],"rotation":[0.0,0.0,0.0],"scale":[3.8095,3.8095,3.8095]}}}