{"textures":{"0":"modelengine:entity/sky"},"elements":[{"name":"cube","from":[8.6144,7.3949,8.585],"to":[9.1895,7.8974,9.295101],"rotation":{"angle":0.0,"axis":"x","origin":[8.90195,7.5261497,8.87255]},"faces":{"down":{"uv":[10.875,4.0,10.75,4.125],"rotation":0,"texture":"#0","tintindex":0},"east":{"uv":[10.75,3.75,10.875,3.875],"rotation":0,"texture":"#0","tintindex":0},"north":{"uv":[3.75,10.75,3.875,10.875],"rotation":0,"texture":"#0","tintindex":0},"south":{"uv":[3.875,10.75,4.0,10.875],"rotation":0,"texture":"#0","tintindex":0},"up":{"uv":[4.125,10.875,4.0,10.75],"rotation":0,"texture":"#0","tintindex":0},"west":{"uv":[10.75,3.875,10.875,4.0],"rotation":0,"texture":"#0","tintindex":0}}},{"name":"cube","from":[8.6144,7.3949,8.0099],"to":[9.3596,7.9649,8.585],"rotation":{"angle":0.0,"axis":"x","origin":[7.8691998,8.0,8.0099]},"faces":{"down":{"uv":[10.875,5.5,10.75,5.625],"rotation":0,"texture":"#0","tintindex":0},"east":{"uv":[10.75,5.25,10.875,5.375],"rotation":0,"texture":"#0","tintindex":0},"north":{"uv":[5.25,10.75,5.375,10.875],"rotation":0,"texture":"#0","tintindex":0},"south":{"uv":[5.375,10.75,5.5,10.875],"rotation":0,"texture":"#0","tintindex":0},"up":{"uv":[5.625,10.875,5.5,10.75],"rotation":0,"texture":"#0","tintindex":0},"west":{"uv":[10.75,5.375,10.875,5.5],"rotation":0,"texture":"#0","tintindex":0}}},{"name":"cube","from":[8.6144,7.3949,7.3700004],"to":[9.1895,7.8974,8.0801],"rotation":{"angle":0.0,"axis":"x","origin":[8.90195,7.5261497,7.65755]},"faces":{"down":{"uv":[10.875,5.125,10.75,5.25],"rotation":0,"texture":"#0","tintindex":0},"east":{"uv":[10.75,4.875,10.875,5.0],"rotation":0,"texture":"#0","tintindex":0},"north":{"uv":[4.875,10.75,5.0,10.875],"rotation":0,"texture":"#0","tintindex":0},"south":{"uv":[5.0,10.75,5.125,10.875],"rotation":0,"texture":"#0","tintindex":0},"up":{"uv":[5.25,10.875,5.125,10.75],"rotation":0,"texture":"#0","tintindex":0},"west":{"uv":[10.75,5.0,10.875,5.125],"rotation":0,"texture":"#0","tintindex":0}}}],"display":{"head":{"translation":[0.0,-6.4,0.0],"rotation":[0.0,0.0,0.0],"scale":[3.8095,3.8095,3.8095]}}}