{"textures":{"0":"modelengine:entity/sky"},"elements":[{"name":"mund unten","from":[6.8149996,7.449212,6.8336],"to":[8.8550005,8.190788,9.1664],"rotation":{"angle":-22.5,"axis":"z","origin":[8.0,8.0,8.0]},"faces":{"down":{"uv":[6.625,8.75,6.25,9.25],"rotation":0,"texture":"#0","tintindex":0},"east":{"uv":[10.0,5.875,10.5,6.0],"rotation":0,"texture":"#0","tintindex":0},"north":{"uv":[10.25,3.625,10.625,3.75],"rotation":0,"texture":"#0","tintindex":0},"south":{"uv":[10.25,3.75,10.625,3.875],"rotation":0,"texture":"#0","tintindex":0},"up":{"uv":[6.25,9.25,5.875,8.75],"rotation":0,"texture":"#0","tintindex":0},"west":{"uv":[10.0,7.5,10.5,7.625],"rotation":0,"texture":"#0","tintindex":0}}}],"display":{"head":{"translation":[0.0,-6.4,0.0],"rotation":[0.0,0.0,0.0],"scale":[3.8095,3.8095,3.8095]}}}