{"textures":{"0":"modelengine:entity/sky"},"elements":[{"name":"tail","from":[7.2192497,8.630329,7.7672],"to":[8.06075,9.289677,8.2328005],"rotation":{"angle":22.5,"axis":"z","origin":[8.0,8.0,8.0]},"faces":{"down":{"uv":[2.5,10.875,2.375,11.0],"rotation":0,"texture":"#0","tintindex":0},"east":{"uv":[2.125,10.875,2.25,11.0],"rotation":0,"texture":"#0","tintindex":0},"north":{"uv":[10.875,2.0,11.0,2.125],"rotation":0,"texture":"#0","tintindex":0},"south":{"uv":[10.875,2.125,11.0,2.25],"rotation":0,"texture":"#0","tintindex":0},"up":{"uv":[11.0,2.375,10.875,2.25],"rotation":0,"texture":"#0","tintindex":0},"west":{"uv":[2.25,10.875,2.375,11.0],"rotation":0,"texture":"#0","tintindex":0}}}],"display":{"head":{"translation":[0.0,-6.4,0.0],"rotation":[0.0,0.0,0.0],"scale":[3.8095,3.8095,3.8095]}}}