{"textures":{"0":"modelengine:entity/sky"},"elements":[{"name":"tail","from":[7.250324,8.53925,7.5872],"to":[7.6696754,8.60075,8.4128],"rotation":{"angle":-45.0,"axis":"z","origin":[8.0,8.0,8.0]},"faces":{"down":{"uv":[3.25,10.875,3.125,11.0],"rotation":0,"texture":"#0","tintindex":0},"east":{"uv":[2.875,10.875,3.0,11.0],"rotation":0,"texture":"#0","tintindex":0},"north":{"uv":[10.875,2.75,11.0,2.875],"rotation":0,"texture":"#0","tintindex":0},"south":{"uv":[10.875,2.875,11.0,3.0],"rotation":0,"texture":"#0","tintindex":0},"up":{"uv":[11.0,3.125,10.875,3.0],"rotation":0,"texture":"#0","tintindex":0},"west":{"uv":[3.0,10.875,3.125,11.0],"rotation":0,"texture":"#0","tintindex":0}}},{"name":"tail","from":[7.1303234,7.39925,7.4072],"to":[7.9696755,8.5407505,8.5928],"rotation":{"angle":-45.0,"axis":"z","origin":[8.0,8.0,8.0]},"faces":{"down":{"uv":[6.375,10.375,6.25,10.625],"rotation":0,"texture":"#0","tintindex":0},"east":{"uv":[2.875,10.25,3.125,10.5],"rotation":0,"texture":"#0","tintindex":0},"north":{"uv":[5.875,10.375,6.0,10.625],"rotation":0,"texture":"#0","tintindex":0},"south":{"uv":[6.0,10.375,6.125,10.625],"rotation":0,"texture":"#0","tintindex":0},"up":{"uv":[6.25,10.625,6.125,10.375],"rotation":0,"texture":"#0","tintindex":0},"west":{"uv":[3.125,10.25,3.375,10.5],"rotation":0,"texture":"#0","tintindex":0}}}],"display":{"head":{"translation":[0.0,-6.4,0.0],"rotation":[0.0,0.0,0.0],"scale":[3.8095,3.8095,3.8095]}}}