{"textures":{"0":"modelengine:entity/sky"},"elements":[{"name":"cube","from":[8.305231,5.29961,7.4249],"to":[9.828032,6.0448103,9.1502],"rotation":{"angle":0.0,"axis":"x","origin":[8.880332,5.87471,8.0]},"faces":{"down":{"uv":[9.75,1.625,9.375,2.0],"rotation":0,"texture":"#0","tintindex":0},"east":{"uv":[10.25,6.125,10.625,6.25],"rotation":0,"texture":"#0","tintindex":0},"north":{"uv":[5.875,10.25,6.25,10.375],"rotation":0,"texture":"#0","tintindex":0},"south":{"uv":[6.25,10.25,6.625,10.375],"rotation":0,"texture":"#0","tintindex":0},"up":{"uv":[9.75,1.625,9.375,1.25],"rotation":0,"texture":"#0","tintindex":0},"west":{"uv":[10.25,6.25,10.625,6.375],"rotation":0,"texture":"#0","tintindex":0}}}],"display":{"head":{"translation":[0.0,-6.4,0.0],"rotation":[0.0,0.0,0.0],"scale":[3.8095,3.8095,3.8095]}}}