{"textures":{"0":"modelengine:entity/sky"},"elements":[{"name":"cube","from":[8.7344,7.3949,7.379],"to":[9.3095,7.8974,7.9541],"rotation":{"angle":0.0,"axis":"x","origin":[9.02195,7.5261497,7.61255]},"faces":{"down":{"uv":[10.875,6.625,10.75,6.75],"rotation":0,"texture":"#0","tintindex":0},"east":{"uv":[10.75,6.375,10.875,6.5],"rotation":0,"texture":"#0","tintindex":0},"north":{"uv":[6.375,10.75,6.5,10.875],"rotation":0,"texture":"#0","tintindex":0},"south":{"uv":[6.5,10.75,6.625,10.875],"rotation":0,"texture":"#0","tintindex":0},"up":{"uv":[6.75,10.875,6.625,10.75],"rotation":0,"texture":"#0","tintindex":0},"west":{"uv":[10.75,6.5,10.875,6.625],"rotation":0,"texture":"#0","tintindex":0}}},{"name":"cube","from":[8.7344,7.3949,7.9649],"to":[9.4796,7.9649,8.648],"rotation":{"angle":0.0,"axis":"x","origin":[7.9891996,8.0,7.9649]},"faces":{"down":{"uv":[10.875,7.0,10.75,7.125],"rotation":0,"texture":"#0","tintindex":0},"east":{"uv":[10.75,6.75,10.875,6.875],"rotation":0,"texture":"#0","tintindex":0},"north":{"uv":[6.75,10.75,6.875,10.875],"rotation":0,"texture":"#0","tintindex":0},"south":{"uv":[6.875,10.75,7.0,10.875],"rotation":0,"texture":"#0","tintindex":0},"up":{"uv":[7.125,10.875,7.0,10.75],"rotation":0,"texture":"#0","tintindex":0},"west":{"uv":[10.75,6.875,10.875,7.0],"rotation":0,"texture":"#0","tintindex":0}}},{"name":"cube","from":[8.7344,7.3949,8.675],"to":[9.3095,7.8974,9.2501],"rotation":{"angle":0.0,"axis":"x","origin":[9.02195,7.5261497,8.82755]},"faces":{"down":{"uv":[10.875,8.125,10.75,8.25],"rotation":0,"texture":"#0","tintindex":0},"east":{"uv":[10.75,7.875,10.875,8.0],"rotation":0,"texture":"#0","tintindex":0},"north":{"uv":[7.875,10.75,8.0,10.875],"rotation":0,"texture":"#0","tintindex":0},"south":{"uv":[8.0,10.75,8.125,10.875],"rotation":0,"texture":"#0","tintindex":0},"up":{"uv":[8.25,10.875,8.125,10.75],"rotation":0,"texture":"#0","tintindex":0},"west":{"uv":[10.75,8.0,10.875,8.125],"rotation":0,"texture":"#0","tintindex":0}}}],"display":{"head":{"translation":[0.0,-6.4,0.0],"rotation":[0.0,0.0,0.0],"scale":[3.8095,3.8095,3.8095]}}}