{"textures":{"0":"modelengine:entity/sky"},"elements":[{"name":"cube","from":[6.9486556,3.5007317,7.5599],"to":[8.263855,7.2789316,9.0152],"rotation":{"angle":22.5,"axis":"z","origin":[7.6887555,6.0036316,8.0]},"faces":{"down":{"uv":[10.375,5.125,10.125,5.375],"rotation":0,"texture":"#0","tintindex":0},"east":{"uv":[6.5,3.0,6.75,3.75],"rotation":0,"texture":"#0","tintindex":0},"north":{"uv":[3.125,6.0,3.375,6.75],"rotation":0,"texture":"#0","tintindex":0},"south":{"uv":[3.625,8.5,3.875,9.25],"rotation":0,"texture":"#0","tintindex":0},"up":{"uv":[5.125,10.375,4.875,10.125],"rotation":0,"texture":"#0","tintindex":0},"west":{"uv":[3.875,8.875,4.125,9.625],"rotation":0,"texture":"#0","tintindex":0}}}],"display":{"head":{"translation":[0.0,-6.4,0.0],"rotation":[0.0,0.0,0.0],"scale":[3.8095,3.8095,3.8095]}}}