{"textures":{"0":"modelengine:entity/sky"},"elements":[{"name":"cube","from":[7.8660727,4.9654474,7.13735],"to":[9.621372,8.060848,8.86265],"rotation":{"angle":-22.5,"axis":"z","origin":[9.046272,6.565647,7.71245]},"faces":{"down":{"uv":[9.75,6.5,9.375,6.875],"rotation":0,"texture":"#0","tintindex":0},"east":{"uv":[4.375,8.5,4.75,9.125],"rotation":0,"texture":"#0","tintindex":0},"north":{"uv":[3.25,8.5,3.625,9.125],"rotation":0,"texture":"#0","tintindex":0},"south":{"uv":[8.5,4.375,8.875,5.0],"rotation":0,"texture":"#0","tintindex":0},"up":{"uv":[9.75,4.25,9.375,3.875],"rotation":0,"texture":"#0","tintindex":0},"west":{"uv":[4.75,8.5,5.125,9.125],"rotation":0,"texture":"#0","tintindex":0}}}],"display":{"head":{"translation":[0.0,-6.4,0.0],"rotation":[0.0,0.0,0.0],"scale":[3.8095,3.8095,3.8095]}}}