{"textures":{"0":"modelengine:entity/sky"},"elements":[{"name":"cube","from":[8.17745,7.92875,7.98245],"to":[8.48255,8.10125,8.28755],"rotation":{"angle":0.0,"axis":"x","origin":[8.0,8.0,8.0]},"faces":{"down":{"uv":[10.875,7.75,10.75,7.875],"rotation":0,"texture":"#0","tintindex":0},"east":{"uv":[10.75,7.5,10.875,7.625],"rotation":0,"texture":"#0","tintindex":0},"north":{"uv":[7.5,10.75,7.625,10.875],"rotation":0,"texture":"#0","tintindex":0},"south":{"uv":[7.625,10.75,7.75,10.875],"rotation":0,"texture":"#0","tintindex":0},"up":{"uv":[7.875,10.875,7.75,10.75],"rotation":0,"texture":"#0","tintindex":0},"west":{"uv":[10.75,7.625,10.875,7.75],"rotation":0,"texture":"#0","tintindex":0}}},{"name":"cube","from":[8.31245,7.92875,7.27235],"to":[8.65265,8.16875,7.68545],"rotation":{"angle":0.0,"axis":"x","origin":[6.96725,8.47385,7.13735]},"faces":{"down":{"uv":[10.875,7.375,10.75,7.5],"rotation":0,"texture":"#0","tintindex":0},"east":{"uv":[10.75,7.125,10.875,7.25],"rotation":0,"texture":"#0","tintindex":0},"north":{"uv":[7.125,10.75,7.25,10.875],"rotation":0,"texture":"#0","tintindex":0},"south":{"uv":[7.25,10.75,7.375,10.875],"rotation":0,"texture":"#0","tintindex":0},"up":{"uv":[7.5,10.875,7.375,10.75],"rotation":0,"texture":"#0","tintindex":0},"west":{"uv":[10.75,7.25,10.875,7.375],"rotation":0,"texture":"#0","tintindex":0}}},{"name":"cube","from":[8.120792,7.92875,6.6863003],"to":[8.425892,8.10125,6.9914],"rotation":{"angle":0.0,"axis":"x","origin":[8.348341,8.0,6.73235]},"faces":{"down":{"uv":[10.875,6.25,10.75,6.375],"rotation":0,"texture":"#0","tintindex":0},"east":{"uv":[10.75,6.0,10.875,6.125],"rotation":0,"texture":"#0","tintindex":0},"north":{"uv":[6.0,10.75,6.125,10.875],"rotation":0,"texture":"#0","tintindex":0},"south":{"uv":[6.125,10.75,6.25,10.875],"rotation":0,"texture":"#0","tintindex":0},"up":{"uv":[6.375,10.875,6.25,10.75],"rotation":0,"texture":"#0","tintindex":0},"west":{"uv":[10.75,6.125,10.875,6.25],"rotation":0,"texture":"#0","tintindex":0}}}],"display":{"head":{"translation":[0.0,-6.4,0.0],"rotation":[0.0,0.0,0.0],"scale":[3.8095,3.8095,3.8095]}}}