{"textures":{"0":"modelengine:entity/sky"},"elements":[{"name":"flügelstoff","from":[3.7009835,8.0315,6.894819],"to":[7.045984,8.0315,9.954819],"rotation":{"angle":45.0,"axis":"y","origin":[7.459576,8.01275,8.050912]},"faces":{"down":{"uv":[8.25,5.75,7.5,5.125],"rotation":0,"texture":"#0","tintindex":0},"east":{"uv":[0.625,0.0,0.0,0.0],"rotation":0,"texture":"#0","tintindex":0},"north":{"uv":[0.75,0.0,0.0,0.0],"rotation":0,"texture":"#0","tintindex":0},"south":{"uv":[0.75,0.0,0.0,0.0],"rotation":0,"texture":"#0","tintindex":0},"up":{"uv":[8.25,3.0,7.5,3.625],"rotation":0,"texture":"#0","tintindex":0},"west":{"uv":[0.625,0.0,0.0,0.0],"rotation":0,"texture":"#0","tintindex":0}}},{"name":"flügel metall","from":[7.10818,7.6415,9.514494],"to":[7.7081804,8.346499,10.114493],"rotation":{"angle":45.0,"axis":"y","origin":[7.459576,8.01275,8.050912]},"faces":{"down":{"uv":[10.875,2.25,10.75,2.125],"rotation":0,"texture":"#0","tintindex":0},"east":{"uv":[10.875,1.875,10.75,2.0],"rotation":0,"texture":"#0","tintindex":0},"north":{"uv":[2.125,10.75,2.0,10.875],"rotation":0,"texture":"#0","tintindex":0},"south":{"uv":[2.0,10.75,1.875,10.875],"rotation":0,"texture":"#0","tintindex":0},"up":{"uv":[2.25,10.75,2.125,10.875],"rotation":0,"texture":"#0","tintindex":0},"west":{"uv":[10.875,2.0,10.75,2.125],"rotation":0,"texture":"#0","tintindex":0}}},{"name":"flügel metall","from":[6.6997347,7.7015,8.942335],"to":[7.299735,8.3015,13.067335],"rotation":{"angle":-45.0,"axis":"y","origin":[6.999735,8.001499,11.004835]},"faces":{"down":{"uv":[8.5,10.375,8.375,9.5],"rotation":0,"texture":"#0","tintindex":0},"east":{"uv":[8.375,9.5,7.5,9.625],"rotation":0,"texture":"#0","tintindex":0},"north":{"uv":[10.875,1.625,10.75,1.75],"rotation":0,"texture":"#0","tintindex":0},"south":{"uv":[1.75,10.75,1.625,10.875],"rotation":0,"texture":"#0","tintindex":0},"up":{"uv":[4.875,9.5,4.75,10.375],"rotation":0,"texture":"#0","tintindex":0},"west":{"uv":[10.375,7.75,9.5,7.875],"rotation":0,"texture":"#0","tintindex":0}}}],"display":{"head":{"translation":[0.0,-6.4,0.0],"rotation":[0.0,0.0,0.0],"scale":[3.8095,3.8095,3.8095]}}}