{"textures":{"0":"modelengine:entity/sky"},"elements":[{"name":"flügelstoff","from":[5.355274,8.0465,6.173559],"to":[8.415275,8.0465,9.758558],"rotation":{"angle":0.0,"axis":"x","origin":[7.459576,8.01275,8.050912]},"faces":{"down":{"uv":[8.125,3.0,7.5,2.25],"rotation":0,"texture":"#0","tintindex":0},"east":{"uv":[0.75,0.0,0.0,0.0],"rotation":0,"texture":"#0","tintindex":0},"north":{"uv":[0.625,0.0,0.0,0.0],"rotation":0,"texture":"#0","tintindex":0},"south":{"uv":[0.625,0.0,0.0,0.0],"rotation":0,"texture":"#0","tintindex":0},"up":{"uv":[7.75,0.75,7.125,1.5],"rotation":0,"texture":"#0","tintindex":0},"west":{"uv":[0.75,0.0,0.0,0.0],"rotation":0,"texture":"#0","tintindex":0}}},{"name":"flügel metall","from":[8.310274,7.7465,6.173559],"to":[8.670275,8.2715,9.758558],"rotation":{"angle":0.0,"axis":"x","origin":[7.459576,8.01275,8.050912]},"faces":{"down":{"uv":[8.375,10.375,8.25,9.625],"rotation":0,"texture":"#0","tintindex":0},"east":{"uv":[10.5,0.625,9.75,0.75],"rotation":0,"texture":"#0","tintindex":0},"north":{"uv":[10.875,1.5,10.75,1.625],"rotation":0,"texture":"#0","tintindex":0},"south":{"uv":[1.625,10.75,1.5,10.875],"rotation":0,"texture":"#0","tintindex":0},"up":{"uv":[8.25,9.625,8.125,10.375],"rotation":0,"texture":"#0","tintindex":0},"west":{"uv":[10.5,0.75,9.75,0.875],"rotation":0,"texture":"#0","tintindex":0}}}],"display":{"head":{"translation":[0.0,-6.4,0.0],"rotation":[0.0,0.0,0.0],"scale":[3.8095,3.8095,3.8095]}}}