{
  "parent": "minecraft:item/generated",
  "textures": {
    "layer0": "minecraft:item/gold_nugget"
  },
  "overrides": [
    { "predicate": { "custom_model_data": 1 }, "model": "wardrobe_props:cushion_bench_blue" },
	{ "predicate": { "custom_model_data": 2 }, "model": "wardrobe_props:cushion_bench_green" },
	{ "predicate": { "custom_model_data": 3 }, "model": "wardrobe_props:cushion_bench_red" },
	{ "predicate": { "custom_model_data": 4 }, "model": "wardrobe_props:cushion_chair_blue" },
	{ "predicate": { "custom_model_data": 5 }, "model": "wardrobe_props:cushion_chair_green" },
	{ "predicate": { "custom_model_data": 6 }, "model": "wardrobe_props:cushion_chair_red" },
	{ "predicate": { "custom_model_data": 7 }, "model": "wardrobe_props:cushion_stool_blue" },
	{ "predicate": { "custom_model_data": 8 }, "model": "wardrobe_props:cushion_stool_green" },
	{ "predicate": { "custom_model_data": 9 }, "model": "wardrobe_props:cushion_stool_red" },
	{ "predicate": { "custom_model_data": 10 }, "model": "wardrobe_props:cushion_stool_wide_blue" },
	{ "predicate": { "custom_model_data": 11 }, "model": "wardrobe_props:cushion_stool_wide_green" },
	{ "predicate": { "custom_model_data": 12 }, "model": "wardrobe_props:cushion_stool_wide_red" },
	{ "predicate": { "custom_model_data": 13 }, "model": "wardrobe_props:curtains_2x_left_blue" },
	{ "predicate": { "custom_model_data": 14 }, "model": "wardrobe_props:curtains_2x_left_green" },
	{ "predicate": { "custom_model_data": 15 }, "model": "wardrobe_props:curtains_2x_left_red" },
	{ "predicate": { "custom_model_data": 16 }, "model": "wardrobe_props:curtains_2x_middle_blue" },
	{ "predicate": { "custom_model_data": 17 }, "model": "wardrobe_props:curtains_2x_middle_green" },
	{ "predicate": { "custom_model_data": 18 }, "model": "wardrobe_props:curtains_2x_middle_red" },
	{ "predicate": { "custom_model_data": 19 }, "model": "wardrobe_props:curtains_2x_right_blue" },
	{ "predicate": { "custom_model_data": 20 }, "model": "wardrobe_props:curtains_2x_right_green" },
	{ "predicate": { "custom_model_data": 21 }, "model": "wardrobe_props:curtains_2x_right_red" },
	{ "predicate": { "custom_model_data": 22 }, "model": "wardrobe_props:curtains_2x_rod" },
	{ "predicate": { "custom_model_data": 23 }, "model": "wardrobe_props:curtains_3x_left_blue" },
	{ "predicate": { "custom_model_data": 24 }, "model": "wardrobe_props:curtains_3x_left_green" },
	{ "predicate": { "custom_model_data": 25 }, "model": "wardrobe_props:curtains_3x_left_red" },
	{ "predicate": { "custom_model_data": 26 }, "model": "wardrobe_props:curtains_3x_middle_blue" },
	{ "predicate": { "custom_model_data": 27 }, "model": "wardrobe_props:curtains_3x_middle_green" },
	{ "predicate": { "custom_model_data": 28 }, "model": "wardrobe_props:curtains_3x_middle_red" },
	{ "predicate": { "custom_model_data": 29 }, "model": "wardrobe_props:curtains_3x_right_blue" },
	{ "predicate": { "custom_model_data": 30 }, "model": "wardrobe_props:curtains_3x_right_green" },
	{ "predicate": { "custom_model_data": 31 }, "model": "wardrobe_props:curtains_3x_right_red" },
	{ "predicate": { "custom_model_data": 32 }, "model": "wardrobe_props:curtains_3x_rod" },
	{ "predicate": { "custom_model_data": 33 }, "model": "wardrobe_props:dresser" },
	{ "predicate": { "custom_model_data": 34 }, "model": "wardrobe_props:hanging_rack_green_purple" },
	{ "predicate": { "custom_model_data": 35 }, "model": "wardrobe_props:hanging_rack_red_blue" },
	{ "predicate": { "custom_model_data": 36 }, "model": "wardrobe_props:mannequin" },
	{ "predicate": { "custom_model_data": 37 }, "model": "wardrobe_props:mannequin_cheer" },
	{ "predicate": { "custom_model_data": 38 }, "model": "wardrobe_props:mannequin_walking" },
	{ "predicate": { "custom_model_data": 39 }, "model": "wardrobe_props:mirror_standing" },
	{ "predicate": { "custom_model_data": 40 }, "model": "wardrobe_props:mirror_wall" },
	{ "predicate": { "custom_model_data": 41 }, "model": "wardrobe_props:scissors" },
	{ "predicate": { "custom_model_data": 42 }, "model": "wardrobe_props:shirt_blue" },
	{ "predicate": { "custom_model_data": 43 }, "model": "wardrobe_props:shirt_green" },
	{ "predicate": { "custom_model_data": 44 }, "model": "wardrobe_props:shirt_red" },
	{ "predicate": { "custom_model_data": 45 }, "model": "wardrobe_props:sock_pile_blue" },
	{ "predicate": { "custom_model_data": 46 }, "model": "wardrobe_props:sock_pile_green" },
	{ "predicate": { "custom_model_data": 47 }, "model": "wardrobe_props:sock_pile_red" },
	{ "predicate": { "custom_model_data": 48 }, "model": "wardrobe_props:thread_blue" },
	{ "predicate": { "custom_model_data": 49 }, "model": "wardrobe_props:thread_purple" },
	{ "predicate": { "custom_model_data": 50 }, "model": "wardrobe_props:thread_red" },
	{ "predicate": { "custom_model_data": 51 }, "model": "wardrobe_props:wardrobe" },
	{ "predicate": { "custom_model_data": 52 }, "model": "wardrobe_props:cushion_bench_tint" },
	{ "predicate": { "custom_model_data": 53 }, "model": "wardrobe_props:cushion_chair_tint" },
	{ "predicate": { "custom_model_data": 54 }, "model": "wardrobe_props:cushion_stool_tint" },
	{ "predicate": { "custom_model_data": 55 }, "model": "wardrobe_props:cushion_stool_wide_tint" },
	{ "predicate": { "custom_model_data": 56 }, "model": "wardrobe_props:cushion_stool_wide_tint" },
	{ "predicate": { "custom_model_data": 57 }, "model": "wardrobe_props:curtains_2x_left_tint" },
	{ "predicate": { "custom_model_data": 58 }, "model": "wardrobe_props:curtains_2x_middle_tint" },
	{ "predicate": { "custom_model_data": 59 }, "model": "wardrobe_props:curtains_2x_right_tint" },
	{ "predicate": { "custom_model_data": 60 }, "model": "wardrobe_props:curtains_3x_left_tint" },
	{ "predicate": { "custom_model_data": 61 }, "model": "wardrobe_props:curtains_3x_middle_tint" },
	{ "predicate": { "custom_model_data": 62 }, "model": "wardrobe_props:curtains_3x_right_tint" },
	{ "predicate": { "custom_model_data": 63 }, "model": "wardrobe_props:hanging_rack_tint" },
	{ "predicate": { "custom_model_data": 64 }, "model": "wardrobe_props:shirt_tint" },
	{ "predicate": { "custom_model_data": 65 }, "model": "wardrobe_props:thread_tint" }
  ]
}