{
  "parent": "minecraft:item/generated",
  "textures": {
    "layer0": "minecraft:item/gold_nugget"
  },
  "overrides": [
    { "predicate": { "custom_model_data": 1 }, "model": "wardrobe_props:cushion_bench_blue" },
	{ "predicate": { "custom_model_data": 2 }, "model": "wardrobe_props:cushion_bench_green" },
	{ "predicate": { "custom_model_data": 3 }, "model": "wardrobe_props:cushion_bench_red" },
	{ "predicate": { "custom_model_data": 4 }, "model": "wardrobe_props:cushion_chair_blue" },
	{ "predicate": { "custom_model_data": 5 }, "model": "wardrobe_props:cushion_chair_green" },
	{ "predicate": { "custom_model_data": 6 }, "model": "wardrobe_props:cushion_chair_red" },
	{ "predicate": { "custom_model_data": 7 }, "model": "wardrobe_props:cushion_stool_blue" },
	{ "predicate": { "custom_model_data": 8 }, "model": "wardrobe_props:cushion_stool_green" },
	{ "predicate": { "custom_model_data": 9 }, "model": "wardrobe_props:cushion_stool_red" },
	{ "predicate": { "custom_model_data": 10 }, "model": "wardrobe_props:cushion_stool_wide_blue" },
	{ "predicate": { "custom_model_data": 11 }, "model": "wardrobe_props:cushion_stool_wide_green" },
	{ "predicate": { "custom_model_data": 12 }, "model": "wardrobe_props:cushion_stool_wide_red" },
	{ "predicate": { "custom_model_data": 13 }, "model": "wardrobe_props:curtains_2x_left_blue" },
	{ "predicate": { "custom_model_data": 14 }, "model": "wardrobe_props:curtains_2x_left_green" },
	{ "predicate": { "custom_model_data": 15 }, "model": "wardrobe_props:curtains_2x_left_red" },
	{ "predicate": { "custom_model_data": 16 }, "model": "wardrobe_props:curtains_2x_middle_blue" },
	{ "predicate": { "custom_model_data": 17 }, "model": "wardrobe_props:curtains_2x_middle_green" },
	{ "predicate": { "custom_model_data": 18 }, "model": "wardrobe_props:curtains_2x_middle_red" },
	{ "predicate": { "custom_model_data": 19 }, "model": "wardrobe_props:curtains_2x_right_blue" },
	{ "predicate": { "custom_model_data": 20 }, "model": "wardrobe_props:curtains_2x_right_green" },
	{ "predicate": { "custom_model_data": 21 }, "model": "wardrobe_props:curtains_2x_right_red" },
	{ "predicate": { "custom_model_data": 22 }, "model": "wardrobe_props:curtains_2x_rod" },
	{ "predicate": { "custom_model_data": 23 }, "model": "wardrobe_props:curtains_3x_left_blue" },
	{ "predicate": { "custom_model_data": 24 }, "model": "wardrobe_props:curtains_3x_left_green" },
	{ "predicate": { "custom_model_data": 25 }, "model": "wardrobe_props:curtains_3x_left_red" },
	{ "predicate": { "custom_model_data": 26 }, "model": "wardrobe_props:curtains_3x_middle_blue" },
	{ "predicate": { "custom_model_data": 27 }, "model": "wardrobe_props:curtains_3x_middle_green" },
	{ "predicate": { "custom_model_data": 28 }, "model": "wardrobe_props:curtains_3x_middle_red" },
	{ "predicate": { "custom_model_data": 29 }, "model": "wardrobe_props:curtains_3x_right_blue" },
	{ "predicate": { "custom_model_data": 30 }, "model": "wardrobe_props:curtains_3x_right_green" },
	{ "predicate": { "custom_model_data": 31 }, "model": "wardrobe_props:curtains_3x_right_red" },
	{ "predicate": { "custom_model_data": 32 }, "model": "wardrobe_props:curtains_3x_rod" },
	{ "predicate": { "custom_model_data": 33 }, "model": "wardrobe_props:dresser" },
	{ "predicate": { "custom_model_data": 34 }, "model": "wardrobe_props:hanging_rack_green_purple" },
	{ "predicate": { "custom_model_data": 35 }, "model": "wardrobe_props:hanging_rack_red_blue" },
	{ "predicate": { "custom_model_data": 36 }, "model": "wardrobe_props:mannequin" },
	{ "predicate": { "custom_model_data": 37 }, "model": "wardrobe_props:mannequin_cheer" },
	{ "predicate": { "custom_model_data": 38 }, "model": "wardrobe_props:mannequin_walking" },
	{ "predicate": { "custom_model_data": 39 }, "model": "wardrobe_props:mirror_standing" },
	{ "predicate": { "custom_model_data": 40 }, "model": "wardrobe_props:mirror_wall" },
	{ "predicate": { "custom_model_data": 41 }, "model": "wardrobe_props:scissors" },
	{ "predicate": { "custom_model_data": 42 }, "model": "wardrobe_props:shirt_blue" },
	{ "predicate": { "custom_model_data": 43 }, "model": "wardrobe_props:shirt_green" },
	{ "predicate": { "custom_model_data": 44 }, "model": "wardrobe_props:shirt_red" },
	{ "predicate": { "custom_model_data": 45 }, "model": "wardrobe_props:sock_pile_blue" },
	{ "predicate": { "custom_model_data": 46 }, "model": "wardrobe_props:sock_pile_green" },
	{ "predicate": { "custom_model_data": 47 }, "model": "wardrobe_props:sock_pile_red" },
	{ "predicate": { "custom_model_data": 48 }, "model": "wardrobe_props:thread_blue" },
	{ "predicate": { "custom_model_data": 49 }, "model": "wardrobe_props:thread_purple" },
	{ "predicate": { "custom_model_data": 50 }, "model": "wardrobe_props:thread_red" },
	{ "predicate": { "custom_model_data": 51 }, "model": "wardrobe_props:wardrobe" },
	{ "predicate": { "custom_model_data": 52 }, "model": "wardrobe_props:cushion_bench_tint" },
	{ "predicate": { "custom_model_data": 53 }, "model": "wardrobe_props:cushion_chair_tint" },
	{ "predicate": { "custom_model_data": 54 }, "model": "wardrobe_props:cushion_stool_tint" },
	{ "predicate": { "custom_model_data": 55 }, "model": "wardrobe_props:cushion_stool_wide_tint" },
	{ "predicate": { "custom_model_data": 56 }, "model": "wardrobe_props:cushion_stool_wide_tint" },
	{ "predicate": { "custom_model_data": 57 }, "model": "wardrobe_props:curtains_2x_left_tint" },
	{ "predicate": { "custom_model_data": 58 }, "model": "wardrobe_props:curtains_2x_middle_tint" },
	{ "predicate": { "custom_model_data": 59 }, "model": "wardrobe_props:curtains_2x_right_tint" },
	{ "predicate": { "custom_model_data": 60 }, "model": "wardrobe_props:curtains_3x_left_tint" },
	{ "predicate": { "custom_model_data": 61 }, "model": "wardrobe_props:curtains_3x_middle_tint" },
	{ "predicate": { "custom_model_data": 62 }, "model": "wardrobe_props:curtains_3x_right_tint" },
	{ "predicate": { "custom_model_data": 63 }, "model": "wardrobe_props:hanging_rack_tint" },
	{ "predicate": { "custom_model_data": 64 }, "model": "wardrobe_props:shirt_tint" },
	{ "predicate": { "custom_model_data": 65 }, "model": "wardrobe_props:thread_tint" },
  { "predicate": { "custom_model_data": 66 }, "model": "cooking:chicken_kebab" },
  { "predicate": { "custom_model_data": 67 }, "model": "cooking:chicken_sandwich" },
  { "predicate": { "custom_model_data": 68 }, "model": "cooking:chocolate_bar" },
  { "predicate": { "custom_model_data": 69 }, "model": "cooking:chocolate_milk" },
  { "predicate": { "custom_model_data": 70 }, "model": "cooking:cod_sandwich" },
  { "predicate": { "custom_model_data": 71 }, "model": "cooking:cod_sushi" },
  { "predicate": { "custom_model_data": 72 }, "model": "cooking:cooking_pot" },
  { "predicate": { "custom_model_data": 73 }, "model": "cooking:cookingpoticon" },
  { "predicate": { "custom_model_data": 74 }, "model": "cooking:cotton_candy" },
  { "predicate": { "custom_model_data": 75 }, "model": "cooking:donut" },
  { "predicate": { "custom_model_data": 76 }, "model": "cooking:egg_basket" },
  { "predicate": { "custom_model_data": 77 }, "model": "cooking:failure_food" },
  { "predicate": { "custom_model_data": 78 }, "model": "cooking:fish_chips" },
  { "predicate": { "custom_model_data": 79 }, "model": "cooking:fruit_salad" },
  { "predicate": { "custom_model_data": 80 }, "model": "cooking:glazed_ham" },
  { "predicate": { "custom_model_data": 81 }, "model": "cooking:ham_sandwich" },
  { "predicate": { "custom_model_data": 82 }, "model": "cooking:lollipop" },
  { "predicate": { "custom_model_data": 83 }, "model": "cooking:milk_steak" },
  { "predicate": { "custom_model_data": 84 }, "model": "cooking:pancakes" },
  { "predicate": { "custom_model_data": 85 }, "model": "cooking:porkchops_applesauce" },
  { "predicate": { "custom_model_data": 86 }, "model": "cooking:salmon_sandwich" },
  { "predicate": { "custom_model_data": 87 }, "model": "cooking:salmon_sushi" },
  { "predicate": { "custom_model_data": 88 }, "model": "cooking:steak_eggs" },
  { "predicate": { "custom_model_data": 89 }, "model": "cooking:apple_turnover" },
  { "predicate": { "custom_model_data": 90 }, "model": "cooking:bacon_eggs" },
  { "predicate": { "custom_model_data": 91 }, "model": "cooking:beef_kebab" },
  { "predicate": { "custom_model_data": 92 }, "model": "cooking:beef_sandwich" },
  { "predicate": { "custom_model_data": 93 }, "model": "cooking:berry_milk" },
  { "predicate": { "custom_model_data": 94 }, "model": "cooking:brownie" },
  { "predicate": { "custom_model_data": 95 }, "model": "cooking:candy_apple" }
  ]
}
