{"data":228,"parent":"item/generated","textures":{"layer0":"item/leather_horse_armor"},"overrides":[{"predicate":{"custom_model_data":1},"model":"modelengine:acorn/acorn"},{"predicate":{"custom_model_data":2},"model":"modelengine:chipmunk/left_foot"},{"predicate":{"custom_model_data":3},"model":"modelengine:chipmunk/left_leg"},{"predicate":{"custom_model_data":4},"model":"modelengine:chipmunk/right_foot"},{"predicate":{"custom_model_data":5},"model":"modelengine:chipmunk/right_leg"},{"predicate":{"custom_model_data":6},"model":"modelengine:chipmunk/left_arm"},{"predicate":{"custom_model_data":7},"model":"modelengine:chipmunk/right_arm"},{"predicate":{"custom_model_data":8},"model":"modelengine:chipmunk/head"},{"predicate":{"custom_model_data":9},"model":"modelengine:chipmunk/tail3"},{"predicate":{"custom_model_data":10},"model":"modelengine:chipmunk/tail2"},{"predicate":{"custom_model_data":11},"model":"modelengine:chipmunk/tail"},{"predicate":{"custom_model_data":12},"model":"modelengine:chipmunk/upper_body"},{"predicate":{"custom_model_data":13},"model":"modelengine:chipmunk_acorn/left_foot"},{"predicate":{"custom_model_data":14},"model":"modelengine:chipmunk_acorn/left_leg"},{"predicate":{"custom_model_data":15},"model":"modelengine:chipmunk_acorn/right_foot"},{"predicate":{"custom_model_data":16},"model":"modelengine:chipmunk_acorn/right_leg"},{"predicate":{"custom_model_data":17},"model":"modelengine:chipmunk_acorn/acorn"},{"predicate":{"custom_model_data":18},"model":"modelengine:chipmunk_acorn/left_arm"},{"predicate":{"custom_model_data":19},"model":"modelengine:chipmunk_acorn/right_arm"},{"predicate":{"custom_model_data":20},"model":"modelengine:chipmunk_acorn/head"},{"predicate":{"custom_model_data":21},"model":"modelengine:chipmunk_acorn/tail3"},{"predicate":{"custom_model_data":22},"model":"modelengine:chipmunk_acorn/tail2"},{"predicate":{"custom_model_data":23},"model":"modelengine:chipmunk_acorn/tail"},{"predicate":{"custom_model_data":24},"model":"modelengine:chipmunk_acorn/upper_body"},{"predicate":{"custom_model_data":25},"model":"modelengine:deer/left_foot"},{"predicate":{"custom_model_data":26},"model":"modelengine:deer/left_ankle"},{"predicate":{"custom_model_data":27},"model":"modelengine:deer/left_leg"},{"predicate":{"custom_model_data":28},"model":"modelengine:deer/left_thigh"},{"predicate":{"custom_model_data":29},"model":"modelengine:deer/right_foot"},{"predicate":{"custom_model_data":30},"model":"modelengine:deer/right_ankle"},{"predicate":{"custom_model_data":31},"model":"modelengine:deer/right_leg"},{"predicate":{"custom_model_data":32},"model":"modelengine:deer/right_thigh"},{"predicate":{"custom_model_data":33},"model":"modelengine:deer/left_hand"},{"predicate":{"custom_model_data":34},"model":"modelengine:deer/left_wrist"},{"predicate":{"custom_model_data":35},"model":"modelengine:deer/left_arm"},{"predicate":{"custom_model_data":36},"model":"modelengine:deer/right_hand"},{"predicate":{"custom_model_data":37},"model":"modelengine:deer/right_wrist"},{"predicate":{"custom_model_data":38},"model":"modelengine:deer/right_arm"},{"predicate":{"custom_model_data":39},"model":"modelengine:deer/head"},{"predicate":{"custom_model_data":40},"model":"modelengine:deer/neck2"},{"predicate":{"custom_model_data":41},"model":"modelengine:deer/neck"},{"predicate":{"custom_model_data":42},"model":"modelengine:deer/upper_body"},{"predicate":{"custom_model_data":43},"model":"modelengine:demonic_circle/circle"},{"predicate":{"custom_model_data":44},"model":"modelengine:manscar/bone"},{"predicate":{"custom_model_data":45},"model":"modelengine:manscar/bone2"},{"predicate":{"custom_model_data":46},"model":"modelengine:mexbot-robobat/leftwing"},{"predicate":{"custom_model_data":47},"model":"modelengine:mexbot-robobat/rightwing"},{"predicate":{"custom_model_data":48},"model":"modelengine:mexbot-robobat/torso"},{"predicate":{"custom_model_data":49},"model":"modelengine:mushroom/mushroom"},{"predicate":{"custom_model_data":50},"model":"modelengine:paladin_wings/left_wing_end"},{"predicate":{"custom_model_data":51},"model":"modelengine:paladin_wings/left_wing"},{"predicate":{"custom_model_data":52},"model":"modelengine:paladin_wings/right_wing_end"},{"predicate":{"custom_model_data":53},"model":"modelengine:paladin_wings/right_wing"},{"predicate":{"custom_model_data":54},"model":"modelengine:paladin_wings/paladin_wings"},{"predicate":{"custom_model_data":55},"model":"modelengine:sky/brille"},{"predicate":{"custom_model_data":56},"model":"modelengine:sky/kopf"},{"predicate":{"custom_model_data":57},"model":"modelengine:sky/neck"},{"predicate":{"custom_model_data":58},"model":"modelengine:sky/ohr"},{"predicate":{"custom_model_data":59},"model":"modelengine:sky/ohr2"},{"predicate":{"custom_model_data":60},"model":"modelengine:sky/augen"},{"predicate":{"custom_model_data":61},"model":"modelengine:sky/mundtop"},{"predicate":{"custom_model_data":62},"model":"modelengine:sky/mundbot"},{"predicate":{"custom_model_data":63},"model":"modelengine:sky/wingl3"},{"predicate":{"custom_model_data":64},"model":"modelengine:sky/wingl2"},{"predicate":{"custom_model_data":65},"model":"modelengine:sky/wingl1"},{"predicate":{"custom_model_data":66},"model":"modelengine:sky/wingr3"},{"predicate":{"custom_model_data":67},"model":"modelengine:sky/wingr2"},{"predicate":{"custom_model_data":68},"model":"modelengine:sky/wingr1"},{"predicate":{"custom_model_data":69},"model":"modelengine:sky/part10"},{"predicate":{"custom_model_data":70},"model":"modelengine:sky/part9"},{"predicate":{"custom_model_data":71},"model":"modelengine:sky/part8"},{"predicate":{"custom_model_data":72},"model":"modelengine:sky/part7"},{"predicate":{"custom_model_data":73},"model":"modelengine:sky/part6"},{"predicate":{"custom_model_data":74},"model":"modelengine:sky/part5"},{"predicate":{"custom_model_data":75},"model":"modelengine:sky/part4"},{"predicate":{"custom_model_data":76},"model":"modelengine:sky/part3"},{"predicate":{"custom_model_data":77},"model":"modelengine:sky/part2"},{"predicate":{"custom_model_data":78},"model":"modelengine:sky/part1"},{"predicate":{"custom_model_data":79},"model":"modelengine:sky/part0"},{"predicate":{"custom_model_data":80},"model":"modelengine:sky/hinterbeinclawsr"},{"predicate":{"custom_model_data":81},"model":"modelengine:sky/hinterbeintoesr"},{"predicate":{"custom_model_data":82},"model":"modelengine:sky/hinterbeinpfoter"},{"predicate":{"custom_model_data":83},"model":"modelengine:sky/hinterbeinuntenr"},{"predicate":{"custom_model_data":84},"model":"modelengine:sky/hinterbeinmitte1r"},{"predicate":{"custom_model_data":85},"model":"modelengine:sky/hinterbeinobenr"},{"predicate":{"custom_model_data":86},"model":"modelengine:sky/hinterbeinclawsl"},{"predicate":{"custom_model_data":87},"model":"modelengine:sky/hinterbeintoesl"},{"predicate":{"custom_model_data":88},"model":"modelengine:sky/hinterbeinpfotel"},{"predicate":{"custom_model_data":89},"model":"modelengine:sky/hinterbeinuntenl"},{"predicate":{"custom_model_data":90},"model":"modelengine:sky/hinterbeinmitte1l"},{"predicate":{"custom_model_data":91},"model":"modelengine:sky/hinterbeinobenl"},{"predicate":{"custom_model_data":92},"model":"modelengine:sky/vorderbeinclawsr"},{"predicate":{"custom_model_data":93},"model":"modelengine:sky/vorderbeintoesr"},{"predicate":{"custom_model_data":94},"model":"modelengine:sky/vorderbeinpfote"},{"predicate":{"custom_model_data":95},"model":"modelengine:sky/vorderbeinmitter"},{"predicate":{"custom_model_data":96},"model":"modelengine:sky/vorderbeinobenr"},{"predicate":{"custom_model_data":97},"model":"modelengine:sky/vorderbeinclawsl"},{"predicate":{"custom_model_data":98},"model":"modelengine:sky/vorderbeintoesl"},{"predicate":{"custom_model_data":99},"model":"modelengine:sky/vorderbeinpfotel"},{"predicate":{"custom_model_data":100},"model":"modelengine:sky/vorderbeinmittel"},{"predicate":{"custom_model_data":101},"model":"modelengine:sky/vorderbeinobenl"},{"predicate":{"custom_model_data":102},"model":"modelengine:star_guardian/head"},{"predicate":{"custom_model_data":103},"model":"modelengine:star_guardian/soulfire"},{"predicate":{"custom_model_data":104},"model":"modelengine:star_guardian/left_thumb"},{"predicate":{"custom_model_data":105},"model":"modelengine:star_guardian/left_finger2"},{"predicate":{"custom_model_data":106},"model":"modelengine:star_guardian/lefthand"},{"predicate":{"custom_model_data":107},"model":"modelengine:star_guardian/left_forearm"},{"predicate":{"custom_model_data":108},"model":"modelengine:star_guardian/leftarm"},{"predicate":{"custom_model_data":109},"model":"modelengine:star_guardian/right_thumb"},{"predicate":{"custom_model_data":110},"model":"modelengine:star_guardian/right_finger3"},{"predicate":{"custom_model_data":111},"model":"modelengine:star_guardian/righthand"},{"predicate":{"custom_model_data":112},"model":"modelengine:star_guardian/right_forearm"},{"predicate":{"custom_model_data":113},"model":"modelengine:star_guardian/rightarm"},{"predicate":{"custom_model_data":114},"model":"modelengine:star_guardian/body"},{"predicate":{"custom_model_data":115},"model":"modelengine:stump/stump"},{"predicate":{"custom_model_data":116},"model":"modelengine:viking/head"},{"predicate":{"custom_model_data":117},"model":"modelengine:viking/back"},{"predicate":{"custom_model_data":118},"model":"modelengine:viking/left_foot"},{"predicate":{"custom_model_data":119},"model":"modelengine:viking/left_leg"},{"predicate":{"custom_model_data":120},"model":"modelengine:viking/right_foot"},{"predicate":{"custom_model_data":121},"model":"modelengine:viking/right_leg"},{"predicate":{"custom_model_data":122},"model":"modelengine:viking/left_hand"},{"predicate":{"custom_model_data":123},"model":"modelengine:viking/left_arm"},{"predicate":{"custom_model_data":124},"model":"modelengine:viking/right_hand"},{"predicate":{"custom_model_data":125},"model":"modelengine:viking/right_arm"},{"predicate":{"custom_model_data":126},"model":"modelengine:viking/hip"},{"predicate":{"custom_model_data":127},"model":"modelengine:viking/body"},{"predicate":{"custom_model_data":128},"model":"modelengine:viking_decor/flag4"},{"predicate":{"custom_model_data":129},"model":"modelengine:viking_decor/flag3"},{"predicate":{"custom_model_data":130},"model":"modelengine:viking_decor/flag2"},{"predicate":{"custom_model_data":131},"model":"modelengine:viking_decor/flag1"},{"predicate":{"custom_model_data":132},"model":"modelengine:viking_decor/base"},{"predicate":{"custom_model_data":133},"model":"modelengine:viking_decor2/base"},{"predicate":{"custom_model_data":134},"model":"modelengine:viking_decor3/octagon2"},{"predicate":{"custom_model_data":135},"model":"modelengine:viking_decor3/octagon"},{"predicate":{"custom_model_data":136},"model":"modelengine:viking_decor3/base"},{"predicate":{"custom_model_data":137},"model":"modelengine:viking_decor3_parts/variation1"},{"predicate":{"custom_model_data":138},"model":"modelengine:viking_decor3_parts/variation2"},{"predicate":{"custom_model_data":139},"model":"modelengine:viking_decor4/base"},{"predicate":{"custom_model_data":140},"model":"modelengine:viking_decor4_parts/var1"},{"predicate":{"custom_model_data":141},"model":"modelengine:viking_decor4_parts/var2"},{"predicate":{"custom_model_data":142},"model":"modelengine:viking_decor4_parts/var3"},{"predicate":{"custom_model_data":143},"model":"modelengine:viking_miniboss/cape1"},{"predicate":{"custom_model_data":144},"model":"modelengine:viking_miniboss/left_hand"},{"predicate":{"custom_model_data":145},"model":"modelengine:viking_miniboss/left_forearm"},{"predicate":{"custom_model_data":146},"model":"modelengine:viking_miniboss/left_arm"},{"predicate":{"custom_model_data":147},"model":"modelengine:viking_miniboss/right_hand"},{"predicate":{"custom_model_data":148},"model":"modelengine:viking_miniboss/right_forearm"},{"predicate":{"custom_model_data":149},"model":"modelengine:viking_miniboss/right_arm"},{"predicate":{"custom_model_data":150},"model":"modelengine:viking_miniboss/left_foot"},{"predicate":{"custom_model_data":151},"model":"modelengine:viking_miniboss/left_leg"},{"predicate":{"custom_model_data":152},"model":"modelengine:viking_miniboss/right_foot"},{"predicate":{"custom_model_data":153},"model":"modelengine:viking_miniboss/right_leg"},{"predicate":{"custom_model_data":154},"model":"modelengine:viking_miniboss/beard1"},{"predicate":{"custom_model_data":155},"model":"modelengine:viking_miniboss/beard2"},{"predicate":{"custom_model_data":156},"model":"modelengine:viking_miniboss/left_horn"},{"predicate":{"custom_model_data":157},"model":"modelengine:viking_miniboss/right_horn"},{"predicate":{"custom_model_data":158},"model":"modelengine:viking_miniboss/head"},{"predicate":{"custom_model_data":159},"model":"modelengine:viking_miniboss/body"},{"predicate":{"custom_model_data":160},"model":"modelengine:viking_miniboss_axe/axe"},{"predicate":{"custom_model_data":161},"model":"modelengine:viking_miniboss_axeland/axe"},{"predicate":{"custom_model_data":162},"model":"modelengine:viking_miniboss_door/doorleft"},{"predicate":{"custom_model_data":163},"model":"modelengine:viking_miniboss_door/doorright"},{"predicate":{"custom_model_data":164},"model":"modelengine:viking_miniboss_parts/left_empty"},{"predicate":{"custom_model_data":165},"model":"modelengine:viking_miniboss_parts/right_empty"},{"predicate":{"custom_model_data":166},"model":"modelengine:viking_miniboss_parts/axe"},{"predicate":{"custom_model_data":167},"model":"modelengine:viking_parts/head_1"},{"predicate":{"custom_model_data":168},"model":"modelengine:viking_parts/empty"},{"predicate":{"custom_model_data":169},"model":"modelengine:viking_parts/back_shieldaxe"},{"predicate":{"custom_model_data":170},"model":"modelengine:viking_parts/head_2"},{"predicate":{"custom_model_data":171},"model":"modelengine:viking_parts/head_3"},{"predicate":{"custom_model_data":172},"model":"modelengine:viking_parts/left_hand_shield2"},{"predicate":{"custom_model_data":173},"model":"modelengine:viking_parts/left_arm_1"},{"predicate":{"custom_model_data":174},"model":"modelengine:viking_parts/right_hand_hammer"},{"predicate":{"custom_model_data":175},"model":"modelengine:viking_parts/right_hand_mace"},{"predicate":{"custom_model_data":176},"model":"modelengine:viking_parts/right_arm_1"},{"predicate":{"custom_model_data":177},"model":"modelengine:viking_parts/body_1"},{"predicate":{"custom_model_data":178},"model":"modelengine:viking_parts/head_4"},{"predicate":{"custom_model_data":179},"model":"modelengine:viking_parts/head_5"},{"predicate":{"custom_model_data":180},"model":"modelengine:viking_parts/head_6"},{"predicate":{"custom_model_data":181},"model":"modelengine:viking_parts/head_7"},{"predicate":{"custom_model_data":182},"model":"modelengine:viking_parts/head_8"},{"predicate":{"custom_model_data":183},"model":"modelengine:viking_parts/back_shieldaxe2"},{"predicate":{"custom_model_data":184},"model":"modelengine:viking_parts/body_2"},{"predicate":{"custom_model_data":185},"model":"modelengine:viking_parts/left_hand_shield1"},{"predicate":{"custom_model_data":186},"model":"modelengine:viking_parts/left_hand_axe"},{"predicate":{"custom_model_data":187},"model":"modelengine:viking_parts/left_arm_3"},{"predicate":{"custom_model_data":188},"model":"modelengine:viking_parts/right_hand_axe"},{"predicate":{"custom_model_data":189},"model":"modelengine:viking_parts/right_arm_3"},{"predicate":{"custom_model_data":190},"model":"modelengine:viking_parts/body_3"},{"predicate":{"custom_model_data":191},"model":"modelengine:viking_parts/back_shieldhammer"},{"predicate":{"custom_model_data":192},"model":"modelengine:viking_parts/hip_hammer"},{"predicate":{"custom_model_data":193},"model":"modelengine:viking_parts/back_shield"},{"predicate":{"custom_model_data":194},"model":"modelengine:viking_parts/back_axe"},{"predicate":{"custom_model_data":195},"model":"modelengine:viking_parts/back_hammer"},{"predicate":{"custom_model_data":196},"model":"modelengine:viking_parts/hip_mace"},{"predicate":{"custom_model_data":197},"model":"modelengine:viking_rune_parts/speed"},{"predicate":{"custom_model_data":198},"model":"modelengine:viking_rune_parts/luck"},{"predicate":{"custom_model_data":199},"model":"modelengine:viking_rune_parts/blank"},{"predicate":{"custom_model_data":200},"model":"modelengine:viking_rune_power/base"},{"predicate":{"custom_model_data":201},"model":"modelengine:viking_stone_pile/stone"},{"predicate":{"custom_model_data":202},"model":"modelengine:winder/bone4"},{"predicate":{"custom_model_data":203},"model":"modelengine:winder/bone3"},{"predicate":{"custom_model_data":204},"model":"modelengine:winder/bone2"},{"predicate":{"custom_model_data":205},"model":"modelengine:winder/bone1"},{"predicate":{"custom_model_data":206},"model":"modelengine:winder/wind"},{"predicate":{"custom_model_data":207},"model":"modelengine:wolf/left_foot"},{"predicate":{"custom_model_data":208},"model":"modelengine:wolf/left_ankle"},{"predicate":{"custom_model_data":209},"model":"modelengine:wolf/left_leg"},{"predicate":{"custom_model_data":210},"model":"modelengine:wolf/left_thigh"},{"predicate":{"custom_model_data":211},"model":"modelengine:wolf/right_foot"},{"predicate":{"custom_model_data":212},"model":"modelengine:wolf/right_ankle"},{"predicate":{"custom_model_data":213},"model":"modelengine:wolf/right_leg"},{"predicate":{"custom_model_data":214},"model":"modelengine:wolf/right_thigh"},{"predicate":{"custom_model_data":215},"model":"modelengine:wolf/tail3"},{"predicate":{"custom_model_data":216},"model":"modelengine:wolf/tail2"},{"predicate":{"custom_model_data":217},"model":"modelengine:wolf/tail"},{"predicate":{"custom_model_data":218},"model":"modelengine:wolf/back_body"},{"predicate":{"custom_model_data":219},"model":"modelengine:wolf/jaw"},{"predicate":{"custom_model_data":220},"model":"modelengine:wolf/head"},{"predicate":{"custom_model_data":221},"model":"modelengine:wolf/neck"},{"predicate":{"custom_model_data":222},"model":"modelengine:wolf/left_hand"},{"predicate":{"custom_model_data":223},"model":"modelengine:wolf/left_wrist"},{"predicate":{"custom_model_data":224},"model":"modelengine:wolf/left_arm"},{"predicate":{"custom_model_data":225},"model":"modelengine:wolf/right_hand"},{"predicate":{"custom_model_data":226},"model":"modelengine:wolf/right_wrist"},{"predicate":{"custom_model_data":227},"model":"modelengine:wolf/right_arm"},{"predicate":{"custom_model_data":228},"model":"modelengine:wolf/front_body"}]}