{
   "parent":"item/generated",
   "textures":{
      "layer0":"item/paper"
   },
   "overrides":[
      {
         "predicate":{
            "custom_model_data":1801
         },
         "model":"mccosmetics:item/accessories_button"
      },
      {
         "predicate":{
            "custom_model_data":1802
         },
         "model":"mccosmetics:item/back_button"
      },
      {
         "predicate":{
            "custom_model_data":1803
         },
         "model":"mccosmetics:item/next_button"
      },
      {
         "predicate":{
            "custom_model_data":1804
         },
         "model":"mccosmetics:item/backpacks_button"
      },
      {
         "predicate":{
            "custom_model_data":1805
         },
         "model":"mccosmetics:item/comingsoon_button"
      },
      {
         "predicate":{
            "custom_model_data":1806
         },
         "model":"mccosmetics:item/emotes_button"
      },
      {
         "predicate":{
            "custom_model_data":1807
         },
         "model":"mccosmetics:item/homepage_button"
      },
      {
         "predicate":{
            "custom_model_data":1808
         },
         "model":"mccosmetics:item/offhand_button"
      },
      {
         "predicate":{
            "custom_model_data":1809
         },
         "model":"mccosmetics:item/removecosmetic_button"
      },
      {
         "predicate":{
            "custom_model_data":1810
         },
         "model":"mccosmetics:item/sprays_button"
      },
      {
         "predicate":{
            "custom_model_data":1811
         },
         "model":"mccosmetics:item/hats_button"
      }
   ]
}