{"credit":"Made with Blockbench","texture_size":[128,128],"textures":{"0":"medieval_pack:anchor_stone","particle":"medieval_pack:anchor_stone"},"elements":[{"from":[0,-4,0],"to":[16,12,16],"rotation":{"angle":22.5,"axis":"z","origin":[8,4,8]},"faces":{"north":{"uv":[2,2,4,4],"texture":"#0"},"east":{"uv":[0,2,2,4],"texture":"#0"},"south":{"uv":[6,2,8,4],"texture":"#0"},"west":{"uv":[4,2,6,4],"texture":"#0"},"up":{"uv":[4,2,2,0],"texture":"#0"},"down":{"uv":[6,0,4,2],"texture":"#0"}}},{"from":[0,8,1],"to":[15,22,15],"rotation":{"angle":0,"axis":"z","origin":[8,4,8]},"faces":{"north":{"uv":[1.75,5.75,3.625,7.5],"texture":"#0"},"east":{"uv":[0,5.75,1.75,7.5],"texture":"#0"},"south":{"uv":[5.375,5.75,7.25,7.5],"texture":"#0"},"west":{"uv":[3.625,5.75,5.375,7.5],"texture":"#0"},"up":{"uv":[3.625,5.75,1.75,4],"texture":"#0"},"down":{"uv":[5.5,4,3.625,5.75],"texture":"#0"}}},{"from":[2,22,2],"to":[13,32,14],"rotation":{"angle":22.5,"axis":"y","origin":[7.5,27,8]},"faces":{"north":{"uv":[7.25,7.5,8.625,8.75],"texture":"#0"},"east":{"uv":[5.75,7.5,7.25,8.75],"texture":"#0"},"south":{"uv":[10.125,7.5,11.5,8.75],"texture":"#0"},"west":{"uv":[8.625,7.5,10.125,8.75],"texture":"#0"},"up":{"uv":[8.625,7.5,7.25,6],"texture":"#0"},"down":{"uv":[10,6,8.625,7.5],"texture":"#0"}}},{"from":[2,20,-1],"to":[11,29,4],"faces":{"north":{"uv":[6.125,4.625,7.25,5.75],"texture":"#0"},"east":{"uv":[5.5,4.625,6.125,5.75],"texture":"#0"},"south":{"uv":[7.875,4.625,9,5.75],"texture":"#0"},"west":{"uv":[7.25,4.625,7.875,5.75],"texture":"#0"},"up":{"uv":[7.25,4.625,6.125,4],"texture":"#0"},"down":{"uv":[8.375,4,7.25,4.625],"texture":"#0"}}},{"from":[4,18,-1],"to":[9,20,1],"faces":{"north":{"uv":[0.25,0.25,0.875,0.5],"texture":"#0"},"east":{"uv":[0,0.25,0.25,0.5],"texture":"#0"},"south":{"uv":[1.125,0.25,1.75,0.5],"texture":"#0"},"west":{"uv":[0.875,0.25,1.125,0.5],"texture":"#0"},"up":{"uv":[0.875,0.25,0.25,0],"texture":"#0"},"down":{"uv":[1.5,0,0.875,0.25],"texture":"#0"}}},{"from":[4,29,-1],"to":[9,31,4],"faces":{"north":{"uv":[6.625,0.625,7.25,0.875],"texture":"#0"},"east":{"uv":[6,0.625,6.625,0.875],"texture":"#0"},"south":{"uv":[7.875,0.625,8.5,0.875],"texture":"#0"},"west":{"uv":[7.25,0.625,7.875,0.875],"texture":"#0"},"up":{"uv":[7.25,0.625,6.625,0],"texture":"#0"},"down":{"uv":[7.875,0,7.25,0.625],"texture":"#0"}}}],"display":{"thirdperson_righthand":{"translation":[0,3,0],"scale":[0.5,0.5,0.5]},"thirdperson_lefthand":{"translation":[0,3,0],"scale":[0.5,0.5,0.5]},"firstperson_righthand":{"translation":[0,4,0],"scale":[0.5,0.5,0.5]},"firstperson_lefthand":{"translation":[0,4,0],"scale":[0.5,0.5,0.5]},"ground":{"translation":[0,1,0],"scale":[0.5,0.5,0.5]},"gui":{"rotation":[45,70,0],"translation":[0,1,0],"scale":[0.5,0.5,0.5]},"head":{"rotation":[0,-180,0],"translation":[0,-14.65,0],"scale":[2.2855,2.2855,2.2855]},"fixed":{"rotation":[-90,0,0],"translation":[0,0,-16],"scale":[2,2,2]}}}