{"credit":"Made with Blockbench","textures":{"0":"block/stonecutter_bottom","1":"block/oak_log","2":"block/cracked_stone_bricks","3":"block/crying_obsidian","4":"block/polished_diorite","particle":"block/stonecutter_bottom"},"elements":[{"from":[0,0,0],"to":[16,3,16],"faces":{"north":{"uv":[0,0,16,3],"texture":"#0"},"east":{"uv":[0,0,16,3],"texture":"#0"},"south":{"uv":[0,0,16,3],"texture":"#0"},"west":{"uv":[0,0,16,3],"texture":"#0"},"up":{"uv":[0,0,16,16],"texture":"#0"},"down":{"uv":[0,0,16,16],"texture":"#0"}}},{"from":[3.75736,17.99,3.75736],"to":[5.75736,19.99,5.75736],"rotation":{"angle":45,"axis":"y","origin":[8,18.25,8]},"faces":{"north":{"uv":[2,2,4,4],"texture":"#2"},"east":{"uv":[2,2,4,4],"texture":"#2"},"south":{"uv":[2,2,4,4],"texture":"#2"},"west":{"uv":[2,2,4,4],"texture":"#2"},"up":{"uv":[2,2,4,4],"texture":"#2"},"down":{"uv":[2,2,4,4],"texture":"#2"}}},{"from":[6,25,6],"to":[10,27,10],"rotation":{"angle":45,"axis":"y","origin":[8,18.25,8]},"faces":{"north":{"uv":[0,2,4,4],"texture":"#2"},"east":{"uv":[0,2,4,4],"texture":"#2"},"south":{"uv":[0,2,4,4],"texture":"#2"},"west":{"uv":[0,2,4,4],"texture":"#2"},"up":{"uv":[0,4,4,8],"texture":"#2"},"down":{"uv":[0,4,4,8],"texture":"#2"}}},{"from":[6,24.99,6],"to":[10,26.99,10],"rotation":{"angle":0,"axis":"y","origin":[8,18.25,8]},"faces":{"north":{"uv":[0,2,4,4],"texture":"#2"},"east":{"uv":[0,2,4,4],"texture":"#2"},"south":{"uv":[0,2,4,4],"texture":"#2"},"west":{"uv":[0,2,4,4],"texture":"#2"},"up":{"uv":[0,4,4,8],"texture":"#2"},"down":{"uv":[0,4,4,8],"texture":"#2"}}},{"from":[7,19,7],"to":[9,25,9],"rotation":{"angle":0,"axis":"y","origin":[8,18.25,8]},"faces":{"north":{"uv":[0,6,2,12],"texture":"#1"},"east":{"uv":[0,6,2,12],"texture":"#1"},"south":{"uv":[0,6,2,12],"texture":"#1"},"west":{"uv":[0,6,2,12],"texture":"#1"},"up":{"uv":[0,2,2,4],"texture":"#1"},"down":{"uv":[0,2,2,4],"texture":"#1"}}},{"from":[6.11612,16.36612,6.5],"to":[10.11612,20.36612,9.5],"rotation":{"angle":45,"axis":"z","origin":[8,18.25,8]},"faces":{"north":{"uv":[0,4,4,8],"texture":"#2"},"east":{"uv":[0,4,3,8],"texture":"#2"},"south":{"uv":[0,4,4,8],"texture":"#2"},"west":{"uv":[0,4,3,8],"texture":"#2"},"up":{"uv":[0,3,4,6],"texture":"#2"},"down":{"uv":[0,3,4,6],"texture":"#2"}}},{"from":[9,18,7],"to":[13,20,9],"rotation":{"angle":0,"axis":"y","origin":[8,18.25,8]},"faces":{"north":{"uv":[0,2,4,4],"texture":"#1"},"east":{"uv":[0,2,2,4],"texture":"#1"},"south":{"uv":[0,2,4,4],"texture":"#1"},"west":{"uv":[0,2,2,4],"texture":"#1"},"up":{"uv":[0,2,4,4],"texture":"#1"},"down":{"uv":[0,2,4,4],"texture":"#1"}}},{"from":[3,18,7],"to":[7,20,9],"rotation":{"angle":0,"axis":"y","origin":[8,18.25,8]},"faces":{"north":{"uv":[0,2,4,4],"texture":"#1"},"east":{"uv":[0,2,2,4],"texture":"#1"},"south":{"uv":[0,2,4,4],"texture":"#1"},"west":{"uv":[0,2,2,4],"texture":"#1"},"up":{"uv":[0,2,4,4],"texture":"#1"},"down":{"uv":[0,2,4,4],"texture":"#1"}}},{"from":[10.24264,17.99,3.75736],"to":[12.24264,19.99,5.75736],"rotation":{"angle":-45,"axis":"y","origin":[8,18.25,8]},"faces":{"north":{"uv":[0,2,2,4],"texture":"#2"},"east":{"uv":[0,2,2,4],"texture":"#2"},"south":{"uv":[0,2,2,4],"texture":"#2"},"west":{"uv":[0,2,2,4],"texture":"#2"},"up":{"uv":[0,2,2,4],"texture":"#2"},"down":{"uv":[0,2,2,4],"texture":"#2"}}},{"from":[5,9,7.5],"to":[11,18,8.5],"rotation":{"angle":0,"axis":"y","origin":[8,18.25,8]},"faces":{"north":{"uv":[0,6,6,15],"texture":"#4"},"east":{"uv":[0,6,1,15],"texture":"#4"},"south":{"uv":[0,6,6,15],"texture":"#4"},"west":{"uv":[0,6,1,15],"texture":"#4"},"up":{"uv":[0,1,6,2],"texture":"#4"},"down":{"uv":[0,1,6,2],"texture":"#4"}}},{"from":[5,0,8],"to":[11,9,8],"rotation":{"angle":0,"axis":"y","origin":[8,18.25,8]},"faces":{"north":{"uv":[0,6,6,15],"texture":"#4"},"east":{"uv":[0,6,0,15],"texture":"#4"},"south":{"uv":[0,6,6,15],"texture":"#4"},"west":{"uv":[0,6,0,15],"texture":"#4"},"up":{"uv":[0,0,6,0],"texture":"#4"},"down":{"uv":[0,0,6,0],"texture":"#4"}}},{"from":[6.61612,16.86612,6],"to":[9.61612,19.86612,10],"rotation":{"angle":45,"axis":"z","origin":[8,18.25,8]},"faces":{"north":{"uv":[0,3,3,6],"texture":"#3"},"east":{"uv":[0,3,4,6],"texture":"#3"},"south":{"uv":[0,3,3,6],"texture":"#3"},"west":{"uv":[0,3,4,6],"texture":"#3"},"up":{"uv":[0,1,3,5],"texture":"#3"},"down":{"uv":[0,1,3,5],"texture":"#3"}}}],"display":{"thirdperson_righthand":{"translation":[0,3,0],"scale":[0.5,0.5,0.5]},"thirdperson_lefthand":{"translation":[0,3,0],"scale":[0.5,0.5,0.5]},"firstperson_righthand":{"translation":[0,4,0],"scale":[0.5,0.5,0.5]},"firstperson_lefthand":{"translation":[0,4,0],"scale":[0.5,0.5,0.5]},"ground":{"translation":[0,1,0],"scale":[0.5,0.5,0.5]},"gui":{"rotation":[45,70,0],"translation":[0,1,0],"scale":[0.5,0.5,0.5]},"head":{"rotation":[0,-180,0],"translation":[0,-14.65,0],"scale":[2.2855,2.2855,2.2855]}},"groups":[0,{"name":"group","origin":[8,10,8],"children":[1,2,3,4,5,6,7,8,9,10,11]}]}