{"credit":"Made with Blockbench","textures":{"0":"block/birch_planks","1":"block/birch_log","particle":"block/birch_planks"},"elements":[{"from":[5,0,13],"to":[11,2,16],"rotation":{"angle":0,"axis":"y","origin":[8,8,14.5]},"faces":{"north":{"uv":[0,0,6,2],"texture":"#0"},"east":{"uv":[0,0,3,2],"texture":"#0"},"south":{"uv":[0,0,6,2],"texture":"#0"},"west":{"uv":[0,0,3,2],"texture":"#0"},"up":{"uv":[0,0,6,3],"texture":"#0"},"down":{"uv":[0,0,6,3],"texture":"#0"}}},{"from":[0,5,13],"to":[2,11,16],"rotation":{"angle":0,"axis":"z","origin":[8,8,14.5]},"faces":{"north":{"uv":[0,0,6,2],"rotation":270,"texture":"#0"},"east":{"uv":[0,0,6,3],"rotation":90,"texture":"#0"},"south":{"uv":[0,0,6,2],"rotation":90,"texture":"#0"},"west":{"uv":[0,0,6,3],"rotation":90,"texture":"#0"},"up":{"uv":[0,0,3,2],"rotation":90,"texture":"#0"},"down":{"uv":[0,0,3,2],"rotation":90,"texture":"#0"}}},{"from":[2,7,14],"to":[14,9,15],"rotation":{"angle":0,"axis":"z","origin":[8,8,14.5]},"faces":{"north":{"uv":[0,0,2,12],"rotation":270,"texture":"#1"},"east":{"uv":[0,0,2,1],"rotation":90,"texture":"#1"},"south":{"uv":[0,0,2,12],"rotation":90,"texture":"#1"},"west":{"uv":[0,0,2,1],"rotation":90,"texture":"#1"},"up":{"uv":[0,0,1,12],"rotation":90,"texture":"#1"},"down":{"uv":[0,0,1,12],"rotation":90,"texture":"#1"}}},{"from":[7,2,13.99],"to":[9,14,14.99],"rotation":{"angle":0,"axis":"z","origin":[8,8,14.5]},"faces":{"north":{"uv":[0,0,12,2],"rotation":270,"texture":"#1"},"east":{"uv":[0,0,12,1],"rotation":90,"texture":"#1"},"south":{"uv":[0,0,12,2],"rotation":90,"texture":"#1"},"west":{"uv":[0,0,12,1],"rotation":90,"texture":"#1"},"up":{"uv":[0,0,1,2],"rotation":90,"texture":"#1"},"down":{"uv":[0,0,1,2],"rotation":90,"texture":"#1"}}},{"from":[5,14,13],"to":[11,16,16],"rotation":{"angle":0,"axis":"z","origin":[8,8,14.5]},"faces":{"north":{"uv":[0,0,6,2],"rotation":180,"texture":"#0"},"east":{"uv":[0,0,3,2],"rotation":180,"texture":"#0"},"south":{"uv":[0,0,6,2],"rotation":180,"texture":"#0"},"west":{"uv":[0,0,3,2],"rotation":180,"texture":"#0"},"up":{"uv":[0,0,6,3],"rotation":180,"texture":"#0"},"down":{"uv":[0,0,6,3],"rotation":180,"texture":"#0"}}},{"from":[14,5,13],"to":[16,11,16],"rotation":{"angle":0,"axis":"z","origin":[8,8,14.5]},"faces":{"north":{"uv":[0,0,6,2],"rotation":90,"texture":"#0"},"east":{"uv":[0,0,6,3],"rotation":270,"texture":"#0"},"south":{"uv":[0,0,6,2],"rotation":270,"texture":"#0"},"west":{"uv":[0,0,6,3],"rotation":270,"texture":"#0"},"up":{"uv":[0,0,3,2],"rotation":270,"texture":"#0"},"down":{"uv":[0,0,3,2],"rotation":270,"texture":"#0"}}},{"from":[5,0,12.99],"to":[11,2,15.99],"rotation":{"angle":-45,"axis":"z","origin":[8,8,14.5]},"faces":{"north":{"uv":[0,0,6,2],"texture":"#0"},"east":{"uv":[0,0,3,2],"texture":"#0"},"south":{"uv":[0,0,6,2],"texture":"#0"},"west":{"uv":[0,0,3,2],"texture":"#0"},"up":{"uv":[0,0,6,3],"texture":"#0"},"down":{"uv":[0,0,6,3],"texture":"#0"}}},{"from":[0,5,12.99],"to":[2,11,15.99],"rotation":{"angle":-45,"axis":"z","origin":[8,8,14.5]},"faces":{"north":{"uv":[0,0,6,2],"rotation":270,"texture":"#0"},"east":{"uv":[0,0,6,3],"rotation":90,"texture":"#0"},"south":{"uv":[0,0,6,2],"rotation":90,"texture":"#0"},"west":{"uv":[0,0,6,3],"rotation":90,"texture":"#0"},"up":{"uv":[0,0,3,2],"rotation":90,"texture":"#0"},"down":{"uv":[0,0,3,2],"rotation":90,"texture":"#0"}}},{"from":[5,14,12.99],"to":[11,16,15.99],"rotation":{"angle":-45,"axis":"z","origin":[8,8,14.5]},"faces":{"north":{"uv":[0,0,6,2],"rotation":180,"texture":"#0"},"east":{"uv":[0,0,3,2],"rotation":180,"texture":"#0"},"south":{"uv":[0,0,6,2],"rotation":180,"texture":"#0"},"west":{"uv":[0,0,3,2],"rotation":180,"texture":"#0"},"up":{"uv":[0,0,6,3],"rotation":180,"texture":"#0"},"down":{"uv":[0,0,6,3],"rotation":180,"texture":"#0"}}},{"from":[14,5,12.99],"to":[16,11,15.99],"rotation":{"angle":-45,"axis":"z","origin":[8,8,14.5]},"faces":{"north":{"uv":[0,0,6,2],"rotation":90,"texture":"#0"},"east":{"uv":[0,0,6,3],"rotation":270,"texture":"#0"},"south":{"uv":[0,0,6,2],"rotation":270,"texture":"#0"},"west":{"uv":[0,0,6,3],"rotation":270,"texture":"#0"},"up":{"uv":[0,0,3,2],"rotation":270,"texture":"#0"},"down":{"uv":[0,0,3,2],"rotation":270,"texture":"#0"}}}],"display":{"thirdperson_righthand":{"translation":[0,3,0],"scale":[0.5,0.5,0.5]},"thirdperson_lefthand":{"translation":[0,3,0],"scale":[0.5,0.5,0.5]},"firstperson_righthand":{"translation":[0,4,0],"scale":[0.5,0.5,0.5]},"firstperson_lefthand":{"translation":[0,4,0],"scale":[0.5,0.5,0.5]},"ground":{"translation":[0,1,0],"scale":[0.5,0.5,0.5]},"gui":{"rotation":[45,70,0],"translation":[0,1,0],"scale":[0.5,0.5,0.5]},"head":{"rotation":[0,-180,0],"translation":[0,-14.65,0],"scale":[2.2855,2.2855,2.2855]},"fixed":{"rotation":[-90,0,0],"translation":[0,0,-16],"scale":[2,2,2]}}}