{"credit":"Made with Blockbench","texture_size":[128,128],"textures":{"0":"medieval_pack:ceramics_1","particle":"medieval_pack:ceramics_1"},"elements":[{"from":[2,0,2],"to":[14,2,14],"faces":{"north":{"uv":[6,5,7.5,5.25],"texture":"#0"},"east":{"uv":[4.5,5,6,5.25],"texture":"#0"},"south":{"uv":[9,5,10.5,5.25],"texture":"#0"},"west":{"uv":[7.5,5,9,5.25],"texture":"#0"},"up":{"uv":[7.5,5,6,3.5],"texture":"#0"},"down":{"uv":[9,3.5,7.5,5],"texture":"#0"}}},{"from":[1,2,1],"to":[15,14,15],"faces":{"north":{"uv":[1.75,1.75,3.5,3.25],"texture":"#0"},"east":{"uv":[0,1.75,1.75,3.25],"texture":"#0"},"south":{"uv":[5.25,1.75,7,3.25],"texture":"#0"},"west":{"uv":[3.5,1.75,5.25,3.25],"texture":"#0"},"up":{"uv":[3.5,1.75,1.75,0],"texture":"#0"},"down":{"uv":[5.25,0,3.5,1.75],"texture":"#0"}}},{"from":[-5,4,8],"to":[1,12,8.01],"faces":{"north":{"uv":[0,0,0.75,1],"texture":"#0"},"east":{"uv":[0,0,0,1],"texture":"#0"},"south":{"uv":[0.75,0,1.5,1],"texture":"#0"},"west":{"uv":[0.75,0,0.75,1],"texture":"#0"},"up":{"uv":[0.75,0,0,0],"texture":"#0"},"down":{"uv":[1.5,0,0.75,0],"texture":"#0"}}},{"from":[15,4,8],"to":[21,12,8.01],"faces":{"north":{"uv":[0,3.25,0.75,4.25],"texture":"#0"},"east":{"uv":[0,3.25,0,4.25],"texture":"#0"},"south":{"uv":[0.75,3.25,1.5,4.25],"texture":"#0"},"west":{"uv":[0.75,3.25,0.75,4.25],"texture":"#0"},"up":{"uv":[0.75,3.25,0,3.25],"texture":"#0"},"down":{"uv":[1.5,3.25,0.75,3.25],"texture":"#0"}}},{"from":[3,14,3],"to":[13,16,13],"faces":{"north":{"uv":[1.25,6.25,2.5,6.5],"texture":"#0"},"east":{"uv":[0,6.25,1.25,6.5],"texture":"#0"},"south":{"uv":[3.75,6.25,5,6.5],"texture":"#0"},"west":{"uv":[2.5,6.25,3.75,6.5],"texture":"#0"},"up":{"uv":[2.5,6.25,1.25,5],"texture":"#0"},"down":{"uv":[3.75,5,2.5,6.25],"texture":"#0"}}},{"from":[2,16,2],"to":[14,18,14],"faces":{"north":{"uv":[1.5,4.75,3,5],"texture":"#0"},"east":{"uv":[0,4.75,1.5,5],"texture":"#0"},"south":{"uv":[4.5,4.75,6,5],"texture":"#0"},"west":{"uv":[3,4.75,4.5,5],"texture":"#0"},"up":{"uv":[3,4.75,1.5,3.25],"texture":"#0"},"down":{"uv":[4.5,3.25,3,4.75],"texture":"#0"}}}],"display":{"thirdperson_righthand":{"translation":[0,3,0],"scale":[0.5,0.5,0.5]},"thirdperson_lefthand":{"translation":[0,3,0],"scale":[0.5,0.5,0.5]},"firstperson_righthand":{"translation":[0,4,0],"scale":[0.5,0.5,0.5]},"firstperson_lefthand":{"translation":[0,4,0],"scale":[0.5,0.5,0.5]},"ground":{"translation":[0,1,0],"scale":[0.5,0.5,0.5]},"gui":{"rotation":[45,70,0],"translation":[0,1,0],"scale":[0.5,0.5,0.5]},"head":{"rotation":[0,-180,0],"translation":[0,-14.65,0],"scale":[2.2855,2.2855,2.2855]}}}