{"credit":"Made with Blockbench","textures":{"0":"block/crimson_stem","1":"block/crimson_planks","2":"block/stripped_crimson_stem","particle":"block/crimson_stem"},"elements":[{"from":[-16,0,0],"to":[-14,10,2],"faces":{"north":{"uv":[0,0,2,10],"texture":"#0"},"east":{"uv":[0,0,2,10],"texture":"#0"},"south":{"uv":[0,0,2,10],"texture":"#0"},"west":{"uv":[0,0,2,10],"texture":"#0"},"up":{"uv":[0,0,2,2],"texture":"#0"},"down":{"uv":[0,0,2,2],"texture":"#0"}}},{"from":[-16,8,2],"to":[-14,10,14],"faces":{"north":{"uv":[0,0,2,2],"texture":"#0"},"east":{"uv":[0,0,12,2],"texture":"#0"},"south":{"uv":[0,0,2,2],"texture":"#0"},"west":{"uv":[0,0,12,2],"texture":"#0"},"up":{"uv":[0,0,2,12],"texture":"#0"},"down":{"uv":[0,0,2,12],"texture":"#0"}}},{"from":[14,8,2],"to":[16,10,14],"faces":{"north":{"uv":[0,0,2,2],"texture":"#0"},"east":{"uv":[0,0,12,2],"texture":"#0"},"south":{"uv":[0,0,2,2],"texture":"#0"},"west":{"uv":[0,0,12,2],"texture":"#0"},"up":{"uv":[0,0,2,12],"texture":"#0"},"down":{"uv":[0,0,2,12],"texture":"#0"}}},{"from":[0,7,1],"to":[14,9,14],"faces":{"north":{"uv":[0,0,14,2],"texture":"#1"},"east":{"uv":[0,0,13,2],"texture":"#1"},"south":{"uv":[0,0,14,2],"texture":"#1"},"west":{"uv":[0,0,13,2],"texture":"#1"},"up":{"uv":[0,0,14,13],"texture":"#1"},"down":{"uv":[0,0,14,13],"texture":"#1"}}},{"from":[0,12,15],"to":[14,20,16],"faces":{"north":{"uv":[0,0,14,8],"texture":"#1"},"east":{"uv":[0,0,1,8],"texture":"#1"},"south":{"uv":[0,0,14,8],"texture":"#1"},"west":{"uv":[0,0,1,8],"texture":"#1"},"up":{"uv":[0,0,14,1],"texture":"#1"},"down":{"uv":[0,0,14,1],"texture":"#1"}}},{"from":[-14,12,15],"to":[0,20,16],"faces":{"north":{"uv":[0,0,14,8],"texture":"#1"},"east":{"uv":[0,0,1,8],"texture":"#1"},"south":{"uv":[0,0,14,8],"texture":"#1"},"west":{"uv":[0,0,1,8],"texture":"#1"},"up":{"uv":[0,0,14,1],"texture":"#1"},"down":{"uv":[0,0,14,1],"texture":"#1"}}},{"from":[-14,7,1],"to":[0,9,14],"faces":{"north":{"uv":[0,0,14,2],"texture":"#1"},"east":{"uv":[0,0,13,2],"texture":"#1"},"south":{"uv":[0,0,14,2],"texture":"#1"},"west":{"uv":[0,0,13,2],"texture":"#1"},"up":{"uv":[0,0,14,13],"texture":"#1"},"down":{"uv":[0,0,14,13],"texture":"#1"}}},{"from":[-2,6,2],"to":[2,8,18],"faces":{"north":{"uv":[0,0,4,2],"texture":"#2"},"east":{"uv":[0,0,16,2],"texture":"#2"},"south":{"uv":[0,0,4,2],"texture":"#2"},"west":{"uv":[0,0,16,2],"texture":"#2"},"up":{"uv":[0,0,4,16],"texture":"#2"},"down":{"uv":[0,0,4,16],"texture":"#2"}}},{"from":[-2,8,16],"to":[2,21,18],"faces":{"north":{"uv":[0,0,4,13],"texture":"#2"},"east":{"uv":[0,0,2,13],"texture":"#2"},"south":{"uv":[0,0,4,13],"texture":"#2"},"west":{"uv":[0,0,2,13],"texture":"#2"},"up":{"uv":[0,0,4,2],"texture":"#2"},"down":{"uv":[0,0,4,2],"texture":"#2"}}},{"from":[14,0,0],"to":[16,10,2],"faces":{"north":{"uv":[0,0,2,10],"texture":"#0"},"east":{"uv":[0,0,2,10],"texture":"#0"},"south":{"uv":[0,0,2,10],"texture":"#0"},"west":{"uv":[0,0,2,10],"texture":"#0"},"up":{"uv":[0,0,2,2],"texture":"#0"},"down":{"uv":[0,0,2,2],"texture":"#0"}}},{"from":[-16,0,14],"to":[-14,10,16],"faces":{"north":{"uv":[0,0,2,10],"texture":"#0"},"east":{"uv":[0,0,2,10],"texture":"#0"},"south":{"uv":[0,0,2,10],"texture":"#0"},"west":{"uv":[0,0,2,10],"texture":"#0"},"up":{"uv":[0,0,2,2],"texture":"#0"},"down":{"uv":[0,0,2,2],"texture":"#0"}}},{"from":[14,0,14],"to":[16,10,16],"faces":{"north":{"uv":[0,0,2,10],"texture":"#0"},"east":{"uv":[0,0,2,10],"texture":"#0"},"south":{"uv":[0,0,2,10],"texture":"#0"},"west":{"uv":[0,0,2,10],"texture":"#0"},"up":{"uv":[0,0,2,2],"texture":"#0"},"down":{"uv":[0,0,2,2],"texture":"#0"}}},{"from":[14,10,14],"to":[16,22,16],"faces":{"north":{"uv":[0,0,2,12],"texture":"#0"},"east":{"uv":[0,0,2,12],"texture":"#0"},"south":{"uv":[0,0,2,12],"texture":"#0"},"west":{"uv":[0,0,2,12],"texture":"#0"},"up":{"uv":[0,0,2,2],"texture":"#0"},"down":{"uv":[0,0,2,2],"texture":"#0"}}},{"from":[-16,10,14],"to":[-14,22,16],"faces":{"north":{"uv":[0,0,2,12],"texture":"#0"},"east":{"uv":[0,0,2,12],"texture":"#0"},"south":{"uv":[0,0,2,12],"texture":"#0"},"west":{"uv":[0,0,2,12],"texture":"#0"},"up":{"uv":[0,0,2,2],"texture":"#0"},"down":{"uv":[0,0,2,2],"texture":"#0"}}}],"display":{"thirdperson_righthand":{"translation":[0,3,0],"scale":[0.5,0.5,0.5]},"thirdperson_lefthand":{"translation":[0,3,0],"scale":[0.5,0.5,0.5]},"firstperson_righthand":{"translation":[0,4,0],"scale":[0.5,0.5,0.5]},"firstperson_lefthand":{"translation":[0,4,0],"scale":[0.5,0.5,0.5]},"ground":{"translation":[0,1,0],"scale":[0.5,0.5,0.5]},"gui":{"rotation":[45,70,0],"translation":[0,1,0],"scale":[0.5,0.5,0.5]},"head":{"rotation":[0,-180,0],"translation":[0,-14.65,0],"scale":[2.2855,2.2855,2.2855]}}}