{"credit":"Made with Blockbench","texture_size":[64,64],"textures":{"0":"medieval_pack:dark_oak_stand_1x1","particle":"medieval_pack:dark_oak_stand_1x1"},"elements":[{"from":[6,4,12],"to":[10,16,16],"faces":{"north":{"uv":[1,1,2,4],"texture":"#0"},"east":{"uv":[0,1,1,4],"texture":"#0"},"south":{"uv":[3,1,4,4],"texture":"#0"},"west":{"uv":[2,1,3,4],"texture":"#0"},"up":{"uv":[2,1,1,0],"texture":"#0"},"down":{"uv":[3,0,2,1],"texture":"#0"}}},{"from":[5,0,11],"to":[11,4,17],"rotation":{"angle":0,"axis":"x","origin":[8,14,14]},"faces":{"north":{"uv":[8,6,6.5,5],"rotation":180,"texture":"#0"},"east":{"uv":[5.5,6,6.5,7.5],"rotation":90,"texture":"#0"},"south":{"uv":[9.5,5,8,6],"texture":"#0"},"west":{"uv":[8,6,9,7.5],"rotation":270,"texture":"#0"},"up":{"uv":[9,6,10.5,7.5],"texture":"#0"},"down":{"uv":[6.5,6,8,7.5],"rotation":180,"texture":"#0"}}}],"display":{"thirdperson_righthand":{"translation":[0,3,0],"scale":[0.5,0.5,0.5]},"thirdperson_lefthand":{"translation":[0,3,0],"scale":[0.5,0.5,0.5]},"firstperson_righthand":{"translation":[0,4,0],"scale":[0.5,0.5,0.5]},"firstperson_lefthand":{"translation":[0,4,0],"scale":[0.5,0.5,0.5]},"ground":{"translation":[0,1,0],"scale":[0.5,0.5,0.5]},"gui":{"rotation":[45,70,0],"translation":[0,1,0],"scale":[0.5,0.5,0.5]},"head":{"rotation":[0,-180,0],"translation":[0,-14.65,0],"scale":[2.2855,2.2855,2.2855]}}}