{"credit":"Made with Blockbench","textures":{"0":"block/smooth_stone","1":"block/stripped_dark_oak_log","particle":"block/smooth_stone"},"elements":[{"from":[4,0,4],"to":[12,2,12],"faces":{"north":{"uv":[1,0,9,2],"texture":"#0"},"east":{"uv":[1,0,9,2],"texture":"#0"},"south":{"uv":[1,0,9,2],"texture":"#0"},"west":{"uv":[1,0,9,2],"texture":"#0"},"up":{"uv":[1,1,9,9],"texture":"#0"},"down":{"uv":[1,1,9,9],"texture":"#0"}}},{"from":[6,3.75,6.15],"to":[8,6.75,8.15],"rotation":{"angle":-45,"axis":"x","origin":[7,5.75,7.15]},"faces":{"north":{"uv":[0,0,2,3],"texture":"#1"},"east":{"uv":[0,0,2,3],"texture":"#1"},"south":{"uv":[0,0,2,3],"texture":"#1"},"west":{"uv":[0,0,2,3],"texture":"#1"},"up":{"uv":[0,0,2,2],"texture":"#1"},"down":{"uv":[0,0,2,2],"texture":"#1"}}},{"from":[6,0.75,6.15],"to":[8,3.75,8.15],"rotation":{"angle":-45,"axis":"x","origin":[7,5.75,7.15]},"faces":{"north":{"uv":[0,0,2,3],"texture":"#1"},"east":{"uv":[0,0,2,3],"texture":"#1"},"south":{"uv":[0,0,2,3],"texture":"#1"},"west":{"uv":[0,0,2,3],"texture":"#1"},"up":{"uv":[0,0,2,2],"texture":"#1"},"down":{"uv":[0,0,2,2],"texture":"#1"}}},{"from":[6,6.75,6.15],"to":[10,12.75,8.15],"rotation":{"angle":0,"axis":"y","origin":[0,-1.25,-0.85]},"faces":{"north":{"uv":[0,0,4,6],"texture":"#1"},"east":{"uv":[0,0,2,6],"texture":"#1"},"south":{"uv":[0,0,4,6],"texture":"#1"},"west":{"uv":[0,0,2,6],"texture":"#1"},"up":{"uv":[0,0,4,2],"texture":"#1"},"down":{"uv":[0,0,4,2],"texture":"#1"}}},{"from":[10,10.75,5.15],"to":[12,12.75,8.15],"rotation":{"angle":22.5,"axis":"x","origin":[11,11.75,7.15]},"faces":{"north":{"uv":[0,0,2,2],"rotation":180,"texture":"#1"},"east":{"uv":[0,0,2,3],"rotation":270,"texture":"#1"},"south":{"uv":[0,0,2,2],"texture":"#1"},"west":{"uv":[0,0,2,3],"rotation":90,"texture":"#1"},"up":{"uv":[0,0,2,3],"rotation":180,"texture":"#1"},"down":{"uv":[0,0,2,3],"texture":"#1"}}},{"from":[10,10.75,2.15],"to":[12,12.75,5.15],"rotation":{"angle":22.5,"axis":"x","origin":[11,11.75,7.15]},"faces":{"north":{"uv":[0,0,2,2],"rotation":180,"texture":"#1"},"east":{"uv":[0,0,2,3],"rotation":270,"texture":"#1"},"south":{"uv":[0,0,2,2],"texture":"#1"},"west":{"uv":[0,0,2,3],"rotation":90,"texture":"#1"},"up":{"uv":[0,0,2,3],"rotation":180,"texture":"#1"},"down":{"uv":[0,0,2,3],"texture":"#1"}}},{"from":[3.82843,8.75,6.16],"to":[6.82843,10.75,8.16],"rotation":{"angle":45,"axis":"z","origin":[3,9.75,7.15]},"faces":{"north":{"uv":[0,0,2,3],"rotation":270,"texture":"#1"},"east":{"uv":[0,0,2,2],"rotation":90,"texture":"#1"},"south":{"uv":[0,0,2,3],"rotation":90,"texture":"#1"},"west":{"uv":[0,0,2,2],"rotation":90,"texture":"#1"},"up":{"uv":[0,0,2,3],"rotation":90,"texture":"#1"},"down":{"uv":[0,0,2,3],"rotation":90,"texture":"#1"}}},{"from":[3.3,6.72843,6.17],"to":[5.3,9.72843,8.17],"rotation":{"angle":45,"axis":"z","origin":[3,9.75,7.15]},"faces":{"north":{"uv":[0,0,2,3],"texture":"#1"},"east":{"uv":[0,0,2,3],"texture":"#1"},"south":{"uv":[0,0,2,3],"texture":"#1"},"west":{"uv":[0,0,2,3],"texture":"#1"},"up":{"uv":[0,0,2,2],"texture":"#1"},"down":{"uv":[0,0,2,2],"texture":"#1"}}},{"from":[6,12.75,5.15],"to":[10,16.75,9.15],"rotation":{"angle":0,"axis":"y","origin":[0,-1.25,-0.85]},"faces":{"north":{"uv":[0,0,4,4],"texture":"#1"},"east":{"uv":[0,0,4,4],"texture":"#1"},"south":{"uv":[0,0,4,4],"texture":"#1"},"west":{"uv":[0,0,4,4],"texture":"#1"},"up":{"uv":[0,0,4,4],"texture":"#1"},"down":{"uv":[0,0,4,4],"texture":"#1"}}},{"from":[8,3.75,6.15],"to":[10,6.75,8.15],"rotation":{"angle":45,"axis":"x","origin":[9,5.75,7.15]},"faces":{"north":{"uv":[0,0,2,3],"texture":"#1"},"east":{"uv":[0,0,2,3],"texture":"#1"},"south":{"uv":[0,0,2,3],"texture":"#1"},"west":{"uv":[0,0,2,3],"texture":"#1"},"up":{"uv":[0,0,2,2],"texture":"#1"},"down":{"uv":[0,0,2,2],"texture":"#1"}}},{"from":[8.01,2.02843,5.025],"to":[10.01,5.02843,7.025],"rotation":{"angle":0,"axis":"x","origin":[9,3.75,5.15]},"faces":{"north":{"uv":[0,0,2,3],"texture":"#1"},"east":{"uv":[0,0,2,3],"texture":"#1"},"south":{"uv":[0,0,2,3],"texture":"#1"},"west":{"uv":[0,0,2,3],"texture":"#1"},"up":{"uv":[0,0,2,2],"texture":"#1"},"down":{"uv":[0,0,2,2],"texture":"#1"}}}],"display":{"thirdperson_righthand":{"translation":[0,3,0],"scale":[0.5,0.5,0.5]},"thirdperson_lefthand":{"translation":[0,3,0],"scale":[0.5,0.5,0.5]},"firstperson_righthand":{"translation":[0,4,0],"scale":[0.5,0.5,0.5]},"firstperson_lefthand":{"translation":[0,4,0],"scale":[0.5,0.5,0.5]},"ground":{"translation":[0,1,0],"scale":[0.5,0.5,0.5]},"gui":{"rotation":[45,70,0],"translation":[0,1,0],"scale":[0.5,0.5,0.5]},"head":{"rotation":[0,-180,0],"translation":[0,-14.65,0],"scale":[2.2855,2.2855,2.2855]}}}