{"credit":"Made with Blockbench","textures":{"0":"block/diamond_block","particle":"block/diamond_block"},"elements":[{"from":[5,0,5],"to":[11,2,11],"faces":{"north":{"uv":[0,0,6,2],"texture":"#0"},"east":{"uv":[0,0,6,2],"texture":"#0"},"south":{"uv":[0,0,6,2],"texture":"#0"},"west":{"uv":[0,0,6,2],"texture":"#0"},"up":{"uv":[0,0,6,6],"texture":"#0"},"down":{"uv":[0,0,6,6],"texture":"#0"}}},{"from":[7,2,7],"to":[9,8,9],"faces":{"north":{"uv":[0,0,2,6],"texture":"#0"},"east":{"uv":[0,0,2,6],"texture":"#0"},"south":{"uv":[0,0,2,6],"texture":"#0"},"west":{"uv":[0,0,2,6],"texture":"#0"},"up":{"uv":[0,0,2,2],"texture":"#0"},"down":{"uv":[0,0,2,2],"texture":"#0"}}},{"from":[5,8,5],"to":[11,9,11],"faces":{"north":{"uv":[0,0,6,1],"texture":"#0"},"east":{"uv":[0,0,6,1],"texture":"#0"},"south":{"uv":[0,0,6,1],"texture":"#0"},"west":{"uv":[0,0,6,1],"texture":"#0"},"up":{"uv":[0,0,6,6],"texture":"#0"},"down":{"uv":[0,0,6,6],"texture":"#0"}}},{"from":[5,9,5],"to":[6,13,11],"faces":{"north":{"uv":[0,0,1,4],"texture":"#0"},"east":{"uv":[0,0,6,4],"texture":"#0"},"south":{"uv":[0,0,1,4],"texture":"#0"},"west":{"uv":[0,0,6,4],"texture":"#0"},"up":{"uv":[0,0,1,6],"texture":"#0"},"down":{"uv":[0,0,1,6],"texture":"#0"}}},{"from":[10,9,5],"to":[11,13,11],"faces":{"north":{"uv":[0,0,1,4],"texture":"#0"},"east":{"uv":[0,0,6,4],"texture":"#0"},"south":{"uv":[0,0,1,4],"texture":"#0"},"west":{"uv":[0,0,6,4],"texture":"#0"},"up":{"uv":[0,0,1,6],"texture":"#0"},"down":{"uv":[0,0,1,6],"texture":"#0"}}},{"from":[6,9,10],"to":[10,13,11],"faces":{"north":{"uv":[0,0,4,4],"texture":"#0"},"east":{"uv":[0,0,1,4],"texture":"#0"},"south":{"uv":[0,0,4,4],"texture":"#0"},"west":{"uv":[0,0,1,4],"texture":"#0"},"up":{"uv":[0,0,4,1],"texture":"#0"},"down":{"uv":[0,0,4,1],"texture":"#0"}}},{"from":[6,9,5],"to":[10,13,6],"faces":{"north":{"uv":[0,0,4,4],"texture":"#0"},"east":{"uv":[0,0,1,4],"texture":"#0"},"south":{"uv":[0,0,4,4],"texture":"#0"},"west":{"uv":[0,0,1,4],"texture":"#0"},"up":{"uv":[0,0,4,1],"texture":"#0"},"down":{"uv":[0,0,4,1],"texture":"#0"}}}],"display":{"thirdperson_righthand":{"translation":[0,3,0],"scale":[0.5,0.5,0.5]},"thirdperson_lefthand":{"translation":[0,3,0],"scale":[0.5,0.5,0.5]},"firstperson_righthand":{"translation":[0,4,0],"scale":[0.5,0.5,0.5]},"firstperson_lefthand":{"translation":[0,4,0],"scale":[0.5,0.5,0.5]},"ground":{"translation":[0,1,0],"scale":[0.5,0.5,0.5]},"gui":{"rotation":[45,70,0],"translation":[0,1,0],"scale":[0.5,0.5,0.5]},"head":{"rotation":[0,-180,0],"translation":[0,-14.65,0],"scale":[2.2855,2.2855,2.2855]},"fixed":{"rotation":[-90,0,0],"translation":[0,0,-16],"scale":[2,2,2]}}}