{"credit":"Made with Blockbench","textures":{"0":"block/smooth_stone_slab_side","1":"medieval_pack:color_flags","particle":"block/smooth_stone_slab_side"},"elements":[{"from":[1,13,13],"to":[15,16,16],"faces":{"north":{"uv":[0,0,14,3],"texture":"#0"},"east":{"uv":[0,0,3,3],"texture":"#0"},"south":{"uv":[0,0,14,3],"texture":"#0"},"west":{"uv":[0,0,3,3],"texture":"#0"},"up":{"uv":[0,0,14,3],"texture":"#0"},"down":{"uv":[0,0,14,3],"texture":"#0"}}},{"from":[2,0,14],"to":[14,13,14.1],"faces":{"north":{"uv":[0,0.75,3,4],"texture":"#1"},"east":{"uv":[15.75,15.75,16,16],"texture":"#1"},"south":{"uv":[0,0.75,3,4],"texture":"#1"},"west":{"uv":[15.75,15.75,16,16],"texture":"#1"},"up":{"uv":[15.75,15.75,16,16],"texture":"#1"},"down":{"uv":[15.75,15.75,16,16],"texture":"#1"}}}],"display":{"thirdperson_righthand":{"translation":[0,3,0],"scale":[0.5,0.5,0.5]},"thirdperson_lefthand":{"translation":[0,3,0],"scale":[0.5,0.5,0.5]},"firstperson_righthand":{"translation":[0,4,0],"scale":[0.5,0.5,0.5]},"firstperson_lefthand":{"translation":[0,4,0],"scale":[0.5,0.5,0.5]},"ground":{"translation":[0,1,0],"scale":[0.5,0.5,0.5]},"gui":{"rotation":[45,70,0],"translation":[0,1,0],"scale":[0.5,0.5,0.5]},"head":{"rotation":[0,-180,0],"translation":[0,-14.65,0],"scale":[2.2855,2.2855,2.2855]}}}