{"credit":"Made with Blockbench","textures":{"0":"block/light_blue_wool","1":"block/light_blue_concrete_powder","2":"block/light_blue_terracotta","3":"block/light_blue_concrete","particle":"block/light_blue_wool"},"elements":[{"from":[3,0,4],"to":[13,6,10],"faces":{"north":{"uv":[0,0,10,6],"texture":"#3"},"east":{"uv":[0,0,6,6],"texture":"#3"},"south":{"uv":[0,0,10,6],"texture":"#3"},"west":{"uv":[0,0,6,6],"texture":"#3"},"up":{"uv":[0,0,10,6],"texture":"#3"},"down":{"uv":[0,0,10,6],"texture":"#3"}}},{"from":[3,6,5],"to":[13,7,10],"faces":{"north":{"uv":[0,0,10,1],"texture":"#2"},"east":{"uv":[0,0,5,1],"texture":"#2"},"south":{"uv":[0,0,10,1],"texture":"#2"},"west":{"uv":[0,0,5,1],"texture":"#2"},"up":{"uv":[0,0,10,5],"texture":"#2"},"down":{"uv":[0,0,10,5],"texture":"#2"}}},{"from":[3,7,3],"to":[13,15,10],"faces":{"north":{"uv":[0,0,10,8],"texture":"#3"},"east":{"uv":[0,0,7,8],"texture":"#3"},"south":{"uv":[0,0,10,8],"texture":"#3"},"west":{"uv":[0,0,7,8],"texture":"#3"},"up":{"uv":[0,0,10,7],"texture":"#3"},"down":{"uv":[0,0,10,7],"texture":"#3"}}},{"from":[4,0,3],"to":[12,5,4],"faces":{"north":{"uv":[0,0,8,5],"texture":"#1"},"east":{"uv":[0,0,1,5],"texture":"#1"},"south":{"uv":[0,0,8,5],"texture":"#1"},"west":{"uv":[0,0,1,5],"texture":"#1"},"up":{"uv":[0,0,8,1],"texture":"#1"},"down":{"uv":[0,0,8,1],"texture":"#1"}}},{"from":[7,7.5,2],"to":[9,9.5,3],"faces":{"north":{"uv":[0,0,2,2],"texture":"#0"},"east":{"uv":[0,0,1,2],"texture":"#0"},"south":{"uv":[0,0,2,2],"texture":"#0"},"west":{"uv":[0,0,1,2],"texture":"#0"},"up":{"uv":[0,0,2,1],"texture":"#0"},"down":{"uv":[0,0,2,1],"texture":"#0"}}},{"from":[7,0.5,2],"to":[9,2.5,3],"faces":{"north":{"uv":[0,0,2,2],"texture":"#0"},"east":{"uv":[0,0,1,2],"texture":"#0"},"south":{"uv":[0,0,2,2],"texture":"#0"},"west":{"uv":[0,0,1,2],"texture":"#0"},"up":{"uv":[0,0,2,1],"texture":"#0"},"down":{"uv":[0,0,2,1],"texture":"#0"}}},{"from":[7,9.5,2.5],"to":[9,15.5,9.5],"faces":{"north":{"uv":[0,0,2,6],"texture":"#2"},"east":{"uv":[0,0,7,6],"texture":"#2"},"south":{"uv":[0,0,2,6],"texture":"#2"},"west":{"uv":[0,0,7,6],"texture":"#2"},"up":{"uv":[0,0,2,7],"texture":"#2"},"down":{"uv":[0,0,2,7],"texture":"#2"}}},{"from":[7,13.5,9.5],"to":[9,15.5,10.5],"faces":{"north":{"uv":[0,0,2,2],"texture":"#2"},"east":{"uv":[0,0,1,2],"texture":"#2"},"south":{"uv":[0,0,2,2],"texture":"#2"},"west":{"uv":[0,0,1,2],"texture":"#2"},"up":{"uv":[0,0,2,1],"texture":"#2"},"down":{"uv":[0,0,2,1],"texture":"#2"}}},{"from":[4,12.5,9.5],"to":[12,13.5,10.5],"faces":{"north":{"uv":[0,0,8,1],"texture":"#2"},"east":{"uv":[0,0,1,1],"texture":"#2"},"south":{"uv":[0,0,8,1],"texture":"#2"},"west":{"uv":[0,0,1,1],"texture":"#2"},"up":{"uv":[0,0,8,1],"texture":"#2"},"down":{"uv":[0,0,8,1],"texture":"#2"}}},{"from":[4,1.5,9.5],"to":[12,2.5,10.5],"faces":{"north":{"uv":[0,0,8,1],"texture":"#2"},"east":{"uv":[0,0,1,1],"texture":"#2"},"south":{"uv":[0,0,8,1],"texture":"#2"},"west":{"uv":[0,0,1,1],"texture":"#2"},"up":{"uv":[0,0,8,1],"texture":"#2"},"down":{"uv":[0,0,8,1],"texture":"#2"}}},{"from":[10.5,1,10],"to":[12.5,14,11],"faces":{"north":{"uv":[0,0,2,13],"texture":"#2"},"east":{"uv":[0,0,1,13],"texture":"#2"},"south":{"uv":[0,0,2,13],"texture":"#2"},"west":{"uv":[0,0,1,13],"texture":"#2"},"up":{"uv":[0,0,2,1],"texture":"#2"},"down":{"uv":[0,0,2,1],"texture":"#2"}}},{"from":[10.5,1,13],"to":[12.5,14,14],"faces":{"north":{"uv":[0,0,2,13],"texture":"#2"},"east":{"uv":[0,0,1,13],"texture":"#2"},"south":{"uv":[0,0,2,13],"texture":"#2"},"west":{"uv":[0,0,1,13],"texture":"#2"},"up":{"uv":[0,0,2,1],"texture":"#2"},"down":{"uv":[0,0,2,1],"texture":"#2"}}},{"from":[3.5,1,13],"to":[5.5,14,14],"faces":{"north":{"uv":[0,0,2,13],"texture":"#2"},"east":{"uv":[0,0,1,13],"texture":"#2"},"south":{"uv":[0,0,2,13],"texture":"#2"},"west":{"uv":[0,0,1,13],"texture":"#2"},"up":{"uv":[0,0,2,1],"texture":"#2"},"down":{"uv":[0,0,2,1],"texture":"#2"}}},{"from":[3.5,13,11],"to":[5.5,14,13],"faces":{"north":{"uv":[0,0,2,1],"texture":"#2"},"east":{"uv":[0,0,2,1],"texture":"#2"},"south":{"uv":[0,0,2,1],"texture":"#2"},"west":{"uv":[0,0,2,1],"texture":"#2"},"up":{"uv":[0,0,2,2],"texture":"#2"},"down":{"uv":[0,0,2,2],"texture":"#2"}}},{"from":[3.5,1,11],"to":[5.5,2,13],"faces":{"north":{"uv":[0,0,2,1],"texture":"#2"},"east":{"uv":[0,0,2,1],"texture":"#2"},"south":{"uv":[0,0,2,1],"texture":"#2"},"west":{"uv":[0,0,2,1],"texture":"#2"},"up":{"uv":[0,0,2,2],"texture":"#2"},"down":{"uv":[0,0,2,2],"texture":"#2"}}},{"from":[10.5,13,11],"to":[12.5,14,13],"faces":{"north":{"uv":[0,0,2,1],"texture":"#2"},"east":{"uv":[0,0,2,1],"texture":"#2"},"south":{"uv":[0,0,2,1],"texture":"#2"},"west":{"uv":[0,0,2,1],"texture":"#2"},"up":{"uv":[0,0,2,2],"texture":"#2"},"down":{"uv":[0,0,2,2],"texture":"#2"}}},{"from":[10.5,1,11],"to":[12.5,2,13],"faces":{"north":{"uv":[0,0,2,1],"texture":"#2"},"east":{"uv":[0,0,2,1],"texture":"#2"},"south":{"uv":[0,0,2,1],"texture":"#2"},"west":{"uv":[0,0,2,1],"texture":"#2"},"up":{"uv":[0,0,2,2],"texture":"#2"},"down":{"uv":[0,0,2,2],"texture":"#2"}}},{"from":[3.5,1,10],"to":[5.5,14,11],"faces":{"north":{"uv":[0,0,2,13],"texture":"#2"},"east":{"uv":[0,0,1,13],"texture":"#2"},"south":{"uv":[0,0,2,13],"texture":"#2"},"west":{"uv":[0,0,1,13],"texture":"#2"},"up":{"uv":[0,0,2,1],"texture":"#2"},"down":{"uv":[0,0,2,1],"texture":"#2"}}},{"from":[7,2.5,2.5],"to":[9,5.5,4.5],"faces":{"north":{"uv":[0,0,2,3],"texture":"#2"},"east":{"uv":[0,0,2,3],"texture":"#2"},"south":{"uv":[0,0,2,3],"texture":"#2"},"west":{"uv":[0,0,2,3],"texture":"#2"},"up":{"uv":[0,0,2,2],"texture":"#2"},"down":{"uv":[0,0,2,2],"texture":"#2"}}}],"display":{"thirdperson_righthand":{"translation":[0,3,0],"scale":[0.5,0.5,0.5]},"thirdperson_lefthand":{"translation":[0,3,0],"scale":[0.5,0.5,0.5]},"firstperson_righthand":{"translation":[0,4,0],"scale":[0.5,0.5,0.5]},"firstperson_lefthand":{"translation":[0,4,0],"scale":[0.5,0.5,0.5]},"ground":{"translation":[0,1,0],"scale":[0.5,0.5,0.5]},"gui":{"rotation":[45,70,0],"translation":[0,1,0],"scale":[0.5,0.5,0.5]},"head":{"rotation":[0,-180,0],"translation":[0,-14.65,0],"scale":[2.2855,2.2855,2.2855]}}}