{"credit":"Made with Blockbench","textures":{"0":"block/oak_log","1":"block/oak_planks","particle":"block/oak_log"},"elements":[{"from":[3,0,3],"to":[13,2,13],"rotation":{"angle":0,"axis":"y","origin":[8,0,8]},"faces":{"north":{"uv":[0,0,10,2],"texture":"#1"},"east":{"uv":[0,0,10,2],"texture":"#1"},"south":{"uv":[0,0,10,2],"texture":"#1"},"west":{"uv":[0,0,10,2],"texture":"#1"},"up":{"uv":[0,0,10,10],"rotation":180,"texture":"#1"},"down":{"uv":[0,0,10,10],"rotation":180,"texture":"#1"}}},{"from":[5,0,1],"to":[11,14,3],"rotation":{"angle":0,"axis":"y","origin":[8,0,8]},"faces":{"north":{"uv":[0,0,6,14],"texture":"#1"},"east":{"uv":[0,0,2,14],"texture":"#1"},"south":{"uv":[0,0,6,14],"texture":"#1"},"west":{"uv":[0,0,2,14],"texture":"#1"},"up":{"uv":[0,0,6,2],"texture":"#1"},"down":{"uv":[0,0,6,2],"texture":"#1"}}},{"from":[6,0.01,1],"to":[10,14.01,3],"rotation":{"angle":45,"axis":"y","origin":[8,0,8]},"faces":{"north":{"uv":[0,0,4,14],"texture":"#1"},"east":{"uv":[0,0,2,14],"texture":"#1"},"south":{"uv":[0,0,4,14],"texture":"#1"},"west":{"uv":[0,0,2,14],"texture":"#1"},"up":{"uv":[0,0,4,2],"texture":"#1"},"down":{"uv":[0,0,4,2],"texture":"#1"}}},{"from":[1,0,5],"to":[3,14,11],"rotation":{"angle":0,"axis":"y","origin":[8,0,8]},"faces":{"north":{"uv":[0,0,2,14],"texture":"#1"},"east":{"uv":[0,0,6,14],"texture":"#1"},"south":{"uv":[0,0,2,14],"texture":"#1"},"west":{"uv":[0,0,6,14],"texture":"#1"},"up":{"uv":[0,0,6,2],"rotation":270,"texture":"#1"},"down":{"uv":[0,0,6,2],"rotation":90,"texture":"#1"}}},{"from":[5,0,13],"to":[11,14,15],"rotation":{"angle":0,"axis":"y","origin":[8,0,8]},"faces":{"north":{"uv":[0,0,6,14],"texture":"#1"},"east":{"uv":[0,0,2,14],"texture":"#1"},"south":{"uv":[0,0,6,14],"texture":"#1"},"west":{"uv":[0,0,2,14],"texture":"#1"},"up":{"uv":[0,0,6,2],"rotation":180,"texture":"#1"},"down":{"uv":[0,0,6,2],"rotation":180,"texture":"#1"}}},{"from":[1,0.01,6],"to":[3,14.01,10],"rotation":{"angle":45,"axis":"y","origin":[8,0,8]},"faces":{"north":{"uv":[0,0,2,14],"texture":"#1"},"east":{"uv":[0,0,4,14],"texture":"#1"},"south":{"uv":[0,0,2,14],"texture":"#1"},"west":{"uv":[0,0,4,14],"texture":"#1"},"up":{"uv":[0,0,4,2],"rotation":270,"texture":"#1"},"down":{"uv":[0,0,4,2],"rotation":90,"texture":"#1"}}},{"from":[13,0,5],"to":[15,14,11],"rotation":{"angle":0,"axis":"y","origin":[8,0,8]},"faces":{"north":{"uv":[0,0,2,14],"texture":"#1"},"east":{"uv":[0,0,6,14],"texture":"#1"},"south":{"uv":[0,0,2,14],"texture":"#1"},"west":{"uv":[0,0,6,14],"texture":"#1"},"up":{"uv":[0,0,6,2],"rotation":90,"texture":"#1"},"down":{"uv":[0,0,6,2],"rotation":270,"texture":"#1"}}},{"from":[6,0.01,13],"to":[10,14.01,15],"rotation":{"angle":45,"axis":"y","origin":[8,0,8]},"faces":{"north":{"uv":[0,0,4,14],"texture":"#1"},"east":{"uv":[0,0,2,14],"texture":"#1"},"south":{"uv":[0,0,4,14],"texture":"#1"},"west":{"uv":[0,0,2,14],"texture":"#1"},"up":{"uv":[0,0,4,2],"rotation":180,"texture":"#1"},"down":{"uv":[0,0,4,2],"rotation":180,"texture":"#1"}}},{"from":[13,0.01,6],"to":[15,14.01,10],"rotation":{"angle":45,"axis":"y","origin":[8,0,8]},"faces":{"north":{"uv":[0,0,2,14],"texture":"#1"},"east":{"uv":[0,0,4,14],"texture":"#1"},"south":{"uv":[0,0,2,14],"texture":"#1"},"west":{"uv":[0,0,4,14],"texture":"#1"},"up":{"uv":[0,0,4,2],"rotation":90,"texture":"#1"},"down":{"uv":[0,0,4,2],"rotation":270,"texture":"#1"}}},{"from":[5,10,15],"to":[11,12,16],"rotation":{"angle":-45,"axis":"y","origin":[8,8,8]},"faces":{"north":{"uv":[0,0,6,2],"texture":"#0"},"east":{"uv":[0,0,1,2],"texture":"#0"},"south":{"uv":[0,0,6,2],"texture":"#0"},"west":{"uv":[0,0,1,2],"texture":"#0"},"up":{"uv":[0,0,6,1],"rotation":180,"texture":"#0"},"down":{"uv":[0,0,6,1],"rotation":180,"texture":"#0"}}},{"from":[0,2,5],"to":[1,4,11],"rotation":{"angle":0,"axis":"y","origin":[8,0,8]},"faces":{"north":{"uv":[0,0,1,2],"texture":"#0"},"east":{"uv":[0,0,6,2],"texture":"#0"},"south":{"uv":[0,0,1,2],"texture":"#0"},"west":{"uv":[0,0,6,2],"texture":"#0"},"up":{"uv":[0,0,6,1],"rotation":270,"texture":"#0"},"down":{"uv":[0,0,6,1],"rotation":90,"texture":"#0"}}},{"from":[0,10,5],"to":[1,12,11],"rotation":{"angle":0,"axis":"y","origin":[8,8,8]},"faces":{"north":{"uv":[0,0,1,2],"texture":"#0"},"east":{"uv":[0,0,6,2],"texture":"#0"},"south":{"uv":[0,0,1,2],"texture":"#0"},"west":{"uv":[0,0,6,2],"texture":"#0"},"up":{"uv":[0,0,6,1],"rotation":270,"texture":"#0"},"down":{"uv":[0,0,6,1],"rotation":90,"texture":"#0"}}},{"from":[5,2,0],"to":[11,4,1],"rotation":{"angle":0,"axis":"y","origin":[8,0,8]},"faces":{"north":{"uv":[0,0,6,2],"texture":"#0"},"east":{"uv":[0,0,1,2],"texture":"#0"},"south":{"uv":[0,0,6,2],"texture":"#0"},"west":{"uv":[0,0,1,2],"texture":"#0"},"up":{"uv":[0,0,6,1],"texture":"#0"},"down":{"uv":[0,0,6,1],"texture":"#0"}}},{"from":[5,10,0],"to":[11,12,1],"rotation":{"angle":0,"axis":"y","origin":[8,8,8]},"faces":{"north":{"uv":[0,0,6,2],"texture":"#0"},"east":{"uv":[0,0,1,2],"texture":"#0"},"south":{"uv":[0,0,6,2],"texture":"#0"},"west":{"uv":[0,0,1,2],"texture":"#0"},"up":{"uv":[0,0,6,1],"texture":"#0"},"down":{"uv":[0,0,6,1],"texture":"#0"}}},{"from":[15,2,5],"to":[16,4,11],"rotation":{"angle":0,"axis":"y","origin":[8,0,8]},"faces":{"north":{"uv":[0,0,1,2],"texture":"#0"},"east":{"uv":[0,0,6,2],"texture":"#0"},"south":{"uv":[0,0,1,2],"texture":"#0"},"west":{"uv":[0,0,6,2],"texture":"#0"},"up":{"uv":[0,0,6,1],"rotation":90,"texture":"#0"},"down":{"uv":[0,0,6,1],"rotation":270,"texture":"#0"}}},{"from":[15,10,5],"to":[16,12,11],"rotation":{"angle":0,"axis":"y","origin":[8,8,8]},"faces":{"north":{"uv":[0,0,1,2],"texture":"#0"},"east":{"uv":[0,0,6,2],"texture":"#0"},"south":{"uv":[0,0,1,2],"texture":"#0"},"west":{"uv":[0,0,6,2],"texture":"#0"},"up":{"uv":[0,0,6,1],"rotation":90,"texture":"#0"},"down":{"uv":[0,0,6,1],"rotation":270,"texture":"#0"}}},{"from":[5,2,15],"to":[11,4,16],"rotation":{"angle":0,"axis":"y","origin":[8,0,8]},"faces":{"north":{"uv":[0,0,6,2],"texture":"#0"},"east":{"uv":[0,0,1,2],"texture":"#0"},"south":{"uv":[0,0,6,2],"texture":"#0"},"west":{"uv":[0,0,1,2],"texture":"#0"},"up":{"uv":[0,0,6,1],"rotation":180,"texture":"#0"},"down":{"uv":[0,0,6,1],"rotation":180,"texture":"#0"}}},{"from":[5,10,15],"to":[11,12,16],"rotation":{"angle":0,"axis":"y","origin":[8,8,8]},"faces":{"north":{"uv":[0,0,6,2],"texture":"#0"},"east":{"uv":[0,0,1,2],"texture":"#0"},"south":{"uv":[0,0,6,2],"texture":"#0"},"west":{"uv":[0,0,1,2],"texture":"#0"},"up":{"uv":[0,0,6,1],"rotation":180,"texture":"#0"},"down":{"uv":[0,0,6,1],"rotation":180,"texture":"#0"}}},{"from":[5,2,0],"to":[11,4,1],"rotation":{"angle":45,"axis":"y","origin":[8,0,8]},"faces":{"north":{"uv":[0,0,6,2],"texture":"#0"},"east":{"uv":[0,0,1,2],"texture":"#0"},"south":{"uv":[0,0,6,2],"texture":"#0"},"west":{"uv":[0,0,1,2],"texture":"#0"},"up":{"uv":[0,0,6,1],"texture":"#0"},"down":{"uv":[0,0,6,1],"texture":"#0"}}},{"from":[5,10,0],"to":[11,12,1],"rotation":{"angle":45,"axis":"y","origin":[8,8,8]},"faces":{"north":{"uv":[0,0,6,2],"texture":"#0"},"east":{"uv":[0,0,1,2],"texture":"#0"},"south":{"uv":[0,0,6,2],"texture":"#0"},"west":{"uv":[0,0,1,2],"texture":"#0"},"up":{"uv":[0,0,6,1],"texture":"#0"},"down":{"uv":[0,0,6,1],"texture":"#0"}}},{"from":[5,2,0],"to":[11,4,1],"rotation":{"angle":-45,"axis":"y","origin":[8,0,8]},"faces":{"north":{"uv":[0,0,6,2],"texture":"#0"},"east":{"uv":[0,0,1,2],"texture":"#0"},"south":{"uv":[0,0,6,2],"texture":"#0"},"west":{"uv":[0,0,1,2],"texture":"#0"},"up":{"uv":[0,0,6,1],"texture":"#0"},"down":{"uv":[0,0,6,1],"texture":"#0"}}},{"from":[5,10,0],"to":[11,12,1],"rotation":{"angle":-45,"axis":"y","origin":[8,8,8]},"faces":{"north":{"uv":[0,0,6,2],"texture":"#0"},"east":{"uv":[0,0,1,2],"texture":"#0"},"south":{"uv":[0,0,6,2],"texture":"#0"},"west":{"uv":[0,0,1,2],"texture":"#0"},"up":{"uv":[0,0,6,1],"texture":"#0"},"down":{"uv":[0,0,6,1],"texture":"#0"}}},{"from":[15,2,5],"to":[16,4,11],"rotation":{"angle":-45,"axis":"y","origin":[8,0,8]},"faces":{"north":{"uv":[0,0,1,2],"texture":"#0"},"east":{"uv":[0,0,6,2],"texture":"#0"},"south":{"uv":[0,0,1,2],"texture":"#0"},"west":{"uv":[0,0,6,2],"texture":"#0"},"up":{"uv":[0,0,6,1],"rotation":90,"texture":"#0"},"down":{"uv":[0,0,6,1],"rotation":270,"texture":"#0"}}},{"from":[15,10,5],"to":[16,12,11],"rotation":{"angle":-45,"axis":"y","origin":[8,8,8]},"faces":{"north":{"uv":[0,0,1,2],"texture":"#0"},"east":{"uv":[0,0,6,2],"texture":"#0"},"south":{"uv":[0,0,1,2],"texture":"#0"},"west":{"uv":[0,0,6,2],"texture":"#0"},"up":{"uv":[0,0,6,1],"rotation":90,"texture":"#0"},"down":{"uv":[0,0,6,1],"rotation":270,"texture":"#0"}}},{"from":[5,2,15],"to":[11,4,16],"rotation":{"angle":-45,"axis":"y","origin":[8,0,8]},"faces":{"north":{"uv":[0,0,6,2],"texture":"#0"},"east":{"uv":[0,0,1,2],"texture":"#0"},"south":{"uv":[0,0,6,2],"texture":"#0"},"west":{"uv":[0,0,1,2],"texture":"#0"},"up":{"uv":[0,0,6,1],"rotation":180,"texture":"#0"},"down":{"uv":[0,0,6,1],"rotation":180,"texture":"#0"}}}],"display":{"thirdperson_righthand":{"translation":[0,3,0],"scale":[0.5,0.5,0.5]},"thirdperson_lefthand":{"translation":[0,3,0],"scale":[0.5,0.5,0.5]},"firstperson_righthand":{"translation":[0,4,0],"scale":[0.5,0.5,0.5]},"firstperson_lefthand":{"translation":[0,4,0],"scale":[0.5,0.5,0.5]},"ground":{"translation":[0,1,0],"scale":[0.5,0.5,0.5]},"gui":{"rotation":[45,70,0],"translation":[0,1,0],"scale":[0.5,0.5,0.5]},"head":{"rotation":[0,-180,0],"translation":[0,-14.65,0],"scale":[2.2855,2.2855,2.2855]}},"groups":[{"name":"group","origin":[8,0,8],"children":[0,1,2,3,4,5,6,7,8]},{"name":"group","origin":[8,0,8],"children":[9,10,11,12,13,14,15,16,17,18,19,20,21,22,23,24]}]}