{"credit":"Made with Blockbench","textures":{"0":"block/birch_planks","1":"block/birch_log","particle":"block/birch_planks"},"elements":[{"from":[1,0,7],"to":[4,16,9],"faces":{"north":{"uv":[0,0,3,16],"texture":"#0"},"east":{"uv":[0,0,2,16],"texture":"#0"},"south":{"uv":[0,0,3,16],"texture":"#0"},"west":{"uv":[0,0,2,16],"texture":"#0"},"up":{"uv":[0,0,3,2],"texture":"#0"},"down":{"uv":[0,0,3,2],"texture":"#0"}}},{"from":[6,0,7],"to":[10,14,9],"faces":{"north":{"uv":[0,0,4,14],"texture":"#0"},"east":{"uv":[0,0,2,14],"texture":"#0"},"south":{"uv":[0,0,4,14],"texture":"#0"},"west":{"uv":[0,0,2,14],"texture":"#0"},"up":{"uv":[0,0,4,2],"texture":"#0"},"down":{"uv":[0,0,4,2],"texture":"#0"}}},{"from":[12,0,7],"to":[15,15,9],"faces":{"north":{"uv":[0,0,3,15],"texture":"#0"},"east":{"uv":[0,0,2,15],"texture":"#0"},"south":{"uv":[0,0,3,15],"texture":"#0"},"west":{"uv":[0,0,2,15],"texture":"#0"},"up":{"uv":[0,0,3,2],"texture":"#0"},"down":{"uv":[0,0,3,2],"texture":"#0"}}},{"from":[0,2,6],"to":[16,4,7],"faces":{"north":{"uv":[0,0,16,2],"texture":"#1"},"east":{"uv":[0,0,1,2],"texture":"#1"},"south":{"uv":[0,0,16,2],"texture":"#1"},"west":{"uv":[0,0,1,2],"texture":"#1"},"up":{"uv":[0,0,16,1],"texture":"#1"},"down":{"uv":[0,0,16,1],"texture":"#1"}}},{"from":[0,6,6],"to":[16,8,7],"faces":{"north":{"uv":[0,0,16,2],"texture":"#1"},"east":{"uv":[0,0,1,2],"texture":"#1"},"south":{"uv":[0,0,16,2],"texture":"#1"},"west":{"uv":[0,0,1,2],"texture":"#1"},"up":{"uv":[0,0,16,1],"texture":"#1"},"down":{"uv":[0,0,16,1],"texture":"#1"}}},{"from":[0,10,6],"to":[16,12,7],"faces":{"north":{"uv":[0,0,16,2],"texture":"#1"},"east":{"uv":[0,0,1,2],"texture":"#1"},"south":{"uv":[0,0,16,2],"texture":"#1"},"west":{"uv":[0,0,1,2],"texture":"#1"},"up":{"uv":[0,0,16,1],"texture":"#1"},"down":{"uv":[0,0,16,1],"texture":"#1"}}}],"display":{"thirdperson_righthand":{"translation":[0,3,0],"scale":[0.5,0.5,0.5]},"thirdperson_lefthand":{"translation":[0,3,0],"scale":[0.5,0.5,0.5]},"firstperson_righthand":{"translation":[0,4,0],"scale":[0.5,0.5,0.5]},"firstperson_lefthand":{"translation":[0,4,0],"scale":[0.5,0.5,0.5]},"ground":{"translation":[0,1,0],"scale":[0.5,0.5,0.5]},"gui":{"rotation":[45,70,0],"translation":[0,1,0],"scale":[0.5,0.5,0.5]},"head":{"rotation":[0,-180,0],"translation":[0,-14.65,0],"scale":[2.2855,2.2855,2.2855]}}}