{"credit":"Made with Blockbench","textures":{"0":"block/birch_planks","1":"block/birch_log","particle":"block/birch_planks"},"elements":[{"from":[1,0,7],"to":[4,16,9],"faces":{"north":{"uv":[0,0,3,16],"texture":"#0"},"east":{"uv":[0,0,2,16],"texture":"#0"},"south":{"uv":[0,0,3,16],"texture":"#0"},"west":{"uv":[0,0,2,16],"texture":"#0"},"up":{"uv":[0,0,3,2],"texture":"#0"},"down":{"uv":[0,0,3,2],"texture":"#0"}}},{"from":[6,0,7],"to":[9,14,9],"faces":{"north":{"uv":[0,0,3,14],"texture":"#0"},"east":{"uv":[0,0,2,14],"texture":"#0"},"south":{"uv":[0,0,3,14],"texture":"#0"},"west":{"uv":[0,0,2,14],"texture":"#0"},"up":{"uv":[0,0,3,2],"texture":"#0"},"down":{"uv":[0,0,3,2],"texture":"#0"}}},{"from":[7,0,9],"to":[9,14,10],"faces":{"north":{"uv":[0,0,2,14],"texture":"#0"},"east":{"uv":[0,0,1,14],"texture":"#0"},"south":{"uv":[0,0,2,14],"texture":"#0"},"west":{"uv":[0,0,1,14],"texture":"#0"},"up":{"uv":[0,0,2,1],"texture":"#0"},"down":{"uv":[0,0,2,1],"texture":"#0"}}},{"from":[7,0,12],"to":[9,15,15],"rotation":{"angle":0,"axis":"y","origin":[13.5,7.5,8]},"faces":{"north":{"uv":[0,0,2,15],"texture":"#0"},"east":{"uv":[0,0,3,15],"texture":"#0"},"south":{"uv":[0,0,2,15],"texture":"#0"},"west":{"uv":[0,0,3,15],"texture":"#0"},"up":{"uv":[0,0,3,2],"rotation":90,"texture":"#0"},"down":{"uv":[0,0,3,2],"rotation":270,"texture":"#0"}}},{"from":[0,2,6],"to":[10,4,7],"faces":{"north":{"uv":[0,0,10,2],"texture":"#1"},"east":{"uv":[0,0,1,2],"texture":"#1"},"south":{"uv":[0,0,10,2],"texture":"#1"},"west":{"uv":[0,0,1,2],"texture":"#1"},"up":{"uv":[0,0,10,1],"texture":"#1"},"down":{"uv":[0,0,10,1],"texture":"#1"}}},{"from":[9,2,7],"to":[10,4,16],"faces":{"north":{"uv":[0,0,1,2],"texture":"#1"},"east":{"uv":[0,0,9,2],"texture":"#1"},"south":{"uv":[0,0,1,2],"texture":"#1"},"west":{"uv":[0,0,9,2],"texture":"#1"},"up":{"uv":[0,0,1,9],"texture":"#1"},"down":{"uv":[0,0,1,9],"texture":"#1"}}},{"from":[0,6,6],"to":[10,8,7],"faces":{"north":{"uv":[0,0,10,2],"texture":"#1"},"east":{"uv":[0,0,1,2],"texture":"#1"},"south":{"uv":[0,0,10,2],"texture":"#1"},"west":{"uv":[0,0,1,2],"texture":"#1"},"up":{"uv":[0,0,10,1],"texture":"#1"},"down":{"uv":[0,0,10,1],"texture":"#1"}}},{"from":[9,6,7],"to":[10,8,16],"faces":{"north":{"uv":[0,0,1,2],"texture":"#1"},"east":{"uv":[0,0,9,2],"texture":"#1"},"south":{"uv":[0,0,1,2],"texture":"#1"},"west":{"uv":[0,0,9,2],"texture":"#1"},"up":{"uv":[0,0,1,9],"texture":"#1"},"down":{"uv":[0,0,1,9],"texture":"#1"}}},{"from":[9,10,7],"to":[10,12,16],"faces":{"north":{"uv":[0,0,1,2],"texture":"#1"},"east":{"uv":[0,0,9,2],"texture":"#1"},"south":{"uv":[0,0,1,2],"texture":"#1"},"west":{"uv":[0,0,9,2],"texture":"#1"},"up":{"uv":[0,0,1,9],"texture":"#1"},"down":{"uv":[0,0,1,9],"texture":"#1"}}},{"from":[0,10,6],"to":[10,12,7],"faces":{"north":{"uv":[0,0,10,2],"texture":"#1"},"east":{"uv":[0,0,1,2],"texture":"#1"},"south":{"uv":[0,0,10,2],"texture":"#1"},"west":{"uv":[0,0,1,2],"texture":"#1"},"up":{"uv":[0,0,10,1],"texture":"#1"},"down":{"uv":[0,0,10,1],"texture":"#1"}}}],"display":{"thirdperson_righthand":{"translation":[0,3,0],"scale":[0.5,0.5,0.5]},"thirdperson_lefthand":{"translation":[0,3,0],"scale":[0.5,0.5,0.5]},"firstperson_righthand":{"translation":[0,4,0],"scale":[0.5,0.5,0.5]},"firstperson_lefthand":{"translation":[0,4,0],"scale":[0.5,0.5,0.5]},"ground":{"translation":[0,1,0],"scale":[0.5,0.5,0.5]},"gui":{"rotation":[45,70,0],"translation":[0,1,0],"scale":[0.5,0.5,0.5]},"head":{"rotation":[0,-180,0],"translation":[0,-14.65,0],"scale":[2.2855,2.2855,2.2855]},"fixed":{"rotation":[-90,0,0],"translation":[0,0,-16],"scale":[2,2,2]}}}