{"credit":"Made with Blockbench","texture_size":[32,32],"textures":{"0":"medieval_pack:book_stack_1","particle":"medieval_pack:book_stack_1"},"elements":[{"from":[9,0.1,3],"to":[15,0.1001,13],"rotation":{"angle":0,"axis":"y","origin":[7.99998,0.10003,8]},"faces":{"north":{"uv":[3,0,0,0.00005],"texture":"#0"},"east":{"uv":[5,0,0,0.00005],"texture":"#0"},"south":{"uv":[3,0,0,0.00005],"texture":"#0"},"west":{"uv":[5,0,0,0.00005],"texture":"#0"},"up":{"uv":[15,10,12,15],"texture":"#0"},"down":{"uv":[15,10,12,15],"texture":"#0"}}},{"from":[1,0.1,3],"to":[7,0.1001,13],"rotation":{"angle":0,"axis":"y","origin":[8.00002,0.10003,8]},"faces":{"north":{"uv":[0,0,3,0.00005],"texture":"#0"},"east":{"uv":[0,0,5,0.00005],"texture":"#0"},"south":{"uv":[0,0,3,0.00005],"texture":"#0"},"west":{"uv":[0,0,5,0.00005],"texture":"#0"},"up":{"uv":[12,10,15,15],"texture":"#0"},"down":{"uv":[12,10,15,15],"texture":"#0"}}},{"from":[7,0.1,3],"to":[9,0.1001,13],"rotation":{"angle":0,"axis":"y","origin":[8,0.10005,8]},"faces":{"north":{"uv":[3,0,0,0.00005],"texture":"#0"},"east":{"uv":[5,0,0,0.00005],"texture":"#0"},"south":{"uv":[3,0,0,0.00005],"texture":"#0"},"west":{"uv":[5,0,0,0.00005],"texture":"#0"},"up":{"uv":[16,10,15,15],"texture":"#0"},"down":{"uv":[16,10,15,15],"texture":"#0"}}},{"from":[3,0.125,4],"to":[8,1.125,12],"rotation":{"angle":0,"axis":"y","origin":[15,8.125,12]},"faces":{"north":{"uv":[0.5,5,3,5.5],"texture":"#0"},"east":{"uv":[3,5.5,3.5,9.5],"rotation":90,"texture":"#0"},"south":{"uv":[0.5,5,3,5.5],"texture":"#0"},"west":{"uv":[0,5.5,0.5,9.5],"rotation":90,"texture":"#0"},"up":{"uv":[0.5,5.5,3,9.5],"texture":"#0"},"down":{"uv":[0.5,5.5,3,9.5],"texture":"#0"}}},{"from":[8,0.125,4],"to":[13,1.125,12],"rotation":{"angle":0,"axis":"y","origin":[1,8.125,12]},"faces":{"north":{"uv":[3,5,0.5,5.5],"texture":"#0"},"east":{"uv":[0,9.5,0.5,5.5],"rotation":90,"texture":"#0"},"south":{"uv":[3,5,0.5,5.5],"texture":"#0"},"west":{"uv":[3,9.5,3.5,5.5],"rotation":90,"texture":"#0"},"up":{"uv":[6,5.5,3.5,9.5],"texture":"#0"},"down":{"uv":[6,5.5,3.5,9.5],"texture":"#0"}}},{"from":[3,1.125,4],"to":[8,1.1251,12],"rotation":{"angle":-22.5,"axis":"z","origin":[8,1.12505,8]},"faces":{"north":{"uv":[0,0,2.5,0.00005],"texture":"#0"},"east":{"uv":[0,0,4,0.00005],"texture":"#0"},"south":{"uv":[0,0,2.5,0.00005],"texture":"#0"},"west":{"uv":[0,0,4,0.00005],"texture":"#0"},"up":{"uv":[0.5,5.5,3,9.5],"texture":"#0"},"down":{"uv":[0.5,5.5,3,9.5],"texture":"#0"}}},{"from":[8,1.125,4],"to":[13,1.1251,12],"rotation":{"angle":22.5,"axis":"z","origin":[8,1.12505,8]},"faces":{"north":{"uv":[2.5,0,0,0.00005],"texture":"#0"},"east":{"uv":[4,0,0,0.00005],"texture":"#0"},"south":{"uv":[2.5,0,0,0.00005],"texture":"#0"},"west":{"uv":[4,0,0,0.00005],"texture":"#0"},"up":{"uv":[6,5.5,3.5,9.5],"texture":"#0"},"down":{"uv":[6,5.5,3.5,9.5],"texture":"#0"}}}],"display":{"thirdperson_righthand":{"translation":[0,3,0],"scale":[0.5,0.5,0.5]},"thirdperson_lefthand":{"translation":[0,3,0],"scale":[0.5,0.5,0.5]},"firstperson_righthand":{"translation":[0,4,0],"scale":[0.5,0.5,0.5]},"firstperson_lefthand":{"translation":[0,4,0],"scale":[0.5,0.5,0.5]},"ground":{"translation":[0,1,0],"scale":[0.5,0.5,0.5]},"gui":{"rotation":[45,70,0],"translation":[0,1,0],"scale":[0.5,0.5,0.5]},"head":{"translation":[0,-14.65,0],"scale":[2.2855,2.2855,2.2855]},"fixed":{"rotation":[-90,0,0],"translation":[0,0,-16],"scale":[2,2,2]}}}