{"credit":"Made with Blockbench","texture_size":[64,64],"textures":{"0":"medieval_pack:stone_wall","particle":"medieval_pack:stone_wall"},"elements":[{"from":[0,10,6],"to":[16,16,16],"rotation":{"angle":0,"axis":"y","origin":[0,16,0]},"faces":{"north":{"uv":[2.5,4,6.5,2.5],"texture":"#0"},"east":{"uv":[0,4,2.5,2.5],"texture":"#0"},"south":{"uv":[9,4,13,2.5],"texture":"#0"},"west":{"uv":[6.5,4,9,2.5],"texture":"#0"},"up":{"uv":[10.5,2.5,6.5,0],"texture":"#0"},"down":{"uv":[6.5,0,2.5,2.5],"texture":"#0"}}},{"from":[0,0,10],"to":[16,10,16],"rotation":{"angle":0,"axis":"y","origin":[0,16,0]},"faces":{"north":{"uv":[1.5,8,5.5,5.5],"texture":"#0"},"east":{"uv":[0,8,1.5,5.5],"texture":"#0"},"south":{"uv":[7,8,11,5.5],"texture":"#0"},"west":{"uv":[5.5,8,7,5.5],"texture":"#0"},"up":{"uv":[9.5,5.5,5.5,4],"texture":"#0"},"down":{"uv":[5.5,4,1.5,5.5],"texture":"#0"}}}],"display":{"thirdperson_righthand":{"translation":[0,3,0],"scale":[0.5,0.5,0.5]},"thirdperson_lefthand":{"translation":[0,3,0],"scale":[0.5,0.5,0.5]},"firstperson_righthand":{"translation":[0,4,0],"scale":[0.5,0.5,0.5]},"firstperson_lefthand":{"translation":[0,4,0],"scale":[0.5,0.5,0.5]},"ground":{"translation":[0,1,0],"scale":[0.5,0.5,0.5]},"gui":{"rotation":[45,70,0],"translation":[0,1,0],"scale":[0.5,0.5,0.5]},"head":{"rotation":[0,-180,0],"translation":[0,-14.65,0],"scale":[2.2855,2.2855,2.2855]}}}