{"credit":"Made with Blockbench","textures":{"0":"block/warped_stem","1":"block/warped_planks","particle":"block/warped_stem"},"elements":[{"from":[7,0,7],"to":[9,12,9],"faces":{"north":{"uv":[0,0,2,12],"texture":"#1"},"east":{"uv":[0,0,2,12],"texture":"#1"},"south":{"uv":[0,0,2,12],"texture":"#1"},"west":{"uv":[0,0,2,12],"texture":"#1"},"up":{"uv":[0,0,2,2],"texture":"#1"},"down":{"uv":[0,0,2,2],"texture":"#1"}}},{"from":[0,11,0],"to":[16,12,16],"faces":{"north":{"uv":[0,0,16,1],"texture":"#1"},"east":{"uv":[0,0,16,1],"texture":"#1"},"south":{"uv":[0,0,16,1],"texture":"#1"},"west":{"uv":[0,0,16,1],"texture":"#1"},"up":{"uv":[0,0,16,16],"texture":"#1"},"down":{"uv":[0,0,16,16],"texture":"#1"}}},{"from":[11,4,7.05],"to":[13,13,9.05],"rotation":{"angle":45,"axis":"z","origin":[8,0,8]},"faces":{"north":{"uv":[0,0,2,9],"texture":"#1"},"east":{"uv":[0,0,2,9],"texture":"#1"},"south":{"uv":[0,0,2,9],"texture":"#1"},"west":{"uv":[0,0,2,9],"texture":"#1"},"up":{"uv":[0,0,2,2],"texture":"#1"},"down":{"uv":[0,0,2,2],"texture":"#1"}}},{"from":[6.95,4,11],"to":[8.95,13,13],"rotation":{"angle":-45,"axis":"x","origin":[8,0,8]},"faces":{"north":{"uv":[0,0,2,9],"texture":"#1"},"east":{"uv":[0,0,2,9],"texture":"#1"},"south":{"uv":[0,0,2,9],"texture":"#1"},"west":{"uv":[0,0,2,9],"texture":"#1"},"up":{"uv":[0,0,2,2],"rotation":90,"texture":"#1"},"down":{"uv":[0,0,2,2],"rotation":270,"texture":"#1"}}},{"from":[6.95,-2,8],"to":[8.95,1,10],"rotation":{"angle":-45,"axis":"x","origin":[8,0,8]},"faces":{"north":{"uv":[0,0,2,3],"texture":"#1"},"east":{"uv":[0,0,2,3],"texture":"#1"},"south":{"uv":[0,0,2,3],"texture":"#1"},"west":{"uv":[0,0,2,3],"texture":"#1"},"up":{"uv":[0,0,2,2],"rotation":90,"texture":"#1"},"down":{"uv":[0,0,2,2],"rotation":270,"texture":"#1"}}},{"from":[6,-2,6.95],"to":[8,1,8.95],"rotation":{"angle":-45,"axis":"z","origin":[8,0,8]},"faces":{"north":{"uv":[0,0,2,3],"texture":"#1"},"east":{"uv":[0,0,2,3],"texture":"#1"},"south":{"uv":[0,0,2,3],"texture":"#1"},"west":{"uv":[0,0,2,3],"texture":"#1"},"up":{"uv":[0,0,2,2],"rotation":180,"texture":"#1"},"down":{"uv":[0,0,2,2],"rotation":180,"texture":"#1"}}},{"from":[7.05,-2,6],"to":[9.05,1,8],"rotation":{"angle":45,"axis":"x","origin":[8,0,8]},"faces":{"north":{"uv":[0,0,2,3],"texture":"#1"},"east":{"uv":[0,0,2,3],"texture":"#1"},"south":{"uv":[0,0,2,3],"texture":"#1"},"west":{"uv":[0,0,2,3],"texture":"#1"},"up":{"uv":[0,0,2,2],"rotation":270,"texture":"#1"},"down":{"uv":[0,0,2,2],"rotation":90,"texture":"#1"}}},{"from":[8,-2,7.05],"to":[10,1,9.05],"rotation":{"angle":45,"axis":"z","origin":[8,0,8]},"faces":{"north":{"uv":[0,0,2,3],"texture":"#1"},"east":{"uv":[0,0,2,3],"texture":"#1"},"south":{"uv":[0,0,2,3],"texture":"#1"},"west":{"uv":[0,0,2,3],"texture":"#1"},"up":{"uv":[0,0,2,2],"texture":"#1"},"down":{"uv":[0,0,2,2],"texture":"#1"}}},{"from":[3,4,6.95],"to":[5,13,8.95],"rotation":{"angle":-45,"axis":"z","origin":[8,0,8]},"faces":{"north":{"uv":[0,0,2,9],"texture":"#1"},"east":{"uv":[0,0,2,9],"texture":"#1"},"south":{"uv":[0,0,2,9],"texture":"#1"},"west":{"uv":[0,0,2,9],"texture":"#1"},"up":{"uv":[0,0,2,2],"rotation":180,"texture":"#1"},"down":{"uv":[0,0,2,2],"rotation":180,"texture":"#1"}}},{"from":[7.05,4,3],"to":[9.05,13,5],"rotation":{"angle":45,"axis":"x","origin":[8,0,8]},"faces":{"north":{"uv":[0,0,2,9],"texture":"#1"},"east":{"uv":[0,0,2,9],"texture":"#1"},"south":{"uv":[0,0,2,9],"texture":"#1"},"west":{"uv":[0,0,2,9],"texture":"#1"},"up":{"uv":[0,0,2,2],"rotation":270,"texture":"#1"},"down":{"uv":[0,0,2,2],"rotation":90,"texture":"#1"}}},{"from":[8,12,8],"to":[18,14,18],"faces":{"north":{"uv":[0,0,10,2],"texture":"#0"},"east":{"uv":[0,0,10,2],"texture":"#0"},"south":{"uv":[0,0,10,2],"texture":"#0"},"west":{"uv":[0,0,10,2],"texture":"#0"},"up":{"uv":[0,0,10,10],"texture":"#0"},"down":{"uv":[0,0,10,10],"texture":"#0"}}},{"from":[8,12,-2],"to":[18,14,8],"faces":{"north":{"uv":[0,0,10,2],"texture":"#0"},"east":{"uv":[0,0,10,2],"texture":"#0"},"south":{"uv":[0,0,10,2],"texture":"#0"},"west":{"uv":[0,0,10,2],"texture":"#0"},"up":{"uv":[0,0,10,10],"texture":"#0"},"down":{"uv":[0,0,10,10],"texture":"#0"}}},{"from":[-2,12,-2],"to":[8,14,8],"faces":{"north":{"uv":[0,0,10,2],"texture":"#0"},"east":{"uv":[0,0,10,2],"texture":"#0"},"south":{"uv":[0,0,10,2],"texture":"#0"},"west":{"uv":[0,0,10,2],"texture":"#0"},"up":{"uv":[0,0,10,10],"texture":"#0"},"down":{"uv":[0,0,10,10],"texture":"#0"}}},{"from":[-2,12,8],"to":[8,14,18],"faces":{"north":{"uv":[0,0,10,2],"texture":"#0"},"east":{"uv":[0,0,10,2],"texture":"#0"},"south":{"uv":[0,0,10,2],"texture":"#0"},"west":{"uv":[0,0,10,2],"texture":"#0"},"up":{"uv":[0,0,10,10],"texture":"#0"},"down":{"uv":[0,0,10,10],"texture":"#0"}}}],"display":{"thirdperson_righthand":{"translation":[0,3,0],"scale":[0.5,0.5,0.5]},"thirdperson_lefthand":{"translation":[0,3,0],"scale":[0.5,0.5,0.5]},"firstperson_righthand":{"translation":[0,4,0],"scale":[0.5,0.5,0.5]},"firstperson_lefthand":{"translation":[0,4,0],"scale":[0.5,0.5,0.5]},"ground":{"translation":[0,1,0],"scale":[0.5,0.5,0.5]},"gui":{"rotation":[45,70,0],"translation":[0,1,0],"scale":[0.5,0.5,0.5]},"head":{"rotation":[0,-180,0],"translation":[0,-14.65,0],"scale":[2.2855,2.2855,2.2855]},"fixed":{"rotation":[-90,0,0],"translation":[0,0,-16],"scale":[2,2,2]}}}