{"textures":{"0":"modelengine:entity/chipmunk","1":"modelengine:entity/acorn"},"elements":[{"name":"cube","from":[6.5,8.775364,5.294478],"to":[9.5,9.375364,8.294477],"rotation":{"angle":0.0,"axis":"x","origin":[8.0,8.225363,6.794478]},"faces":{"down":{"uv":[2.5,2.5,0.0,5.0],"rotation":0,"texture":"#1","tintindex":0},"east":{"uv":[6.5,0.5,9.0,1.0],"rotation":0,"texture":"#1","tintindex":0},"north":{"uv":[6.5,0.0,9.0,0.5],"rotation":0,"texture":"#1","tintindex":0},"south":{"uv":[6.5,1.0,9.0,1.5],"rotation":0,"texture":"#1","tintindex":0},"up":{"uv":[2.5,2.5,0.0,0.0],"rotation":0,"texture":"#1","tintindex":0},"west":{"uv":[6.5,1.5,9.0,2.0],"rotation":0,"texture":"#1","tintindex":0}}},{"name":"cube","from":[6.8,6.975363,5.5944777],"to":[9.2,8.775364,7.9944777],"rotation":{"angle":0.0,"axis":"x","origin":[8.0,8.225363,6.794478]},"faces":{"down":{"uv":[4.5,2.0,2.5,4.0],"rotation":0,"texture":"#1","tintindex":0},"east":{"uv":[4.5,3.5,6.5,5.0],"rotation":0,"texture":"#1","tintindex":0},"north":{"uv":[4.5,2.0,6.5,3.5],"rotation":0,"texture":"#1","tintindex":0},"south":{"uv":[0.0,5.0,2.0,6.5],"rotation":0,"texture":"#1","tintindex":0},"up":{"uv":[4.5,2.0,2.5,0.0],"rotation":0,"texture":"#1","tintindex":0},"west":{"uv":[4.5,5.0,6.5,6.5],"rotation":0,"texture":"#1","tintindex":0}}},{"name":"cube","from":[7.1,6.375363,5.894478],"to":[8.9,6.975363,7.6944776],"rotation":{"angle":0.0,"axis":"x","origin":[8.0,8.225363,6.794478]},"faces":{"down":{"uv":[1.5,6.5,0.0,8.0],"rotation":0,"texture":"#1","tintindex":0},"east":{"uv":[6.5,3.5,8.0,4.0],"rotation":0,"texture":"#1","tintindex":0},"north":{"uv":[6.5,3.0,8.0,3.5],"rotation":0,"texture":"#1","tintindex":0},"south":{"uv":[6.5,4.0,8.0,4.5],"rotation":0,"texture":"#1","tintindex":0},"up":{"uv":[3.5,7.5,2.0,6.0],"rotation":0,"texture":"#1","tintindex":0},"west":{"uv":[4.5,6.5,6.0,7.0],"rotation":0,"texture":"#1","tintindex":0}}},{"name":"cube","from":[7.4,6.075363,6.194478],"to":[8.6,6.375363,7.394478],"rotation":{"angle":0.0,"axis":"x","origin":[8.0,8.225363,6.794478]},"faces":{"down":{"uv":[7.5,2.0,6.5,3.0],"rotation":0,"texture":"#1","tintindex":0},"east":{"uv":[3.5,7.0,4.5,7.25],"rotation":0,"texture":"#1","tintindex":0},"north":{"uv":[6.5,6.0,7.5,6.25],"rotation":0,"texture":"#1","tintindex":0},"south":{"uv":[4.5,7.0,5.5,7.25],"rotation":0,"texture":"#1","tintindex":0},"up":{"uv":[4.5,7.0,3.5,6.0],"rotation":0,"texture":"#1","tintindex":0},"west":{"uv":[5.5,7.0,6.5,7.25],"rotation":0,"texture":"#1","tintindex":0}}},{"name":"cube","from":[6.8,9.375364,5.5944777],"to":[9.2,9.675364,7.9944777],"rotation":{"angle":0.0,"axis":"x","origin":[8.0,8.225363,6.794478]},"faces":{"down":{"uv":[6.5,0.0,4.5,2.0],"rotation":0,"texture":"#1","tintindex":0},"east":{"uv":[6.5,5.0,8.5,5.25],"rotation":0,"texture":"#1","tintindex":0},"north":{"uv":[6.5,4.5,8.5,4.75],"rotation":0,"texture":"#1","tintindex":0},"south":{"uv":[6.5,5.5,8.5,5.75],"rotation":0,"texture":"#1","tintindex":0},"up":{"uv":[4.5,6.0,2.5,4.0],"rotation":0,"texture":"#1","tintindex":0},"west":{"uv":[6.0,6.5,8.0,6.75],"rotation":0,"texture":"#1","tintindex":0}}},{"name":"cube","from":[7.85,9.675364,6.644478],"to":[8.15,10.275364,6.944478],"rotation":{"angle":0.0,"axis":"x","origin":[8.0,8.225363,6.794478]},"faces":{"down":{"uv":[7.25,7.0,7.0,7.25],"rotation":0,"texture":"#1","tintindex":0},"east":{"uv":[2.0,5.5,2.25,6.0],"rotation":0,"texture":"#1","tintindex":0},"north":{"uv":[2.0,5.0,2.25,5.5],"rotation":0,"texture":"#1","tintindex":0},"south":{"uv":[1.5,6.5,1.75,7.0],"rotation":0,"texture":"#1","tintindex":0},"up":{"uv":[6.75,7.25,6.5,7.0],"rotation":0,"texture":"#1","tintindex":0},"west":{"uv":[1.5,7.0,1.75,7.5],"rotation":0,"texture":"#1","tintindex":0}}}],"display":{"head":{"translation":[0.0,-6.4,0.0],"rotation":[0.0,0.0,0.0],"scale":[3.8095,3.8095,3.8095]}}}