{"textures":{"0":"modelengine:entity/chipmunk","1":"modelengine:entity/acorn"},"elements":[{"name":"cube","from":[6.5,7.035714,5.75],"to":[9.5,10.035714,8.75],"rotation":{"angle":0.0,"axis":"x","origin":[7.61,7.519657,8.7346325]},"faces":{"down":{"uv":[7.5,0.0,5.0,2.5],"rotation":0,"texture":"#0","tintindex":0},"east":{"uv":[0.0,2.5,2.5,5.0],"rotation":0,"texture":"#0","tintindex":0},"north":{"uv":[0.0,0.0,2.5,2.5],"rotation":0,"texture":"#0","tintindex":0},"south":{"uv":[2.5,0.0,5.0,2.5],"rotation":0,"texture":"#0","tintindex":0},"up":{"uv":[2.5,7.5,0.0,5.0],"rotation":0,"texture":"#0","tintindex":0},"west":{"uv":[2.5,2.5,5.0,5.0],"rotation":0,"texture":"#0","tintindex":0}}},{"name":"cube","from":[5.952941,6.8857145,5.1499996],"to":[7.752941,8.235714,6.95],"rotation":{"angle":0.0,"axis":"x","origin":[7.812941,7.519657,8.7346325]},"faces":{"down":{"uv":[10.0,6.0,8.5,7.5],"rotation":0,"texture":"#0","tintindex":0},"east":{"uv":[10.5,3.0,12.0,4.25],"rotation":0,"texture":"#0","tintindex":0},"north":{"uv":[10.5,1.5,12.0,2.75],"rotation":0,"texture":"#0","tintindex":0},"south":{"uv":[9.0,10.5,10.5,11.75],"rotation":0,"texture":"#0","tintindex":0},"up":{"uv":[10.0,6.0,8.5,4.5],"rotation":0,"texture":"#0","tintindex":0},"west":{"uv":[10.5,10.5,12.0,11.75],"rotation":0,"texture":"#0","tintindex":0}}},{"name":"cube","from":[7.7,8.085714,4.3999996],"to":[8.3,8.685714,5.0],"rotation":{"angle":0.0,"axis":"x","origin":[7.7599998,7.519657,8.7346325]},"faces":{"down":{"uv":[13.5,0.5,13.0,1.0],"rotation":0,"texture":"#0","tintindex":0},"east":{"uv":[12.5,11.5,13.0,12.0],"rotation":0,"texture":"#0","tintindex":0},"north":{"uv":[12.5,11.0,13.0,11.5],"rotation":0,"texture":"#0","tintindex":0},"south":{"uv":[12.5,12.0,13.0,12.5],"rotation":0,"texture":"#0","tintindex":0},"up":{"uv":[13.5,0.5,13.0,0.0],"rotation":0,"texture":"#0","tintindex":0},"west":{"uv":[12.5,12.5,13.0,13.0],"rotation":0,"texture":"#0","tintindex":0}}},{"name":"cube","from":[7.1,7.3357143,4.5499997],"to":[8.9,8.535714,5.75],"rotation":{"angle":0.0,"axis":"x","origin":[7.7599998,7.519657,8.7346325]},"faces":{"down":{"uv":[6.5,11.5,5.0,12.5],"rotation":0,"texture":"#0","tintindex":0},"east":{"uv":[12.0,2.5,13.0,3.5],"rotation":0,"texture":"#0","tintindex":0},"north":{"uv":[2.0,11.5,3.5,12.5],"rotation":0,"texture":"#0","tintindex":0},"south":{"uv":[3.5,11.5,5.0,12.5],"rotation":0,"texture":"#0","tintindex":0},"up":{"uv":[13.0,5.5,11.5,4.5],"rotation":0,"texture":"#0","tintindex":0},"west":{"uv":[12.0,3.5,13.0,4.5],"rotation":0,"texture":"#0","tintindex":0}}},{"name":"cube","from":[8.247059,6.8857145,5.1499996],"to":[10.047058,8.235714,6.95],"rotation":{"angle":0.0,"axis":"x","origin":[8.187059,7.519657,8.7346325]},"faces":{"down":{"uv":[8.5,6.0,10.0,7.5],"rotation":0,"texture":"#0","tintindex":0},"east":{"uv":[12.0,10.5,10.5,11.75],"rotation":0,"texture":"#0","tintindex":0},"north":{"uv":[12.0,1.5,10.5,2.75],"rotation":0,"texture":"#0","tintindex":0},"south":{"uv":[10.5,10.5,9.0,11.75],"rotation":0,"texture":"#0","tintindex":0},"up":{"uv":[8.5,6.0,10.0,4.5],"rotation":0,"texture":"#0","tintindex":0},"west":{"uv":[12.0,3.0,10.5,4.25],"rotation":0,"texture":"#0","tintindex":0}}},{"name":"cube","from":[8.893934,10.035714,7.55],"to":[9.493934,11.235714,8.75],"rotation":{"angle":0.0,"axis":"x","origin":[8.187059,7.519657,8.7346325]},"faces":{"down":{"uv":[5.0,12.5,5.5,13.5],"rotation":0,"texture":"#0","tintindex":0},"east":{"uv":[13.0,8.5,12.0,9.5],"rotation":0,"texture":"#0","tintindex":0},"north":{"uv":[4.0,12.5,3.5,13.5],"rotation":0,"texture":"#0","tintindex":0},"south":{"uv":[4.5,12.5,4.0,13.5],"rotation":0,"texture":"#0","tintindex":0},"up":{"uv":[4.5,13.5,5.0,12.5],"rotation":0,"texture":"#0","tintindex":0},"west":{"uv":[13.0,7.5,12.0,8.5],"rotation":0,"texture":"#0","tintindex":0}}},{"name":"cube","from":[6.5060663,10.035714,7.55],"to":[7.106066,11.235714,8.75],"rotation":{"angle":0.0,"axis":"x","origin":[7.812941,7.519657,8.7346325]},"faces":{"down":{"uv":[5.5,12.5,5.0,13.5],"rotation":0,"texture":"#0","tintindex":0},"east":{"uv":[12.0,7.5,13.0,8.5],"rotation":0,"texture":"#0","tintindex":0},"north":{"uv":[3.5,12.5,4.0,13.5],"rotation":0,"texture":"#0","tintindex":0},"south":{"uv":[4.0,12.5,4.5,13.5],"rotation":0,"texture":"#0","tintindex":0},"up":{"uv":[5.0,13.5,4.5,12.5],"rotation":0,"texture":"#0","tintindex":0},"west":{"uv":[12.0,8.5,13.0,9.5],"rotation":0,"texture":"#0","tintindex":0}}}],"display":{"head":{"translation":[0.0,-6.4,0.0],"rotation":[0.0,0.0,0.0],"scale":[3.8095,3.8095,3.8095]}}}