{"textures":{"0":"modelengine:entity/chipmunk","1":"modelengine:entity/acorn"},"elements":[{"name":"cube","from":[7.7,7.484375,6.8],"to":[8.3,8.084375,8.6],"rotation":{"angle":0.0,"axis":"x","origin":[8.81,10.74075,7.5233617]},"faces":{"down":{"uv":[12.0,12.0,11.5,13.5],"rotation":0,"texture":"#0","tintindex":0},"east":{"uv":[7.0,4.5,8.5,5.0],"rotation":0,"texture":"#0","tintindex":0},"north":{"uv":[1.5,9.5,2.0,10.0],"rotation":0,"texture":"#0","tintindex":0},"south":{"uv":[9.0,10.0,9.5,10.5],"rotation":0,"texture":"#0","tintindex":0},"up":{"uv":[12.5,12.0,12.0,10.5],"rotation":0,"texture":"#0","tintindex":0},"west":{"uv":[10.0,12.0,11.5,12.5],"rotation":0,"texture":"#0","tintindex":0}}}],"display":{"head":{"translation":[0.0,-6.4,0.0],"rotation":[0.0,0.0,0.0],"scale":[3.8095,3.8095,3.8095]}}}