{"textures":{"0":"modelengine:entity/chipmunk","1":"modelengine:entity/acorn"},"elements":[{"name":"cube","from":[7.4,6.588936,6.749614],"to":[8.6,8.388935,7.9496136],"rotation":{"angle":-22.5,"axis":"x","origin":[7.19,9.456375,7.973362]},"faces":{"down":{"uv":[12.0,1.5,13.0,2.5],"rotation":0,"texture":"#0","tintindex":0},"east":{"uv":[2.0,11.5,1.0,13.0],"rotation":0,"texture":"#0","tintindex":0},"north":{"uv":[1.0,11.0,0.0,12.5],"rotation":0,"texture":"#0","tintindex":0},"south":{"uv":[12.0,9.0,11.0,10.5],"rotation":0,"texture":"#0","tintindex":0},"up":{"uv":[11.5,7.5,12.5,6.5],"rotation":0,"texture":"#0","tintindex":0},"west":{"uv":[12.0,7.5,11.0,9.0],"rotation":0,"texture":"#0","tintindex":0}}}],"display":{"head":{"translation":[0.0,-6.4,0.0],"rotation":[0.0,0.0,0.0],"scale":[3.8095,3.8095,3.8095]}}}