{"credit":"magic_store_official","textures":{"0":"custom/furniture/medieval_001/dark_oak/mc_medieval_glass_01texture","particle":"custom/furniture/medieval_001/dark_oak/mc_medieval_glass_01texture"},"elements":[{"from":[6.5,0,6.75],"to":[9,1,9.25],"faces":{"north":{"uv":[3,4,5.5,5],"texture":"#0"},"east":{"uv":[4,3,6.5,4],"texture":"#0"},"south":{"uv":[3,4,5.5,5],"texture":"#0"},"west":{"uv":[4,3,6.5,4],"texture":"#0"},"up":{"uv":[6.5,2.5,4,0],"texture":"#0"},"down":{"uv":[6.5,2.5,4,0],"texture":"#0"}}},{"from":[4.5,2.5,7.75],"to":[5.5,3,8.25],"faces":{"north":{"uv":[6,4,7,4.5],"texture":"#0"},"east":{"uv":[8,8,8.5,8.5],"texture":"#0"},"south":{"uv":[7,4,6,4.5],"texture":"#0"},"west":{"uv":[8,8,8.5,8.5],"texture":"#0"},"up":{"uv":[6,8.5,5,8],"texture":"#0"},"down":{"uv":[6,8.5,5,8],"texture":"#0"}}},{"from":[4.5,0.5,7.75],"to":[5.5,1,8.25],"faces":{"north":{"uv":[6,4,7,4.5],"texture":"#0"},"east":{"uv":[8,8,8.5,8.5],"texture":"#0"},"south":{"uv":[7,4,6,4.5],"texture":"#0"},"west":{"uv":[8,8,8.5,8.5],"texture":"#0"},"up":{"uv":[6,8.5,5,8],"texture":"#0"},"down":{"uv":[6,8.5,5,8],"texture":"#0"}}},{"from":[4.5,1,7.75],"to":[5,2.5,8.25],"faces":{"north":{"uv":[4,8,4.5,9.5],"texture":"#0"},"east":{"uv":[8,4,8.5,5.5],"texture":"#0"},"south":{"uv":[4,8,4.5,9.5],"texture":"#0"},"west":{"uv":[8,4,8.5,5.5],"texture":"#0"},"up":{"uv":[8.5,7.5,8,7],"texture":"#0"},"down":{"uv":[8.5,7.5,8,7],"texture":"#0"}}},{"from":[9,0,6.25],"to":[9.5,3.5,9.75],"faces":{"north":{"uv":[1,8,1.5,11.5],"texture":"#0"},"east":{"uv":[0,0,3.5,3.5],"texture":"#0"},"south":{"uv":[1,8,1.5,11.5],"texture":"#0"},"west":{"uv":[0,0,3.5,3.5],"texture":"#0"},"up":{"uv":[2.5,11.5,2,8],"texture":"#0"},"down":{"uv":[2.5,11.5,2,8],"texture":"#0"}}},{"from":[6,0,6.25],"to":[6.5,3.5,9.75],"faces":{"north":{"uv":[1,8,1.5,11.5],"texture":"#0"},"east":{"uv":[0,0,3.5,3.5],"texture":"#0"},"south":{"uv":[1,8,1.5,11.5],"texture":"#0"},"west":{"uv":[0,0,3.5,3.5],"texture":"#0"},"up":{"uv":[2.5,11.5,2,8],"texture":"#0"},"down":{"uv":[2.5,11.5,2,8],"texture":"#0"}}},{"from":[5.5,0.5,5.75],"to":[6,1,10.25],"faces":{"north":{"uv":[7,8,7.5,8.5],"texture":"#0"},"east":{"uv":[4,6,8.5,6.5],"texture":"#0"},"south":{"uv":[7,8,7.5,8.5],"texture":"#0"},"west":{"uv":[4,6,8.5,6.5],"texture":"#0"},"up":{"uv":[7.5,4.5,7,0],"texture":"#0"},"down":{"uv":[7.5,4.5,7,0],"texture":"#0"}}},{"from":[5.5,2.5,5.75],"to":[6,3,10.25],"faces":{"north":{"uv":[6,8,6.5,8.5],"texture":"#0"},"east":{"uv":[3,5,7.5,5.5],"texture":"#0"},"south":{"uv":[6,8,6.5,8.5],"texture":"#0"},"west":{"uv":[3,5,7.5,5.5],"texture":"#0"},"up":{"uv":[3.5,10.5,3,6],"texture":"#0"},"down":{"uv":[3.5,10.5,3,6],"texture":"#0"}}},{"from":[9.5,2.5,5.75],"to":[10,3,10.25],"faces":{"north":{"uv":[6,8,6.5,8.5],"texture":"#0"},"east":{"uv":[3,5,7.5,5.5],"texture":"#0"},"south":{"uv":[6,8,6.5,8.5],"texture":"#0"},"west":{"uv":[3,5,7.5,5.5],"texture":"#0"},"up":{"uv":[3.5,10.5,3,6],"texture":"#0"},"down":{"uv":[3.5,10.5,3,6],"texture":"#0"}}},{"from":[9.5,0.5,5.75],"to":[10,1,10.25],"faces":{"north":{"uv":[7,8,7.5,8.5],"texture":"#0"},"east":{"uv":[4,6,8.5,6.5],"texture":"#0"},"south":{"uv":[7,8,7.5,8.5],"texture":"#0"},"west":{"uv":[4,6,8.5,6.5],"texture":"#0"},"up":{"uv":[7.5,4.5,7,0],"texture":"#0"},"down":{"uv":[7.5,4.5,7,0],"texture":"#0"}}},{"from":[5.5,2.5,5.75],"to":[6,3,10.25],"faces":{"north":{"uv":[6,8,6.5,8.5],"texture":"#0"},"east":{"uv":[3,5,7.5,5.5],"texture":"#0"},"up":{"uv":[3.5,10.5,3,6],"texture":"#0"}}},{"from":[6.5,0,9.25],"to":[9,3.5,9.75],"faces":{"north":{"uv":[0,4,2.5,7.5],"texture":"#0"},"east":{"uv":[0,8,0.5,11.5],"texture":"#0"},"south":{"uv":[0,4,2.5,7.5],"texture":"#0"},"west":{"uv":[0,8,0.5,11.5],"texture":"#0"},"up":{"uv":[10.5,3.5,8,3],"texture":"#0"},"down":{"uv":[10.5,3.5,8,3],"texture":"#0"}}},{"from":[6.5,0,6.25],"to":[9,3.5,6.75],"faces":{"north":{"uv":[0,4,2.5,7.5],"texture":"#0"},"east":{"uv":[0,8,0.5,11.5],"texture":"#0"},"south":{"uv":[0,4,2.5,7.5],"texture":"#0"},"west":{"uv":[0,8,0.5,11.5],"texture":"#0"},"up":{"uv":[10.5,3.5,8,3],"texture":"#0"},"down":{"uv":[10.5,3.5,8,3],"texture":"#0"}}},{"from":[6,2.5,9.75],"to":[9.5,3,10.25],"faces":{"north":{"uv":[8,1,11.5,1.5],"texture":"#0"},"east":{"uv":[5,9,5.5,9.5],"texture":"#0"},"south":{"uv":[8,1,11.5,1.5],"texture":"#0"},"west":{"uv":[5,9,5.5,9.5],"texture":"#0"},"up":{"uv":[11.5,2.5,8,2],"texture":"#0"},"down":{"uv":[11.5,2.5,8,2],"texture":"#0"}}},{"from":[6,0.5,9.75],"to":[9.5,1,10.25],"faces":{"north":{"uv":[4,7,7.5,7.5],"texture":"#0"},"east":{"uv":[9,4,9.5,4.5],"texture":"#0"},"south":{"uv":[4,7,7.5,7.5],"texture":"#0"},"west":{"uv":[9,4,9.5,4.5],"texture":"#0"},"up":{"uv":[11.5,0.5,8,0],"texture":"#0"},"down":{"uv":[11.5,0.5,8,0],"texture":"#0"}}},{"from":[6,2.5,5.75],"to":[9.5,3,6.25],"faces":{"north":{"uv":[8,1,11.5,1.5],"texture":"#0"},"east":{"uv":[5,9,5.5,9.5],"texture":"#0"},"south":{"uv":[8,1,11.5,1.5],"texture":"#0"},"west":{"uv":[5,9,5.5,9.5],"texture":"#0"},"up":{"uv":[11.5,2.5,8,2],"texture":"#0"},"down":{"uv":[11.5,2.5,8,2],"texture":"#0"}}},{"from":[6,0.5,5.75],"to":[9.5,1,6.25],"faces":{"north":{"uv":[4,7,7.5,7.5],"texture":"#0"},"east":{"uv":[9,4,9.5,4.5],"texture":"#0"},"south":{"uv":[4,7,7.5,7.5],"texture":"#0"},"west":{"uv":[9,4,9.5,4.5],"texture":"#0"},"up":{"uv":[11.5,0.5,8,0],"texture":"#0"},"down":{"uv":[11.5,0.5,8,0],"texture":"#0"}}}],"display":{"thirdperson_righthand":{"rotation":[70,36,0],"translation":[0,3.75,6]},"thirdperson_lefthand":{"rotation":[70,36,0],"translation":[0,3.75,6]},"firstperson_righthand":{"rotation":[1.75,120,0],"translation":[-5.5,9.75,7.5],"scale":[0.6,0.6,0.6]},"firstperson_lefthand":{"rotation":[1.75,120,0],"translation":[-5.5,9.75,7.5],"scale":[0.6,0.6,0.6]},"ground":{"translation":[0,4.25,0]},"gui":{"rotation":[30,140,0],"translation":[-0.25,10.5,0],"scale":[2,2,2]},"head":{"rotation":[0,0,1],"translation":[0,-19.25,0],"scale":[3,3,3]},"fixed":{"rotation":[-90,0,0],"translation":[0,0,-30],"scale":[3.75,3.75,3.75]}}}