{"credit":"magic_store_official","texture_size":[64,64],"textures":{"0":"custom/furniture/medieval_001/dark_oak/mc_medieval_barrel_01_texture","particle":"custom/furniture/medieval_001/dark_oak/mc_medieval_barrel_01_texture"},"elements":[{"from":[2,2,2],"to":[14,14,14],"faces":{"north":{"uv":[3.5,0,6.5,3],"texture":"#0"},"east":{"uv":[3.5,3,6.5,6],"texture":"#0"},"south":{"uv":[3.5,0,6.5,3],"texture":"#0"},"west":{"uv":[3.5,3,6.5,6],"texture":"#0"},"up":{"uv":[6.5,9,3.5,6],"texture":"#0"},"down":{"uv":[6.5,9,3.5,6],"texture":"#0"}}},{"from":[3,0,3],"to":[13,2,13],"faces":{"north":{"uv":[6.5,5,9,5.5],"texture":"#0"},"east":{"uv":[6.5,5.5,9,6],"texture":"#0"},"south":{"uv":[6.5,5,9,5.5],"texture":"#0"},"west":{"uv":[6.5,5.5,9,6],"texture":"#0"},"up":{"uv":[9,2.5,6.5,0],"texture":"#0"},"down":{"uv":[9,2.5,6.5,0],"texture":"#0"}}},{"from":[3,14,3],"to":[13,15,13],"faces":{"north":{"uv":[0,7,2.5,7.25],"texture":"#0"},"east":{"uv":[6.5,7,9,7.25],"texture":"#0"},"south":{"uv":[0,7,2.5,7.25],"texture":"#0"},"west":{"uv":[6.5,7,9,7.25],"texture":"#0"},"up":{"uv":[9,5,6.5,2.5],"texture":"#0"},"down":{"uv":[9,5,6.5,2.5],"texture":"#0"}}},{"from":[12,15,3],"to":[13,16,13],"faces":{"north":{"uv":[2.75,7,3,7.25],"texture":"#0"},"east":{"uv":[0,7.25,2.5,7.5],"texture":"#0"},"south":{"uv":[2.75,7,3,7.25],"texture":"#0"},"west":{"uv":[0,7.25,2.5,7.5],"texture":"#0"},"up":{"uv":[2.75,9.5,2.5,7],"texture":"#0"},"down":{"uv":[2.75,9.5,2.5,7],"texture":"#0"}}},{"from":[3,15,3],"to":[4,16,13],"rotation":{"angle":0,"axis":"y","origin":[16,0,0]},"faces":{"north":{"uv":[3,7,2.75,7.25],"texture":"#0"},"east":{"uv":[2.5,7.25,0,7.5],"texture":"#0"},"south":{"uv":[3,7,2.75,7.25],"texture":"#0"},"west":{"uv":[2.5,7.25,0,7.5],"texture":"#0"},"up":{"uv":[2.5,9.5,2.75,7],"texture":"#0"},"down":{"uv":[2.5,9.5,2.75,7],"texture":"#0"}}},{"from":[4,15,3],"to":[12,16,4],"faces":{"north":{"uv":[6.5,7.25,8.5,7.5],"texture":"#0"},"east":{"uv":[3,7,3.25,7.25],"texture":"#0"},"south":{"uv":[6.5,7.25,8.5,7.5],"texture":"#0"},"west":{"uv":[3,7,3.25,7.25],"texture":"#0"},"up":{"uv":[2,7.75,0,7.5],"texture":"#0"},"down":{"uv":[2,7.75,0,7.5],"texture":"#0"}}},{"from":[4,15,12],"to":[12,16,13],"rotation":{"angle":0,"axis":"y","origin":[0,0,16]},"faces":{"north":{"uv":[8.5,7.25,6.5,7.5],"texture":"#0"},"east":{"uv":[3.25,7,3,7.25],"texture":"#0"},"south":{"uv":[8.5,7.25,6.5,7.5],"texture":"#0"},"west":{"uv":[3.25,7,3,7.25],"texture":"#0"},"up":{"uv":[2,7.5,0,7.75],"texture":"#0"},"down":{"uv":[2,7.5,0,7.75],"texture":"#0"}}},{"from":[1,11,1],"to":[15,12,15],"faces":{"north":{"uv":[6.5,6.5,10,6.75],"texture":"#0"},"east":{"uv":[6.5,6.75,10,7],"texture":"#0"},"south":{"uv":[6.5,6.5,10,6.75],"texture":"#0"},"west":{"uv":[6.5,6.75,10,7],"texture":"#0"},"up":{"uv":[3.5,7,0,3.5],"texture":"#0"},"down":{"uv":[3.5,7,0,3.5],"texture":"#0"}}},{"from":[1,4,1],"to":[15,5,15],"faces":{"north":{"uv":[6.5,6,10,6.25],"texture":"#0"},"east":{"uv":[6.5,6.25,10,6.5],"texture":"#0"},"south":{"uv":[6.5,6,10,6.25],"texture":"#0"},"west":{"uv":[6.5,6.25,10,6.5],"texture":"#0"},"up":{"uv":[3.5,3.5,0,0],"texture":"#0"},"down":{"uv":[3.5,3.5,0,0],"texture":"#0"}}}],"display":{"thirdperson_righthand":{"rotation":[98,36,0],"translation":[0.5,2.25,1],"scale":[0.3,0.3,0.3]},"thirdperson_lefthand":{"rotation":[98,36,0],"translation":[0.5,2.25,1],"scale":[0.3,0.3,0.3]},"firstperson_righthand":{"rotation":[172,-23.5,-180],"translation":[-4,5,6.5],"scale":[0.22,0.22,0.22]},"firstperson_lefthand":{"rotation":[172,-23.5,-180],"translation":[-4,5,6.5],"scale":[0.22,0.22,0.22]},"ground":{"translation":[0,-1.25,0],"scale":[0.3,0.3,0.3]},"gui":{"rotation":[30,140,0],"translation":[-0.25,0.25,0],"scale":[0.7,0.7,0.7]},"head":{"translation":[0,-30.5,0],"scale":[1.6,1.6,1.6]},"fixed":{"rotation":[-90,0,0],"translation":[0,0,-18],"scale":[2,2,2]}}}