{"credit":"magic_store_official","texture_size":[64,64],"textures":{"0":"custom/furniture/medieval_001/dark_oak/mc_medieval_food_03_texture","particle":"custom/furniture/medieval_001/dark_oak/mc_medieval_food_03_texture"},"elements":[{"from":[-3,0,2],"to":[19,1,14],"faces":{"north":{"uv":[5.5,2,11,2.25],"texture":"#0"},"east":{"uv":[5.5,2.75,8.5,3],"texture":"#0"},"south":{"uv":[5.5,2,11,2.25],"texture":"#0"},"west":{"uv":[5.5,2.75,8.5,3],"texture":"#0"},"up":{"uv":[5.5,3,0,0],"texture":"#0"},"down":{"uv":[5.5,3,0,0],"texture":"#0"}}},{"from":[9,1,5],"to":[16,6,11],"faces":{"north":{"uv":[4.25,6.25,6,7.5],"texture":"#0"},"east":{"uv":[6.25,4.75,7.75,6],"texture":"#0"},"south":{"uv":[6,6.25,4.25,7.5],"texture":"#0"},"west":{"uv":[6.25,4.75,7.75,6],"texture":"#0"},"up":{"uv":[1.75,6.75,0,5.25],"texture":"#0"},"down":{"uv":[1.75,6.75,0,5.25],"texture":"#0"}}},{"from":[12,6,8],"to":[16,9,8],"faces":{"north":{"uv":[0,6.75,1,7.5],"texture":"#0"},"south":{"uv":[1,6.75,0,7.5],"texture":"#0"}}},{"from":[-4,6,4],"to":[4,7,4],"rotation":{"angle":-45,"axis":"z","origin":[0,0,0]},"faces":{"north":{"uv":[6.75,0,8.75,0.25],"texture":"#0"},"south":{"uv":[6.75,0,8.75,0.25],"texture":"#0"}}},{"from":[-4,6,12],"to":[4,7,12],"rotation":{"angle":-45,"axis":"z","origin":[0,0,0]},"faces":{"north":{"uv":[6.75,0,8.75,0.25],"texture":"#0"},"south":{"uv":[6.75,0,8.75,0.25],"texture":"#0"}}},{"from":[-4,7,4],"to":[4,13,12],"rotation":{"angle":-45,"axis":"z","origin":[0,0,0]},"faces":{"north":{"uv":[6.25,4.75,4.25,6.25],"texture":"#0"},"east":{"uv":[2.25,5,4.25,6.5],"texture":"#0"},"south":{"uv":[4.25,4.75,6.25,6.25],"texture":"#0"},"west":{"uv":[2.25,5,4.25,6.5],"texture":"#0"},"up":{"uv":[4.25,5,2.25,3],"texture":"#0"},"down":{"uv":[2,9.5,0,7.5],"texture":"#0"}}},{"from":[-4,6,4],"to":[-4,7,12],"rotation":{"angle":-45,"axis":"z","origin":[0,0,0]},"faces":{"east":{"uv":[6.75,0.25,8.75,0.5],"texture":"#0"},"west":{"uv":[6.75,0.25,8.75,0.5],"texture":"#0"}}},{"from":[-7,10,8],"to":[2,17,8],"rotation":{"angle":-45,"axis":"z","origin":[0,0,0]},"faces":{"north":{"uv":[4.25,3,6.5,4.75],"texture":"#0"},"south":{"uv":[6.5,3,4.25,4.75],"texture":"#0"}}},{"from":[0,1,3.5],"to":[9,3,12.5],"faces":{"north":{"uv":[5.5,2.25,7.75,2.75],"texture":"#0"},"east":{"uv":[6,6.25,8.25,6.75],"texture":"#0"},"south":{"uv":[5.5,2.25,7.75,2.75],"texture":"#0"},"west":{"uv":[6,6.25,8.25,6.75],"texture":"#0"},"up":{"uv":[2.25,5.25,0,3],"texture":"#0"},"down":{"uv":[2.25,5.25,0,3],"texture":"#0"}}},{"from":[0,3,3.5],"to":[0,4,12.5],"faces":{"east":{"uv":[6.5,4.5,8.75,4.75],"texture":"#0"},"west":{"uv":[6.5,4.5,8.75,4.75],"texture":"#0"}}},{"from":[0,3,3.5],"to":[9,4,3.5],"faces":{"north":{"uv":[6.25,6,8.5,6.25],"texture":"#0"},"south":{"uv":[6.25,6,8.5,6.25],"texture":"#0"}}},{"from":[0,3,12.5],"to":[9,4,12.5],"faces":{"north":{"uv":[6.25,6,8.5,6.25],"texture":"#0"},"south":{"uv":[6.25,6,8.5,6.25],"texture":"#0"}}},{"from":[1,3,6],"to":[5,6,10],"faces":{"north":{"uv":[6.5,3,7.5,3.75],"texture":"#0"},"east":{"uv":[6.5,3.75,7.5,4.5],"texture":"#0"},"south":{"uv":[6.5,3,7.5,3.75],"texture":"#0"},"west":{"uv":[6.5,3.75,7.5,4.5],"texture":"#0"},"up":{"uv":[2.75,7.5,1.75,6.5],"texture":"#0"},"down":{"uv":[2.75,7.5,1.75,6.5],"texture":"#0"}}},{"from":[13,9,4],"to":[18,9,12],"rotation":{"angle":-22.5,"axis":"z","origin":[0,0,0]},"faces":{"up":{"uv":[6.75,2,5.5,0],"texture":"#0"},"down":{"uv":[6.75,2,5.5,0],"texture":"#0"}}},{"from":[9,1,1],"to":[12,1,6],"rotation":{"angle":-22.5,"axis":"x","origin":[0,0,0]},"faces":{"up":{"uv":[3.5,7.75,2.75,6.5],"texture":"#0"},"down":{"uv":[3.5,7.75,2.75,6.5],"texture":"#0"}}},{"from":[9,1,10],"to":[12,1,15],"rotation":{"angle":22.5,"axis":"x","origin":[0,0,16]},"faces":{"up":{"uv":[3.5,6.5,2.75,7.75],"texture":"#0"},"down":{"uv":[3.5,6.5,2.75,7.75],"texture":"#0"}}}],"display":{"thirdperson_righthand":{"rotation":[83.55,2,1.41],"translation":[0,2,2.75],"scale":[0.3,0.3,0.3]},"thirdperson_lefthand":{"rotation":[83.55,2,1.41],"translation":[0,2,2.75],"scale":[0.3,0.3,0.3]},"firstperson_righthand":{"rotation":[1.75,-59,0],"translation":[-5.5,7.25,6.75],"scale":[0.3,0.3,0.3]},"firstperson_lefthand":{"rotation":[1.75,120,0],"translation":[-5.5,7.25,6.75],"scale":[0.3,0.3,0.3]},"ground":{"translation":[0,-0.5,0],"scale":[0.4,0.4,0.4]},"gui":{"rotation":[30,140,0],"translation":[0,2,0],"scale":[0.65,0.65,0.65]},"head":{"translation":[0,-19.25,0],"scale":[3,3,3]},"fixed":{"rotation":[-90,0,0],"translation":[0,0,-30],"scale":[3.75,3.75,3.75]}}}