{"credit":"magic_store_official","texture_size":[64,64],"textures":{"0":"custom/furniture/medieval_001/dark_oak/mc_medieval_lamp_01_texture","particle":"custom/furniture/medieval_001/dark_oak/mc_medieval_lamp_01_texture"},"elements":[{"from":[4,11,-2],"to":[12,12,6],"rotation":{"angle":0,"axis":"y","origin":[9,6.5,7.75]},"faces":{"north":{"uv":[7.75,5.75,9.75,6],"texture":"#0"},"east":{"uv":[7.75,6,9.75,6.25],"texture":"#0"},"south":{"uv":[7.75,5.75,9.75,6],"texture":"#0"},"west":{"uv":[7.75,6,9.75,6.25],"texture":"#0"},"up":{"uv":[7,2,5,0],"texture":"#0"},"down":{"uv":[7,2,5,0],"texture":"#0"}}},{"from":[4,19,-2],"to":[12,20,6],"rotation":{"angle":0,"axis":"y","origin":[9,6.5,7.75]},"faces":{"north":{"uv":[7.75,5.75,9.75,6],"texture":"#0"},"east":{"uv":[7.75,6,9.75,6.25],"texture":"#0"},"south":{"uv":[7.75,5.75,9.75,6],"texture":"#0"},"west":{"uv":[7.75,6,9.75,6.25],"texture":"#0"},"up":{"uv":[7,2,5,0],"texture":"#0"},"down":{"uv":[7,2,5,0],"texture":"#0"}}},{"from":[4.5,15,-1.5],"to":[11.5,16,5.5],"rotation":{"angle":0,"axis":"y","origin":[9,6.5,7.75]},"faces":{"north":{"uv":[7.75,6.25,9.5,6.5],"texture":"#0"},"east":{"uv":[8,1,9.75,1.25],"texture":"#0"},"south":{"uv":[7.75,6.25,9.5,6.5],"texture":"#0"},"west":{"uv":[8,1,9.75,1.25],"texture":"#0"},"up":{"uv":[4.75,6.75,3,5],"texture":"#0"},"down":{"uv":[4.75,6.75,3,5],"texture":"#0"}}},{"from":[5,12,-1],"to":[6,19,0],"rotation":{"angle":0,"axis":"y","origin":[9,6.5,7.75]},"faces":{"north":{"uv":[4.75,6.75,4.5,8.5],"texture":"#0"},"east":{"uv":[1,8,1.25,9.75],"texture":"#0"},"south":{"uv":[4.75,6.75,4.5,8.5],"texture":"#0"},"west":{"uv":[1,8,1.25,9.75],"texture":"#0"},"up":{"uv":[7.25,5,7,4.75],"texture":"#0"},"down":{"uv":[7.25,5,7,4.75],"texture":"#0"}}},{"from":[5,12,4],"to":[6,19,5],"rotation":{"angle":0,"axis":"y","origin":[9,6.5,7.75]},"faces":{"north":{"uv":[4.5,6.75,4.75,8.5],"texture":"#0"},"east":{"uv":[1.25,8,1,9.75],"texture":"#0"},"south":{"uv":[4.5,6.75,4.75,8.5],"texture":"#0"},"west":{"uv":[1.25,8,1,9.75],"texture":"#0"},"up":{"uv":[7.25,5,7,4.75],"texture":"#0"},"down":{"uv":[7.25,5,7,4.75],"texture":"#0"}}},{"from":[10,12,-1],"to":[11,19,0],"rotation":{"angle":0,"axis":"y","origin":[9,6.5,7.75]},"faces":{"north":{"uv":[4.5,6.75,4.75,8.5],"texture":"#0"},"east":{"uv":[1.25,8,1,9.75],"texture":"#0"},"south":{"uv":[4.5,6.75,4.75,8.5],"texture":"#0"},"west":{"uv":[1.25,8,1,9.75],"texture":"#0"},"up":{"uv":[7.25,5,7,4.75],"texture":"#0"},"down":{"uv":[7.25,5,7,4.75],"texture":"#0"}}},{"from":[10,12,4],"to":[11,19,5],"rotation":{"angle":0,"axis":"y","origin":[9,6.5,7.75]},"faces":{"north":{"uv":[4.75,6.75,4.5,8.5],"texture":"#0"},"east":{"uv":[1,8,1.25,9.75],"texture":"#0"},"south":{"uv":[4.75,6.75,4.5,8.5],"texture":"#0"},"west":{"uv":[1,8,1.25,9.75],"texture":"#0"},"up":{"uv":[7.25,5,7,4.75],"texture":"#0"},"down":{"uv":[7.25,5,7,4.75],"texture":"#0"}}},{"from":[6,12,0],"to":[10,19,4],"rotation":{"angle":0,"axis":"y","origin":[9,6.5,7.75]},"faces":{"north":{"uv":[3,6.75,4,8.5],"texture":"#0"},"east":{"uv":[7,1,8,2.75],"texture":"#0"},"south":{"uv":[3,6.75,4,8.5],"texture":"#0"},"west":{"uv":[7,1,8,2.75],"texture":"#0"},"up":{"uv":[7.25,8.5,6.25,7.5],"texture":"#0"},"down":{"uv":[7.25,8.5,6.25,7.5],"texture":"#0"}}},{"from":[5,10,-1],"to":[11,11,5],"rotation":{"angle":0,"axis":"y","origin":[9,6.5,7.75]},"faces":{"north":{"uv":[8,1.25,9.5,1.5],"texture":"#0"},"east":{"uv":[8,1.5,9.5,1.75],"texture":"#0"},"south":{"uv":[8,1.25,9.5,1.5],"texture":"#0"},"west":{"uv":[8,1.5,9.5,1.75],"texture":"#0"},"up":{"uv":[6.25,6.5,4.75,5],"texture":"#0"},"down":{"uv":[6.25,6.5,4.75,5],"texture":"#0"}}},{"from":[5,20,-1],"to":[11,21,5],"rotation":{"angle":0,"axis":"y","origin":[9,6.5,7.75]},"faces":{"north":{"uv":[8,1.25,9.5,1.5],"texture":"#0"},"east":{"uv":[8,1.5,9.5,1.75],"texture":"#0"},"south":{"uv":[8,1.25,9.5,1.5],"texture":"#0"},"west":{"uv":[8,1.5,9.5,1.75],"texture":"#0"},"up":{"uv":[6.25,6.5,4.75,5],"texture":"#0"},"down":{"uv":[6.25,6.5,4.75,5],"texture":"#0"}}},{"from":[8,21,1],"to":[8,25,3],"rotation":{"angle":0,"axis":"y","origin":[9,6.5,7.75]},"faces":{"east":{"uv":[0.5,8,1,9],"texture":"#0"},"west":{"uv":[0.5,8,1,9],"texture":"#0"}}},{"from":[6,25,-4],"to":[10,29,16],"rotation":{"angle":0,"axis":"y","origin":[9,6.5,7.75]},"faces":{"north":{"uv":[7.25,7.5,8.25,8.5],"texture":"#0"},"east":{"uv":[7,4,2,5],"texture":"#0"},"south":{"uv":[7.25,7.5,8.25,8.5],"texture":"#0"},"west":{"uv":[2,4,7,5],"texture":"#0"},"up":{"uv":[3,10,2,5],"texture":"#0"},"down":{"uv":[3,5,2,10],"texture":"#0"}}},{"from":[7,7.26256,20.17983],"to":[9,20.26256,22.17983],"rotation":{"angle":-45,"axis":"x","origin":[9,6.5,7.75]},"faces":{"north":{"uv":[1.5,6.5,2,9.75],"texture":"#0"},"east":{"uv":[4,6.75,4.5,10],"texture":"#0"},"south":{"uv":[1.5,6.5,2,9.75],"texture":"#0"},"west":{"uv":[4,6.75,4.5,10],"texture":"#0"},"up":{"uv":[7.5,4.75,7,4.25],"texture":"#0"},"down":{"uv":[7.5,4.75,7,4.25],"texture":"#0"}}},{"from":[5,24,1],"to":[11,30,3],"rotation":{"angle":0,"axis":"y","origin":[9,6.5,7.75]},"faces":{"north":{"uv":[6.25,5,7.75,6.5],"texture":"#0"},"east":{"uv":[0,8,0.5,9.5],"texture":"#0"},"south":{"uv":[6.25,5,7.75,6.5],"texture":"#0"},"west":{"uv":[0,8,0.5,9.5],"texture":"#0"},"up":{"uv":[9.25,5.75,7.75,5.25],"texture":"#0"},"down":{"uv":[9.25,5.75,7.75,5.25],"texture":"#0"}}},{"from":[5,16,13],"to":[11,32,19],"rotation":{"angle":0,"axis":"y","origin":[9,6.5,7.75]},"faces":{"north":{"uv":[2,0,3.5,4],"texture":"#0"},"east":{"uv":[3.5,0,5,4],"texture":"#0"},"south":{"uv":[2,0,3.5,4],"texture":"#0"},"west":{"uv":[3.5,0,5,4],"texture":"#0"},"up":{"uv":[1.5,8,0,6.5],"texture":"#0"},"down":{"uv":[1.5,11.25,0,9.75],"texture":"#0"}}},{"from":[6,-10,14],"to":[10,16,18],"rotation":{"angle":0,"axis":"y","origin":[9,6.5,7.75]},"faces":{"north":{"uv":[0,0,1,6.5],"texture":"#0"},"east":{"uv":[1,0,2,6.5],"texture":"#0"},"south":{"uv":[0,0,1,6.5],"texture":"#0"},"west":{"uv":[1,0,2,6.5],"texture":"#0"},"up":{"uv":[8.75,5.25,7.75,4.25],"texture":"#0"},"down":{"uv":[8.75,5.25,7.75,4.25],"texture":"#0"}}},{"from":[5,-12,13],"to":[11,-9,19],"rotation":{"angle":0,"axis":"y","origin":[9,6.5,7.75]},"faces":{"north":{"uv":[7,2.75,8.5,3.5],"texture":"#0"},"east":{"uv":[7,3.5,8.5,4.25],"texture":"#0"},"south":{"uv":[7,2.75,8.5,3.5],"texture":"#0"},"west":{"uv":[7,3.5,8.5,4.25],"texture":"#0"},"up":{"uv":[6.25,8,4.75,6.5],"texture":"#0"},"down":{"uv":[6.25,8,4.75,6.5],"texture":"#0"}}},{"from":[4,-16,12],"to":[12,-12,20],"rotation":{"angle":0,"axis":"y","origin":[9,6.5,7.75]},"faces":{"north":{"uv":[6.25,6.5,8.25,7.5],"texture":"#0"},"east":{"uv":[7,0,9,1],"texture":"#0"},"south":{"uv":[6.25,6.5,8.25,7.5],"texture":"#0"},"west":{"uv":[7,0,9,1],"texture":"#0"},"up":{"uv":[7,4,5,2],"texture":"#0"},"down":{"uv":[7,4,5,2],"texture":"#0"}}}],"display":{"thirdperson_righthand":{"rotation":[-3.95,0.61,4.76],"translation":[-0.5,0.75,-1],"scale":[0.3,0.3,0.3]},"thirdperson_lefthand":{"rotation":[-3.95,0.61,4.76],"translation":[-0.5,0.75,-1],"scale":[0.3,0.3,0.3]},"firstperson_righthand":{"rotation":[170.25,-180,-180],"translation":[-4,3.75,6.5],"scale":[0.22,0.22,0.22]},"firstperson_lefthand":{"rotation":[170.25,-180,-180],"translation":[-4,3.75,6.5],"scale":[0.22,0.22,0.22]},"ground":{"translation":[0,3.25,0],"scale":[0.3,0.3,0.3]},"gui":{"rotation":[30,140,0],"translation":[-1.25,-0.75,0],"scale":[0.325,0.325,0.325]},"head":{"translation":[0,18.75,-21],"scale":[2.6,2.6,2.6]},"fixed":{"rotation":[-90,0,0],"translation":[0,-26.25,-78],"scale":[3.25,3.25,3.25]}}}