{"credit":"magic_store_official","texture_size":[32,32],"textures":{"0":"custom/furniture/medieval_001/dark_oak/mc_medieval_flag_01_texture","particle":"custom/furniture/medieval_001/dark_oak/mc_medieval_flag_01_texture"},"elements":[{"from":[8,29.25,11.25],"to":[15,29.75,11.75],"rotation":{"angle":-22.5,"axis":"z","origin":[8,30,11]},"faces":{"north":{"uv":[5,4.5,8.5,4.75],"texture":"#0"},"east":{"uv":[5.5,6,5.75,6.25],"texture":"#0"},"south":{"uv":[8.5,4.5,5,4.75],"texture":"#0"},"west":{"uv":[5.5,6,5.75,6.25],"texture":"#0"},"up":{"uv":[8.5,5.25,5,5],"texture":"#0"},"down":{"uv":[8.5,5.25,5,5],"texture":"#0"}}},{"from":[1,29.25,11.25],"to":[8,29.75,11.75],"rotation":{"angle":22.5,"axis":"z","origin":[8,30,11]},"faces":{"north":{"uv":[8.5,4.5,5,4.75],"texture":"#0"},"east":{"uv":[5.75,6,5.5,6.25],"texture":"#0"},"south":{"uv":[5,4.5,8.5,4.75],"texture":"#0"},"west":{"uv":[5.75,6,5.5,6.25],"texture":"#0"},"up":{"uv":[5,5.25,8.5,5],"texture":"#0"},"down":{"uv":[5,5.25,8.5,5],"texture":"#0"}}},{"from":[6.84776,27.98463,10.25],"to":[7.84776,28.98463,12.75],"rotation":{"angle":45,"axis":"z","origin":[6,30,11]},"faces":{"north":{"uv":[6,4,6.5,4.5],"texture":"#0"},"east":{"uv":[5.5,5.5,6.75,6],"texture":"#0"},"south":{"uv":[6,4,6.5,4.5],"texture":"#0"},"west":{"uv":[5.5,5.5,6.75,6],"texture":"#0"},"up":{"uv":[6.5,3.25,6,2],"texture":"#0"},"down":{"uv":[6.5,3.25,6,2],"texture":"#0"}}},{"from":[1,25,10],"to":[15,27,12],"rotation":{"angle":0,"axis":"y","origin":[0,0,-3]},"faces":{"north":{"uv":[5,0,12,1],"texture":"#0"},"east":{"uv":[5,3.5,6,4.5],"texture":"#0"},"south":{"uv":[5,0,12,1],"texture":"#0"},"west":{"uv":[5,3.5,6,4.5],"texture":"#0"},"up":{"uv":[12,2,5,1],"texture":"#0"},"down":{"uv":[12,2,5,1],"texture":"#0"}}},{"from":[7,2,12],"to":[9,31,13],"rotation":{"angle":0,"axis":"y","origin":[0,0,-3]},"faces":{"north":{"uv":[13.5,0,14.5,14.5],"texture":"#0"},"east":{"uv":[14.5,0,15,14.5],"texture":"#0"},"south":{"uv":[13.5,0,14.5,14.5],"texture":"#0"},"west":{"uv":[14.5,0,15,14.5],"texture":"#0"},"up":{"uv":[7,4,6,3.5],"texture":"#0"},"down":{"uv":[7,4,6,3.5],"texture":"#0"}}},{"from":[3,2,11],"to":[13,25,11],"rotation":{"angle":0,"axis":"y","origin":[0,0,-3]},"faces":{"north":{"uv":[0,0,5,11.5],"texture":"#0"},"east":{"uv":[0,0,0,0],"texture":"#0"},"south":{"uv":[0,0,5,11.5],"texture":"#0"},"west":{"uv":[0,0,0,0],"texture":"#0"},"up":{"uv":[0,0,0,0],"texture":"#0"},"down":{"uv":[0,0,0,0],"texture":"#0"}}},{"from":[4,0,10],"to":[12,1,15],"rotation":{"angle":0,"axis":"y","origin":[0,0,-3]},"faces":{"north":{"uv":[5.5,13,9.5,13.5],"texture":"#0"},"east":{"uv":[7,12.5,9.5,13],"texture":"#0"},"south":{"uv":[5.5,13,9.5,13.5],"texture":"#0"},"west":{"uv":[7,12.5,9.5,13],"texture":"#0"},"up":{"uv":[5.5,13.5,9.5,16],"texture":"#0"},"down":{"uv":[5.5,13.5,9.5,16],"texture":"#0"}}},{"from":[6,1,11],"to":[10,2,14],"rotation":{"angle":0,"axis":"y","origin":[0,0,-3]},"faces":{"north":{"uv":[9.75,14,11.75,14.5],"texture":"#0"},"east":{"uv":[10.25,13.5,11.75,14],"texture":"#0"},"south":{"uv":[9.75,14,11.75,14.5],"texture":"#0"},"west":{"uv":[10.25,13.5,11.75,14],"texture":"#0"},"up":{"uv":[9.75,14.5,11.75,16],"texture":"#0"},"down":{"uv":[9.75,14.5,11.75,16],"texture":"#0"}}}],"display":{"thirdperson_righthand":{"rotation":[52.97,5.03,0.53],"translation":[-0.25,2.5,1.5],"scale":[0.3,0.3,0.3]},"thirdperson_lefthand":{"rotation":[52.97,5.03,0.53],"translation":[-0.25,2.5,1.5],"scale":[0.3,0.3,0.3]},"firstperson_righthand":{"rotation":[1.75,30,0],"translation":[-5.5,3,5.25],"scale":[0.4,0.4,0.4]},"firstperson_lefthand":{"rotation":[1.75,30,0],"translation":[-5.5,3,5.25],"scale":[0.4,0.4,0.4]},"ground":{"translation":[0,-1,0],"scale":[0.4,0.4,0.4]},"gui":{"rotation":[30,140,0],"translation":[-1,-3.5,0],"scale":[0.5,0.5,0.5]},"head":{"rotation":[0,-180,0],"translation":[0,-17.75,14.5],"scale":[3.2,3.2,3.2]},"fixed":{"rotation":[-90,0,0],"translation":[0,-17.75,-32],"scale":[4,4,4]}}}