{"credit":"magic_store_official","texture_size":[32,32],"textures":{"0":"custom/furniture/medieval_001/dark_oak/mc_medieval_flag_01_texture","particle":"custom/furniture/medieval_001/dark_oak/mc_medieval_flag_01_texture"},"elements":[{"from":[8,29.25,14.25],"to":[15,29.75,14.75],"rotation":{"angle":-22.5,"axis":"z","origin":[8,30,14]},"faces":{"north":{"uv":[5,4.5,8.5,4.75],"texture":"#0"},"east":{"uv":[5.5,6,5.75,6.25],"texture":"#0"},"south":{"uv":[8.5,4.5,5,4.75],"texture":"#0"},"west":{"uv":[5.5,6,5.75,6.25],"texture":"#0"},"up":{"uv":[8.5,5.25,5,5],"texture":"#0"},"down":{"uv":[8.5,5.25,5,5],"texture":"#0"}}},{"from":[1,29.25,14.25],"to":[8,29.75,14.75],"rotation":{"angle":22.5,"axis":"z","origin":[8,30,14]},"faces":{"north":{"uv":[8.5,4.5,5,4.75],"texture":"#0"},"east":{"uv":[5.75,6,5.5,6.25],"texture":"#0"},"south":{"uv":[5,4.5,8.5,4.75],"texture":"#0"},"west":{"uv":[5.75,6,5.5,6.25],"texture":"#0"},"up":{"uv":[5,5.25,8.5,5],"texture":"#0"},"down":{"uv":[5,5.25,8.5,5],"texture":"#0"}}},{"from":[6.84776,27.98463,13.25],"to":[7.84776,28.98463,15.75],"rotation":{"angle":45,"axis":"z","origin":[6,30,14]},"faces":{"north":{"uv":[6,4,6.5,4.5],"texture":"#0"},"east":{"uv":[5.5,5.5,6.75,6],"texture":"#0"},"south":{"uv":[6,4,6.5,4.5],"texture":"#0"},"west":{"uv":[5.5,5.5,6.75,6],"texture":"#0"},"up":{"uv":[6.5,3.25,6,2],"texture":"#0"},"down":{"uv":[6.5,3.25,6,2],"texture":"#0"}}},{"from":[1,25,13],"to":[15,27,15],"faces":{"north":{"uv":[5,0,12,1],"texture":"#0"},"east":{"uv":[5,3.5,6,4.5],"texture":"#0"},"south":{"uv":[5,0,12,1],"texture":"#0"},"west":{"uv":[5,3.5,6,4.5],"texture":"#0"},"up":{"uv":[12,2,5,1],"texture":"#0"},"down":{"uv":[12,2,5,1],"texture":"#0"}}},{"from":[7,28,15],"to":[9,31,16],"faces":{"north":{"uv":[13.5,4,14.5,5.5],"texture":"#0"},"east":{"uv":[13.5,7.5,14,9],"texture":"#0"},"south":{"uv":[13.5,4,14.5,5.5],"texture":"#0"},"west":{"uv":[14,7.5,13.5,9],"texture":"#0"},"up":{"uv":[15,7,14,6.5],"texture":"#0"},"down":{"uv":[15,7,14,6.5],"texture":"#0"}}},{"from":[3,2,14],"to":[13,25,14],"faces":{"north":{"uv":[0,0,5,11.5],"texture":"#0"},"south":{"uv":[5,0,0,11.5],"texture":"#0"}}}],"display":{"thirdperson_righthand":{"rotation":[52.97,5.03,0.53],"translation":[-0.25,2.5,1.5],"scale":[0.3,0.3,0.3]},"thirdperson_lefthand":{"rotation":[52.97,5.03,0.53],"translation":[-0.25,2.5,1.5],"scale":[0.3,0.3,0.3]},"firstperson_righthand":{"rotation":[1.75,30,0],"translation":[-5.5,3,5.25],"scale":[0.4,0.4,0.4]},"firstperson_lefthand":{"rotation":[1.75,30,0],"translation":[-5.5,3,5.25],"scale":[0.4,0.4,0.4]},"ground":{"translation":[0,-1,0],"scale":[0.4,0.4,0.4]},"gui":{"rotation":[30,140,0],"translation":[-2,-5.25,0],"scale":[0.5,0.5,0.5]},"head":{"rotation":[-4,0,0],"translation":[0,-17.75,-14.5],"scale":[3.2,3.2,3.2]},"fixed":{"translation":[0,-80,-32],"scale":[4,4,4]}}}