{"credit":"magic_store_official","texture_size":[32,32],"textures":{"0":"custom/furniture/medieval_001/dark_oak/mc_medieval_food_01_texture","particle":"custom/furniture/medieval_001/dark_oak/mc_medieval_food_01_texture"},"elements":[{"from":[1,0,4],"to":[15,1,12],"rotation":{"angle":0,"axis":"y","origin":[16,0,0]},"faces":{"north":{"uv":[2,4,9,4.5],"texture":"#0"},"east":{"uv":[3.5,6,7.5,6.5],"texture":"#0"},"south":{"uv":[2,4,9,4.5],"texture":"#0"},"west":{"uv":[3.5,6,7.5,6.5],"texture":"#0"},"up":{"uv":[7,4,0,0],"texture":"#0"},"down":{"uv":[7,4,0,0],"texture":"#0"}}},{"from":[7,1,7],"to":[11,4,11],"rotation":{"angle":0,"axis":"y","origin":[16,0,0]},"faces":{"north":{"uv":[2,4.5,4,6],"texture":"#0"},"east":{"uv":[4,4.5,6,6],"texture":"#0"},"south":{"uv":[2,4.5,4,6],"texture":"#0"},"west":{"uv":[0,6,2,7.5],"texture":"#0"},"up":{"uv":[2,6,0,4],"texture":"#0"},"down":{"uv":[2,6,0,4],"texture":"#0"}}},{"from":[11,1,6],"to":[13,3,10],"rotation":{"angle":0,"axis":"y","origin":[16,0,0]},"faces":{"north":{"uv":[5.5,6.5,6.5,7.5],"texture":"#0"},"east":{"uv":[6,4.5,8,5.5],"texture":"#0"},"south":{"uv":[5.5,6.5,6.5,7.5],"texture":"#0"},"west":{"uv":[6,4.5,8,5.5],"texture":"#0"},"up":{"uv":[4.5,8.5,3.5,6.5],"texture":"#0"},"down":{"uv":[4.5,8.5,3.5,6.5],"texture":"#0"}}},{"from":[13,1,7],"to":[14,2,8],"rotation":{"angle":0,"axis":"y","origin":[16,0,0]},"faces":{"north":{"uv":[7.5,3,7,3.5],"texture":"#0"},"east":{"uv":[7,3.5,7.5,4],"texture":"#0"},"south":{"uv":[7,3,7.5,3.5],"texture":"#0"},"west":{"uv":[7,3.5,7.5,4],"texture":"#0"},"up":{"uv":[7,7.5,6.5,7],"texture":"#0"},"down":{"uv":[7,7.5,6.5,7],"texture":"#0"}}},{"from":[7,1,10],"to":[10,2,14],"rotation":{"angle":-22.5,"axis":"y","origin":[16,0,0]},"faces":{"north":{"uv":[6.5,6.5,8,7],"texture":"#0"},"east":{"uv":[6,5.5,8,6],"texture":"#0"},"south":{"uv":[6.5,6.5,8,7],"texture":"#0"},"west":{"uv":[6,5.5,8,6],"texture":"#0"},"up":{"uv":[3.5,8,2,6],"texture":"#0"},"down":{"uv":[3.5,8,2,6],"texture":"#0"}}},{"from":[5,5,11],"to":[7,9,11],"rotation":{"angle":22.5,"axis":"z","origin":[16,0,0]},"faces":{"north":{"uv":[5.5,6.5,4.5,8.5],"texture":"#0"},"east":{"uv":[0,0,0,2],"texture":"#0"},"south":{"uv":[4.5,6.5,5.5,8.5],"texture":"#0"},"west":{"uv":[0,0,0,2],"texture":"#0"},"up":{"uv":[1,0,0,0],"texture":"#0"},"down":{"uv":[1,0,0,0],"texture":"#0"}}},{"from":[6,9,10.8],"to":[7,12,11.25],"rotation":{"angle":22.5,"axis":"z","origin":[16,0,0]},"faces":{"north":{"uv":[7,0,7.5,1.5],"texture":"#0"},"east":{"uv":[7,1.5,7.25,3],"texture":"#0"},"south":{"uv":[7,0,7.5,1.5],"texture":"#0"},"west":{"uv":[7,1.5,7.25,3],"texture":"#0"},"up":{"uv":[7.5,7.25,7,7],"texture":"#0"},"down":{"uv":[7.5,7.25,7,7],"texture":"#0"}}}],"display":{"thirdperson_righthand":{"rotation":[101.75,36,0],"translation":[0,1.5,5.25],"scale":[0.6,0.6,0.6]},"thirdperson_lefthand":{"rotation":[101.75,36,0],"translation":[0,1.5,5.25],"scale":[0.6,0.6,0.6]},"firstperson_righthand":{"rotation":[1.75,-60,0],"translation":[-5.5,9,6.75],"scale":[0.45,0.45,0.45]},"firstperson_lefthand":{"rotation":[1.75,120,0],"translation":[-5.5,9,6.75],"scale":[0.45,0.45,0.45]},"ground":{"translation":[0,1,0],"scale":[0.65,0.65,0.65]},"gui":{"rotation":[30,140,0],"translation":[0,4.5,0],"scale":[0.9,0.9,0.9]},"head":{"translation":[0,-19.25,0],"scale":[3,3,3]},"fixed":{"rotation":[-90,0,0],"translation":[0,0,-30],"scale":[3.75,3.75,3.75]}}}