{"credit":"magic_store_official","texture_size":[32,32],"textures":{"0":"custom/furniture/medieval_001/dark_oak/mc_medieval_floatingshelf_01_texture","particle":"custom/furniture/medieval_001/dark_oak/mc_medieval_floatingshelf_01_texture"},"elements":[{"from":[1,14,12],"to":[17,16,16],"faces":{"north":{"uv":[6,0,14,1],"texture":"#0"},"east":{"uv":[7,7,9,8],"texture":"#0"},"south":{"uv":[6,0,14,1],"texture":"#0"},"west":{"uv":[9,7,7,8],"texture":"#0"},"up":{"uv":[8,5,0,3],"texture":"#0"},"down":{"uv":[8,3,0,5],"texture":"#0"}}},{"from":[-1,14,8],"to":[15,16,12],"faces":{"north":{"uv":[6,0,14,1],"texture":"#0"},"east":{"uv":[7,7,9,8],"texture":"#0"},"south":{"uv":[6,0,14,1],"texture":"#0"},"west":{"uv":[9,7,7,8],"texture":"#0"},"up":{"uv":[0,3,8,5],"texture":"#0"},"down":{"uv":[8,3,0,5],"texture":"#0"}}},{"from":[0,14,4],"to":[16,16,8],"faces":{"north":{"uv":[6,0,14,1],"texture":"#0"},"east":{"uv":[7,7,9,8],"texture":"#0"},"south":{"uv":[6,0,14,1],"texture":"#0"},"west":{"uv":[9,7,7,8],"texture":"#0"},"up":{"uv":[0,5,8,3],"texture":"#0"},"down":{"uv":[8,3,0,5],"texture":"#0"}}},{"from":[3,12,6],"to":[5,14,15],"faces":{"north":{"uv":[8,3,9,4],"texture":"#0"},"east":{"uv":[6,6,10.5,7],"texture":"#0"},"south":{"uv":[8,3,9,4],"texture":"#0"},"west":{"uv":[10.5,6,6,7],"texture":"#0"},"up":{"uv":[1,11.5,0,7],"texture":"#0"},"down":{"uv":[1,11.5,0,7],"texture":"#0"}}},{"from":[4,10,10],"to":[12,11,14],"faces":{"north":{"uv":[1,7.5,5,8],"texture":"#0"},"east":{"uv":[8,4,10,4.5],"texture":"#0"},"south":{"uv":[1,7.5,5,8],"texture":"#0"},"west":{"uv":[8,4,10,4.5],"texture":"#0"},"up":{"uv":[10,3,6,1],"texture":"#0"},"down":{"uv":[10,1,6,3],"texture":"#0"}}},{"from":[2,8,15],"to":[14,14,16],"faces":{"north":{"uv":[0,0,6,3],"texture":"#0"},"east":{"uv":[7.5,8,8,11],"texture":"#0"},"south":{"uv":[0,0,6,3],"texture":"#0"},"west":{"uv":[8,8,7.5,11],"texture":"#0"},"up":{"uv":[7,7.5,1,7],"texture":"#0"},"down":{"uv":[7,7.5,1,7],"texture":"#0"}}},{"from":[11,12,6],"to":[13,14,15],"rotation":{"angle":0,"axis":"y","origin":[10,0,0]},"faces":{"north":{"uv":[8,3,9,4],"texture":"#0"},"east":{"uv":[6,6,10.5,7],"texture":"#0"},"south":{"uv":[8,3,9,4],"texture":"#0"},"west":{"uv":[10.5,6,6,7],"texture":"#0"},"up":{"uv":[1,11.5,0,7],"texture":"#0"},"down":{"uv":[1,11.5,0,7],"texture":"#0"}}},{"from":[12.25,8,6],"to":[12.25,12,15],"rotation":{"angle":0,"axis":"y","origin":[10,0,0]},"faces":{"east":{"uv":[11.5,14,16,16],"texture":"#0"},"west":{"uv":[16,14,11.5,16],"texture":"#0"}}},{"from":[3.75,8,6],"to":[3.75,12,15],"rotation":{"angle":0,"axis":"y","origin":[10,0,0]},"faces":{"east":{"uv":[11.5,14,16,16],"texture":"#0"},"west":{"uv":[16,14,11.5,16],"texture":"#0"}}}],"display":{"thirdperson_righthand":{"rotation":[101.75,36,0],"translation":[0,3.25,-1],"scale":[0.3,0.3,0.3]},"thirdperson_lefthand":{"rotation":[101.75,36,0],"translation":[0,3.25,-1],"scale":[0.3,0.3,0.3]},"firstperson_righthand":{"rotation":[1.75,30,0],"translation":[-5.5,3,5.25],"scale":[0.4,0.4,0.4]},"firstperson_lefthand":{"rotation":[1.75,30,0],"translation":[-5.5,3,5.25],"scale":[0.4,0.4,0.4]},"ground":{"translation":[0,-4.25,0],"scale":[0.5,0.5,0.5]},"gui":{"rotation":[30,140,0],"translation":[-0.75,-5.25,0],"scale":[0.7,0.7,0.7]},"head":{"translation":[-0.5,-43.25,-4.5],"scale":[2.2,2.2,2.2]},"fixed":{"translation":[0,-5.5,-22],"scale":[2.75,2.75,2.75]}}}