{"credit":"magic_store_official","textures":{"0":"custom/furniture/medieval_001/dark_oak/mc_medieval_food_02texture","particle":"custom/furniture/medieval_001/dark_oak/mc_medieval_food_02texture"},"elements":[{"from":[4,0,5],"to":[9,5,10],"faces":{"north":{"uv":[0,0,5,5],"texture":"#0"},"east":{"uv":[0,5,5,10],"texture":"#0"},"south":{"uv":[5,0,0,5],"texture":"#0"},"west":{"uv":[5,0,10,5],"texture":"#0"},"up":{"uv":[10,10,5,5],"texture":"#0"},"down":{"uv":[10,10,5,5],"texture":"#0"}}},{"from":[9,0,6],"to":[11,4,9],"faces":{"north":{"uv":[10,0,12,4],"texture":"#0"},"east":{"uv":[0,10,3,14],"texture":"#0"},"south":{"uv":[10,0,12,4],"texture":"#0"},"west":{"uv":[0,10,3,14],"texture":"#0"},"up":{"uv":[5,13,3,10],"texture":"#0"},"down":{"uv":[5,13,3,10],"texture":"#0"}}},{"from":[10,1,7],"to":[13,2,8],"faces":{"north":{"uv":[10,4,13,5],"texture":"#0"},"east":{"uv":[10,5,11,6],"texture":"#0"},"south":{"uv":[10,4,13,5],"texture":"#0"},"west":{"uv":[10,5,11,6],"texture":"#0"},"up":{"uv":[8,11,5,10],"texture":"#0"},"down":{"uv":[8,11,5,10],"texture":"#0"}}},{"from":[3,2,7],"to":[4,3,8],"faces":{"north":{"uv":[10,6,11,7],"texture":"#0"},"east":{"uv":[10,6,11,7],"texture":"#0"},"south":{"uv":[10,6,11,7],"texture":"#0"},"west":{"uv":[11,6,10,7],"texture":"#0"},"up":{"uv":[11,6,10,7],"texture":"#0"},"down":{"uv":[10,6,11,7],"texture":"#0"}}},{"from":[13,2,7],"to":[14,3,8],"faces":{"north":{"uv":[10,6,11,7],"texture":"#0"},"east":{"uv":[10,6,11,7],"texture":"#0"},"south":{"uv":[10,6,11,7],"texture":"#0"},"west":{"uv":[10,6,11,7],"texture":"#0"},"up":{"uv":[10,6,11,7],"texture":"#0"},"down":{"uv":[10,6,11,7],"texture":"#0"}}},{"from":[13,0,7],"to":[14,1,8],"faces":{"north":{"uv":[10,6,11,7],"texture":"#0"},"east":{"uv":[10,6,11,7],"texture":"#0"},"south":{"uv":[10,6,11,7],"texture":"#0"},"west":{"uv":[10,6,11,7],"texture":"#0"},"up":{"uv":[10,6,11,7],"texture":"#0"},"down":{"uv":[10,6,11,7],"texture":"#0"}}}],"display":{"thirdperson_righthand":{"rotation":[101.75,36,0],"translation":[0,1.5,5.25],"scale":[0.6,0.6,0.6]},"thirdperson_lefthand":{"rotation":[101.75,36,0],"translation":[0,1.5,5.25],"scale":[0.6,0.6,0.6]},"firstperson_righthand":{"rotation":[1.75,-60,0],"translation":[-5.5,9,6.75],"scale":[0.45,0.45,0.45]},"firstperson_lefthand":{"rotation":[1.75,120,0],"translation":[-5.5,9,6.75],"scale":[0.45,0.45,0.45]},"ground":{"translation":[0,1,0],"scale":[0.65,0.65,0.65]},"gui":{"rotation":[30,140,0],"translation":[0,5.75,0],"scale":[1.2,1.2,1.2]},"head":{"translation":[0,-19.25,0],"scale":[3,3,3]},"fixed":{"rotation":[-90,0,0],"translation":[0,0,-30],"scale":[3.75,3.75,3.75]}}}