{"credit":"magic_store_official","texture_size":[32,32],"textures":{"0":"custom/furniture/medieval_001/dark_oak/mc_medieval_food_01_texture","particle":"custom/furniture/medieval_001/dark_oak/mc_medieval_food_01_texture"},"elements":[{"from":[4,0,5],"to":[12,1,11],"rotation":{"angle":0,"axis":"y","origin":[16,0,0]},"faces":{"north":{"uv":[9,0,13,0.5],"texture":"#0"},"east":{"uv":[10,0.5,13,1],"texture":"#0"},"south":{"uv":[9,0,13,0.5],"texture":"#0"},"west":{"uv":[10,0.5,13,1],"texture":"#0"},"up":{"uv":[13,0,16,4],"rotation":90,"texture":"#0"},"down":{"uv":[13,0,16,4],"rotation":90,"texture":"#0"}}},{"from":[5,0,4],"to":[11,1,5],"rotation":{"angle":0,"axis":"y","origin":[16,0,0]},"faces":{"north":{"uv":[10,0.5,13,1],"texture":"#0"},"east":{"uv":[9.5,0.5,10,1],"texture":"#0"},"south":{"uv":[10,0.5,13,1],"texture":"#0"},"west":{"uv":[9.5,0.5,10,1],"texture":"#0"},"up":{"uv":[12.5,1,13,4],"rotation":90,"texture":"#0"},"down":{"uv":[12.5,1,13,4],"rotation":90,"texture":"#0"}}},{"from":[5,0,11],"to":[11,1,12],"rotation":{"angle":0,"axis":"y","origin":[16,0,0]},"faces":{"north":{"uv":[10,0.5,13,1],"texture":"#0"},"east":{"uv":[9.5,0.5,10,1],"texture":"#0"},"south":{"uv":[10,0.5,13,1],"texture":"#0"},"west":{"uv":[9.5,0.5,10,1],"texture":"#0"},"up":{"uv":[13,1,12.5,4],"rotation":90,"texture":"#0"},"down":{"uv":[12.5,1,13,4],"rotation":90,"texture":"#0"}}},{"from":[10,1,7],"to":[11,2,11],"rotation":{"angle":-22.5,"axis":"y","origin":[16,0,0]},"faces":{"north":{"uv":[14,8.25,14.5,8.75],"texture":"#0"},"east":{"uv":[14,7.75,16,8.25],"texture":"#0"},"south":{"uv":[14,8.25,14.5,8.75],"texture":"#0"},"west":{"uv":[16,7.75,14,8.25],"texture":"#0"},"up":{"uv":[14,7.25,16,7.75],"rotation":90,"texture":"#0"},"down":{"uv":[14,7.25,16,7.75],"rotation":90,"texture":"#0"}}},{"from":[2,1,-3],"to":[3,2,1],"rotation":{"angle":45,"axis":"y","origin":[16,0,0]},"faces":{"north":{"uv":[14,8.25,14.5,8.75],"texture":"#0"},"east":{"uv":[14,7.75,16,8.25],"texture":"#0"},"south":{"uv":[14,8.25,14.5,8.75],"texture":"#0"},"west":{"uv":[16,7.75,14,8.25],"texture":"#0"},"up":{"uv":[14,7.25,16,7.75],"rotation":90,"texture":"#0"},"down":{"uv":[14,7.25,16,7.75],"rotation":90,"texture":"#0"}}},{"from":[8.5,3.5,7],"to":[11,4,11],"rotation":{"angle":0,"axis":"y","origin":[16,0,0]},"faces":{"north":{"uv":[12.75,4,13.95,4.25],"texture":"#0"},"east":{"uv":[14,5.25,16,5.5],"texture":"#0"},"south":{"uv":[12.75,4,13.95,4.25],"texture":"#0"},"west":{"uv":[14,5.25,16,5.5],"texture":"#0"},"up":{"uv":[14,4,16,5.2],"rotation":90,"texture":"#0"},"down":{"uv":[14,4,16,5.2],"rotation":90,"texture":"#0"}}},{"from":[8,2,7],"to":[11.5,3.5,11],"rotation":{"angle":0,"axis":"y","origin":[16,0,0]},"faces":{"north":{"uv":[14.25,5.75,16,6.5],"texture":"#0"},"east":{"uv":[14,6.5,16,7.25],"texture":"#0"},"south":{"uv":[14.25,5.75,16,6.5],"texture":"#0"},"west":{"uv":[14,6.5,16,7.25],"texture":"#0"},"up":{"uv":[12,4.5,14,6.25],"rotation":90,"texture":"#0"},"down":{"uv":[12,4.5,14,6.25],"rotation":90,"texture":"#0"}}},{"from":[8.5,1,7],"to":[11,2,11],"rotation":{"angle":0,"axis":"y","origin":[16,0,0]},"faces":{"north":{"uv":[12.75,6.25,14,6.75],"texture":"#0"},"east":{"uv":[12,6.75,14,7.25],"texture":"#0"},"south":{"uv":[12.75,6.25,14,6.75],"texture":"#0"},"west":{"uv":[12,6.75,14,7.25],"texture":"#0"},"up":{"uv":[12,7.25,14,8.5],"rotation":90,"texture":"#0"},"down":{"uv":[12,7.25,14,8.5],"rotation":90,"texture":"#0"}}}],"display":{"thirdperson_righthand":{"rotation":[101.75,36,0],"translation":[0,1.5,5.25],"scale":[0.6,0.6,0.6]},"thirdperson_lefthand":{"rotation":[101.75,36,0],"translation":[0,1.5,5.25],"scale":[0.6,0.6,0.6]},"firstperson_righthand":{"rotation":[1.75,120,0],"translation":[-5.5,9,6.75],"scale":[0.45,0.45,0.45]},"firstperson_lefthand":{"rotation":[1.75,-60,0],"translation":[-5.5,9,6.75],"scale":[0.45,0.45,0.45]},"ground":{"translation":[0,1,0],"scale":[0.65,0.65,0.65]},"gui":{"rotation":[30,140,0],"translation":[0,6,0],"scale":[1.2,1.2,1.2]},"head":{"translation":[0,-19.25,0],"scale":[3,3,3]},"fixed":{"rotation":[-90,0,0],"translation":[0,0,-30],"scale":[3.75,3.75,3.75]}},"groups":[0,1,2,3,4,{"name":"group","origin":[0,0,0],"color":0,"boneType":"","children":[5,6,7]}]}