{"credit":"magic_store_official","texture_size":[64,64],"textures":{"0":"custom/furniture/medieval_001/dark_oak/mc_medieval_carpet_01_texture","particle":"custom/furniture/medieval_001/dark_oak/mc_medieval_carpet_01_texture"},"elements":[{"from":[-16,0.1,0],"to":[32,0.1,32],"faces":{"up":{"uv":[12,8,0,0],"texture":"#0"},"down":{"uv":[12,8,0,0],"texture":"#0"}}}],"display":{"thirdperson_righthand":{"rotation":[85.97,5.03,0.53],"translation":[-0.25,4.25,2.25],"scale":[0.3,0.3,0.3]},"thirdperson_lefthand":{"rotation":[85.97,5.03,0.53],"translation":[-0.25,4.25,2.25],"scale":[0.3,0.3,0.3]},"firstperson_righthand":{"rotation":[-9.5,19.5,0],"translation":[-1.75,5,0],"scale":[0.3,0.3,0.3]},"firstperson_lefthand":{"rotation":[-9.5,19.5,0],"translation":[-1.75,5,0],"scale":[0.3,0.3,0.3]},"ground":{"translation":[0,-1.25,0],"scale":[0.3,0.3,0.3]},"gui":{"rotation":[30,140,0],"translation":[-1.5,-1.75,0],"scale":[0.3,0.3,0.3]},"head":{"translation":[0,-23.25,-16.25],"scale":[2.5,2.5,2.5]},"fixed":{"rotation":[-90,0,0],"translation":[0,-24.25,-25],"scale":[3.125,3.125,3.125]}}}