{
	"credit": "Made with Blockbench",
	"texture_size": [32, 32],
	"textures": {
		"2": "architect_furniture:diploma",
		"particle": "architect_furniture:diploma"
	},
	"elements": [
		{
			"from": [1, 1, 0.5],
			"to": [15, 10, 0.5],
			"faces": {
				"north": {"uv": [0, 0, 7, 4.5], "texture": "#2"},
				"east": {"uv": [0, 0, 0, 4.5], "texture": "#2"},
				"south": {"uv": [0, 4.5, 7, 9], "texture": "#2"},
				"west": {"uv": [0, 0, 0, 4.5], "texture": "#2"},
				"up": {"uv": [7, 0, 0, 0], "texture": "#2"},
				"down": {"uv": [7, 0, 0, 0], "texture": "#2"}
			}
		},
		{
			"from": [0, 1, 0],
			"to": [1, 10, 1],
			"faces": {
				"north": {"uv": [7, 4, 7.5, 8.5], "texture": "#2"},
				"east": {"uv": [7.5, 4, 8, 8.5], "texture": "#2"},
				"south": {"uv": [8, 4, 8.5, 8.5], "texture": "#2"},
				"west": {"uv": [8.5, 4, 9, 8.5], "texture": "#2"},
				"up": {"uv": [0.5, 9.5, 0, 9], "texture": "#2"},
				"down": {"uv": [1, 9, 0.5, 9.5], "texture": "#2"}
			}
		},
		{
			"from": [15, 1, 0],
			"to": [16, 10, 1],
			"faces": {
				"north": {"uv": [7, 8.5, 7.5, 13], "texture": "#2"},
				"east": {"uv": [7.5, 8.5, 8, 13], "texture": "#2"},
				"south": {"uv": [8, 8.5, 8.5, 13], "texture": "#2"},
				"west": {"uv": [8.5, 8.5, 9, 13], "texture": "#2"},
				"up": {"uv": [3.5, 9.5, 3, 9], "texture": "#2"},
				"down": {"uv": [4, 9, 3.5, 9.5], "texture": "#2"}
			}
		},
		{
			"from": [0, 10, 0],
			"to": [16, 11, 1],
			"faces": {
				"north": {"uv": [7, 0, 15, 0.5], "texture": "#2"},
				"east": {"uv": [1, 9, 1.5, 9.5], "texture": "#2"},
				"south": {"uv": [7, 0.5, 15, 1], "texture": "#2"},
				"west": {"uv": [1.5, 9, 2, 9.5], "texture": "#2"},
				"up": {"uv": [15, 1.5, 7, 1], "texture": "#2"},
				"down": {"uv": [15, 1.5, 7, 2], "texture": "#2"}
			}
		},
		{
			"from": [0, 0, 0],
			"to": [16, 1, 1],
			"faces": {
				"north": {"uv": [7, 2, 15, 2.5], "texture": "#2"},
				"east": {"uv": [2, 9, 2.5, 9.5], "texture": "#2"},
				"south": {"uv": [7, 2.5, 15, 3], "texture": "#2"},
				"west": {"uv": [2.5, 9, 3, 9.5], "texture": "#2"},
				"up": {"uv": [15, 3.5, 7, 3], "texture": "#2"},
				"down": {"uv": [15, 3.5, 7, 4], "texture": "#2"}
			}
		}
	],
	"display": {
		"thirdperson_righthand": {
			"rotation": [75, 45, 0],
			"translation": [0, 2.5, 0],
			"scale": [0.375, 0.375, 0.375]
		},
		"thirdperson_lefthand": {
			"rotation": [75, 45, 0],
			"translation": [0, 2.5, 0],
			"scale": [0.375, 0.375, 0.375]
		},
		"firstperson_righthand": {
			"rotation": [0, 45, 0],
			"scale": [0.4, 0.4, 0.4]
		},
		"firstperson_lefthand": {
			"rotation": [0, 225, 0],
			"scale": [0.4, 0.4, 0.4]
		},
		"ground": {
			"translation": [0, 3, 0],
			"scale": [0.25, 0.25, 0.25]
		},
		"gui": {
			"rotation": [30, 225, 0],
			"translation": [-3.5, 2.25, 0],
			"scale": [0.625, 0.625, 0.625]
		},
		"fixed": {
			"translation": [0, 0, 14.5],
			"scale": [2, 2, 2]
		}
	}
}