{
	"credit": "Made with Blockbench",
	"texture_size": [32, 32],
	"textures": {
		"2": "architect_furniture:notes",
		"particle": "architect_furniture:notes"
	},
	"elements": [
		{
			"from": [1.28402, 0.2, -0.01367],
			"to": [9.28402, 0.2, 10.98633],
			"rotation": {"angle": 22.5, "axis": "y", "origin": [8.12132, 0.25, 6.79289]},
			"faces": {
				"north": {"uv": [0, 0, 4, 0], "texture": "#2"},
				"east": {"uv": [0, 0, 5.5, 0], "texture": "#2"},
				"south": {"uv": [0, 0, 4, 0], "texture": "#2"},
				"west": {"uv": [0, 0, 5.5, 0], "texture": "#2"},
				"up": {"uv": [4, 5.5, 0, 0], "texture": "#2"},
				"down": {"uv": [8, 0, 4, 5.5], "texture": "#2"}
			}
		},
		{
			"from": [7.24264, 0.3, 1.41421],
			"to": [15.24264, 0.3, 12.41421],
			"rotation": {"angle": 0, "axis": "y", "origin": [8.12132, 0.25, 6.79289]},
			"faces": {
				"north": {"uv": [0, 0, 4, 0], "texture": "#2"},
				"east": {"uv": [0, 0, 5.5, 0], "texture": "#2"},
				"south": {"uv": [0, 0, 4, 0], "texture": "#2"},
				"west": {"uv": [0, 0, 5.5, 0], "texture": "#2"},
				"up": {"uv": [4, 5.5, 0, 0], "texture": "#2"},
				"down": {"uv": [8, 0, 4, 5.5], "texture": "#2"}
			}
		},
		{
			"from": [4.5, 0, 10.5],
			"to": [5, 1, 13.5],
			"rotation": {"angle": -22.5, "axis": "y", "origin": [4.125, 0.5, 5.75]},
			"faces": {
				"north": {"uv": [2.5, 6.5, 3, 7], "texture": "#2"},
				"east": {"uv": [1, 6, 2.5, 6.5], "texture": "#2"},
				"south": {"uv": [3, 6.5, 3.5, 7], "texture": "#2"},
				"west": {"uv": [2.5, 6, 4, 6.5], "texture": "#2"},
				"up": {"uv": [4.5, 7.5, 4, 6], "texture": "#2"},
				"down": {"uv": [5, 6, 4.5, 7.5], "texture": "#2"}
			}
		},
		{
			"from": [5, 0, 6],
			"to": [6, 1, 14],
			"rotation": {"angle": -22.5, "axis": "y", "origin": [4.125, 0.5, 5.75]},
			"faces": {
				"north": {"uv": [5, 6, 5.5, 6.5], "texture": "#2"},
				"east": {"uv": [0, 5.5, 4, 6], "texture": "#2"},
				"south": {"uv": [5.5, 6, 6, 6.5], "texture": "#2"},
				"west": {"uv": [4, 5.5, 8, 6], "texture": "#2"},
				"up": {"uv": [0.5, 10, 0, 6], "texture": "#2"},
				"down": {"uv": [1, 6, 0.5, 10], "texture": "#2"}
			}
		},
		{
			"from": [5, 0.5, 5],
			"to": [6, 0.5, 6],
			"rotation": {"angle": -22.5, "axis": "y", "origin": [4.125, 0.5, 5.75]},
			"faces": {
				"north": {"uv": [0, 0, 0.5, 0], "texture": "#2"},
				"east": {"uv": [0, 0, 0.5, 0], "texture": "#2"},
				"south": {"uv": [0, 0, 0.5, 0], "texture": "#2"},
				"west": {"uv": [0, 0, 0.5, 0], "texture": "#2"},
				"up": {"uv": [6.5, 6.5, 6, 6], "texture": "#2"},
				"down": {"uv": [1.5, 6.5, 1, 7], "texture": "#2"}
			}
		},
		{
			"from": [5.5, 0, 5],
			"to": [5.5, 1, 6],
			"rotation": {"angle": -22.5, "axis": "y", "origin": [4.125, 0.5, 5.75]},
			"faces": {
				"north": {"uv": [0, 0, 0, 0.5], "texture": "#2"},
				"east": {"uv": [1.5, 6.5, 2, 7], "texture": "#2"},
				"south": {"uv": [0, 0, 0, 0.5], "texture": "#2"},
				"west": {"uv": [2, 6.5, 2.5, 7], "texture": "#2"},
				"up": {"uv": [0, 0.5, 0, 0], "texture": "#2"},
				"down": {"uv": [0, 0, 0, 0.5], "texture": "#2"}
			}
		}
	],
	"display": {
		"thirdperson_righthand": {
			"rotation": [75, 45, 0],
			"translation": [0, 2.5, 0],
			"scale": [0.375, 0.375, 0.375]
		},
		"thirdperson_lefthand": {
			"rotation": [75, 45, 0],
			"translation": [0, 2.5, 0],
			"scale": [0.375, 0.375, 0.375]
		},
		"firstperson_righthand": {
			"rotation": [0, 45, 0],
			"scale": [0.4, 0.4, 0.4]
		},
		"firstperson_lefthand": {
			"rotation": [0, 225, 0],
			"scale": [0.4, 0.4, 0.4]
		},
		"ground": {
			"translation": [0, 3, 0],
			"scale": [0.25, 0.25, 0.25]
		},
		"gui": {
			"rotation": [30, 225, 0],
			"scale": [0.625, 0.625, 0.625]
		},
		"fixed": {
			"rotation": [-90, 0, 0],
			"translation": [0, 0, -16],
			"scale": [2, 2, 2]
		}
	},
	"groups": [
		0,
		1,
		{
			"name": "group",
			"origin": [3.5, 0.5, 4.5],
			"color": 0,
			"nbt": "{}",
			"armAnimationEnabled": false,
			"children": [2, 3, 4, 5]
		}
	]
}