{
	"credit": "Made with Blockbench",
	"texture_size": [32, 32],
	"textures": {
		"2": "architect_furniture:notes",
		"particle": "architect_furniture:notes"
	},
	"elements": [
		{
			"from": [3, 0, 3],
			"to": [4, 1, 11],
			"faces": {
				"north": {"uv": [5, 6, 5.5, 6.5], "texture": "#2"},
				"east": {"uv": [0, 5.5, 4, 6], "texture": "#2"},
				"south": {"uv": [5.5, 6, 6, 6.5], "texture": "#2"},
				"west": {"uv": [4, 5.5, 8, 6], "texture": "#2"},
				"up": {"uv": [0.5, 10, 0, 6], "texture": "#2"},
				"down": {"uv": [1, 6, 0.5, 10], "texture": "#2"}
			}
		},
		{
			"from": [2.5, 0, 7.5],
			"to": [3, 1, 10.5],
			"faces": {
				"north": {"uv": [2.5, 6.5, 3, 7], "texture": "#2"},
				"east": {"uv": [1, 6, 2.5, 6.5], "texture": "#2"},
				"south": {"uv": [3, 6.5, 3.5, 7], "texture": "#2"},
				"west": {"uv": [2.5, 6, 4, 6.5], "texture": "#2"},
				"up": {"uv": [4.5, 7.5, 4, 6], "texture": "#2"},
				"down": {"uv": [5, 6, 4.5, 7.5], "texture": "#2"}
			}
		},
		{
			"from": [3, 0.5, 2],
			"to": [4, 0.5, 3],
			"faces": {
				"north": {"uv": [0, 0, 0.5, 0], "texture": "#2"},
				"east": {"uv": [0, 0, 0.5, 0], "texture": "#2"},
				"south": {"uv": [0, 0, 0.5, 0], "texture": "#2"},
				"west": {"uv": [0, 0, 0.5, 0], "texture": "#2"},
				"up": {"uv": [6.5, 6.5, 6, 6], "texture": "#2"},
				"down": {"uv": [1.5, 6.5, 1, 7], "texture": "#2"}
			}
		},
		{
			"from": [3.5, 0, 2],
			"to": [3.5, 1, 3],
			"rotation": {"angle": 0, "axis": "y", "origin": [3.5, 0.5, 4.5]},
			"faces": {
				"north": {"uv": [0, 0, 0, 0.5], "texture": "#2"},
				"east": {"uv": [1.5, 6.5, 2, 7], "texture": "#2"},
				"south": {"uv": [0, 0, 0, 0.5], "texture": "#2"},
				"west": {"uv": [2, 6.5, 2.5, 7], "texture": "#2"},
				"up": {"uv": [0, 0.5, 0, 0], "texture": "#2"},
				"down": {"uv": [0, 0, 0, 0.5], "texture": "#2"}
			}
		},
		{
			"from": [5, 0.2, 1],
			"to": [13, 0.2, 12],
			"faces": {
				"north": {"uv": [0, 0, 4, 0], "texture": "#2"},
				"east": {"uv": [0, 0, 5.5, 0], "texture": "#2"},
				"south": {"uv": [0, 0, 4, 0], "texture": "#2"},
				"west": {"uv": [0, 0, 5.5, 0], "texture": "#2"},
				"up": {"uv": [4, 5.5, 0, 0], "texture": "#2"},
				"down": {"uv": [8, 0, 4, 5.5], "texture": "#2"}
			}
		}
	],
	"display": {
		"thirdperson_righthand": {
			"rotation": [75, 45, 0],
			"translation": [0, 2.5, 0],
			"scale": [0.375, 0.375, 0.375]
		},
		"thirdperson_lefthand": {
			"rotation": [75, 45, 0],
			"translation": [0, 2.5, 0],
			"scale": [0.375, 0.375, 0.375]
		},
		"firstperson_righthand": {
			"rotation": [0, 45, 0],
			"scale": [0.4, 0.4, 0.4]
		},
		"firstperson_lefthand": {
			"rotation": [0, 225, 0],
			"scale": [0.4, 0.4, 0.4]
		},
		"ground": {
			"translation": [0, 3, 0],
			"scale": [0.25, 0.25, 0.25]
		},
		"gui": {
			"rotation": [30, 225, 0],
			"scale": [0.625, 0.625, 0.625]
		},
		"fixed": {
			"rotation": [-90, 0, 0],
			"translation": [0, 0, -16],
			"scale": [2, 2, 2]
		}
	}
}