{
	"credit": "Made with Blockbench",
	"texture_size": [32, 32],
	"textures": {
		"1": "architect_furniture:plank_oak"
	},
	"elements": [
		{
			"from": [10.09447, 0, -4.54555],
			"to": [14.09447, 1, 10.45445],
			"rotation": {"angle": 22.5, "axis": "y", "origin": [12.09447, 0.5, 2.95445]},
			"faces": {
				"north": {"uv": [4, 1, 6, 1.5], "texture": "#1"},
				"east": {"uv": [4, 0, 11.5, 0.5], "texture": "#1"},
				"south": {"uv": [4, 1.5, 6, 2], "texture": "#1"},
				"west": {"uv": [4, 0.5, 11.5, 1], "texture": "#1"},
				"up": {"uv": [2, 7.5, 0, 0], "texture": "#1"},
				"down": {"uv": [4, 0, 2, 7.5], "texture": "#1"}
			}
		},
		{
			"from": [-1.62132, 0, 8.12132],
			"to": [13.37868, 1, 12.12132],
			"rotation": {"angle": -22.5, "axis": "y", "origin": [5.87868, 0.5, 10.12132]},
			"faces": {
				"north": {"uv": [4, 0, 11.5, 0.5], "texture": "#1"},
				"east": {"uv": [4, 1.5, 6, 2], "texture": "#1"},
				"south": {"uv": [4, 0.5, 11.5, 1], "texture": "#1"},
				"west": {"uv": [4, 1, 6, 1.5], "texture": "#1"},
				"up": {"uv": [2, 7.5, 0, 0], "rotation": 270, "texture": "#1"},
				"down": {"uv": [4, 0, 2, 7.5], "rotation": 90, "texture": "#1"}
			}
		},
		{
			"from": [6, 2, 5.5],
			"to": [10, 3, 20.5],
			"rotation": {"angle": -45, "axis": "x", "origin": [8, 0.5, 8]},
			"faces": {
				"north": {"uv": [4, 1, 6, 1.5], "texture": "#1"},
				"east": {"uv": [4, 0, 11.5, 0.5], "texture": "#1"},
				"south": {"uv": [4, 1.5, 6, 2], "texture": "#1"},
				"west": {"uv": [4, 0.5, 11.5, 1], "texture": "#1"},
				"up": {"uv": [2, 7.5, 0, 0], "texture": "#1"},
				"down": {"uv": [4, 0, 2, 7.5], "texture": "#1"}
			}
		}
	],
	"display": {
		"thirdperson_righthand": {
			"rotation": [75, 45, 0],
			"translation": [0, 2.5, 0],
			"scale": [0.375, 0.375, 0.375]
		},
		"thirdperson_lefthand": {
			"rotation": [75, 45, 0],
			"translation": [0, 2.5, 0],
			"scale": [0.375, 0.375, 0.375]
		},
		"firstperson_righthand": {
			"rotation": [0, 45, 0],
			"scale": [0.4, 0.4, 0.4]
		},
		"firstperson_lefthand": {
			"rotation": [0, 225, 0],
			"scale": [0.4, 0.4, 0.4]
		},
		"ground": {
			"translation": [0, 3, 0],
			"scale": [0.25, 0.25, 0.25]
		},
		"gui": {
			"rotation": [30, 225, 0],
			"scale": [0.625, 0.625, 0.625]
		},
		"fixed": {
			"rotation": [-90, 0, 0],
			"translation": [0, 0, -15.5],
			"scale": [2, 2, 2]
		}
	}
}