{
	"credit": "Made with Blockbench",
	"texture_size": [128, 128],
	"textures": {
		"3": "architect_furniture:project_table_full"
	},
	"elements": [
		{
			"from": [1, 0, 1],
			"to": [3, 11, 3],
			"faces": {
				"north": {"uv": [3, 7, 3.25, 8.375], "texture": "#3"},
				"east": {"uv": [3.25, 7, 3.5, 8.375], "texture": "#3"},
				"south": {"uv": [3.5, 7, 3.75, 8.375], "texture": "#3"},
				"west": {"uv": [5.75, 7.875, 6, 9.25], "texture": "#3"},
				"up": {"uv": [8.75, 7, 8.5, 6.75], "texture": "#3"},
				"down": {"uv": [8.75, 7, 8.5, 7.25], "texture": "#3"}
			}
		},
		{
			"from": [29, 0, 1],
			"to": [31, 11, 3],
			"faces": {
				"north": {"uv": [6, 7.875, 6.25, 9.25], "texture": "#3"},
				"east": {"uv": [6.25, 7.875, 6.5, 9.25], "texture": "#3"},
				"south": {"uv": [6.5, 7.875, 6.75, 9.25], "texture": "#3"},
				"west": {"uv": [6.75, 7.875, 7, 9.25], "texture": "#3"},
				"up": {"uv": [8.75, 7.5, 8.5, 7.25], "texture": "#3"},
				"down": {"uv": [8.5, 8.5, 8.25, 8.75], "texture": "#3"}
			}
		},
		{
			"from": [1, 0, 13],
			"to": [3, 11, 15],
			"faces": {
				"north": {"uv": [8, 7.875, 8.25, 9.25], "texture": "#3"},
				"east": {"uv": [4.75, 8.25, 5, 9.625], "texture": "#3"},
				"south": {"uv": [5, 8.25, 5.25, 9.625], "texture": "#3"},
				"west": {"uv": [5.25, 8.25, 5.5, 9.625], "texture": "#3"},
				"up": {"uv": [9, 1.5, 8.75, 1.25], "texture": "#3"},
				"down": {"uv": [9, 1.5, 8.75, 1.75], "texture": "#3"}
			}
		},
		{
			"from": [29, 0, 13],
			"to": [31, 11, 15],
			"faces": {
				"north": {"uv": [7, 7.875, 7.25, 9.25], "texture": "#3"},
				"east": {"uv": [7.25, 7.875, 7.5, 9.25], "texture": "#3"},
				"south": {"uv": [7.5, 7.875, 7.75, 9.25], "texture": "#3"},
				"west": {"uv": [7.75, 7.875, 8, 9.25], "texture": "#3"},
				"up": {"uv": [8.75, 8.75, 8.5, 8.5], "texture": "#3"},
				"down": {"uv": [5.75, 8.625, 5.5, 8.875], "texture": "#3"}
			}
		},
		{
			"from": [2, 3, 2],
			"to": [30, 4, 14],
			"faces": {
				"north": {"uv": [7.75, 1, 11.25, 1.125], "texture": "#3"},
				"east": {"uv": [8.25, 7.875, 9.75, 8], "texture": "#3"},
				"south": {"uv": [7.75, 1.125, 11.25, 1.25], "texture": "#3"},
				"west": {"uv": [8.25, 8, 9.75, 8.125], "texture": "#3"},
				"up": {"uv": [7.5, 3.25, 4, 1.75], "texture": "#3"},
				"down": {"uv": [7.5, 3.25, 4, 4.75], "texture": "#3"}
			}
		},
		{
			"from": [1, 11, 1],
			"to": [31, 14, 15],
			"faces": {
				"north": {"uv": [4.75, 6.75, 8.5, 7.125], "texture": "#3"},
				"east": {"uv": [5.75, 7.5, 7.5, 7.875], "texture": "#3"},
				"south": {"uv": [4.75, 7.125, 8.5, 7.5], "texture": "#3"},
				"west": {"uv": [7.5, 7.5, 9.25, 7.875], "texture": "#3"},
				"up": {"uv": [3.75, 5.75, 0, 4], "texture": "#3"},
				"down": {"uv": [7.75, 0, 4, 1.75], "texture": "#3"}
			}
		},
		{
			"from": [0, 14, 0],
			"to": [32, 16, 16],
			"faces": {
				"north": {"uv": [7.5, 3.25, 11.5, 3.5], "texture": "#3"},
				"east": {"uv": [7.5, 4.5, 9.5, 4.75], "texture": "#3"},
				"south": {"uv": [7.5, 3.5, 11.5, 3.75], "texture": "#3"},
				"west": {"uv": [7.75, 0.75, 9.75, 1], "texture": "#3"},
				"up": {"uv": [4, 2, 0, 0], "texture": "#3"},
				"down": {"uv": [4, 2, 0, 4], "texture": "#3"}
			}
		},
		{
			"from": [-2.4, 16, 11],
			"to": [-2.4, 26, 14],
			"rotation": {"angle": 22.5, "axis": "z", "origin": [0.5, 22.5, 13]},
			"faces": {
				"north": {"uv": [0, 0, 0, 1.25], "texture": "#3"},
				"east": {"uv": [3, 5.75, 3.375, 7], "texture": "#3"},
				"south": {"uv": [0, 0, 0, 1.25], "texture": "#3"},
				"west": {"uv": [3.375, 5.75, 3.75, 7], "texture": "#3"},
				"up": {"uv": [0, 0.375, 0, 0], "texture": "#3"},
				"down": {"uv": [0, 0, 0, 0.375], "texture": "#3"}
			}
		},
		{
			"from": [-3.95763, 27.83675, 11],
			"to": [9.04237, 27.83675, 14],
			"rotation": {"angle": 22.5, "axis": "z", "origin": [4.34017, 27.33675, 13]},
			"faces": {
				"north": {"uv": [0, 0, 1.625, 0], "texture": "#3"},
				"east": {"uv": [0, 0, 0.375, 0], "texture": "#3"},
				"south": {"uv": [0, 0, 1.625, 0], "texture": "#3"},
				"west": {"uv": [0, 0, 0.375, 0], "texture": "#3"},
				"up": {"uv": [9.375, 0.375, 7.75, 0], "texture": "#3"},
				"down": {"uv": [9.375, 0.375, 7.75, 0.75], "texture": "#3"}
			}
		},
		{
			"from": [8.39272, 25.59906, 10.5],
			"to": [12.39272, 28.59906, 14.5],
			"rotation": {"angle": 22.5, "axis": "z", "origin": [9.99272, 28.59906, 12.5]},
			"faces": {
				"north": {"uv": [8.25, 8.125, 8.75, 8.5], "texture": "#3"},
				"east": {"uv": [3, 8.375, 3.5, 8.75], "texture": "#3"},
				"south": {"uv": [2, 8.5, 2.5, 8.875], "texture": "#3"},
				"west": {"uv": [2.5, 8.5, 3, 8.875], "texture": "#3"},
				"up": {"uv": [8.25, 1.75, 7.75, 1.25], "texture": "#3"},
				"down": {"uv": [8.75, 1.25, 8.25, 1.75], "texture": "#3"}
			}
		},
		{
			"from": [8.49272, 29.59906, 11],
			"to": [11.49272, 29.59906, 14],
			"rotation": {"angle": 0, "axis": "y", "origin": [9.49272, 1.97031, -6.5]},
			"faces": {
				"north": {"uv": [0, 0, 0.375, 0], "texture": "#3"},
				"east": {"uv": [0, 0, 0.375, 0], "texture": "#3"},
				"south": {"uv": [0, 0, 0.375, 0], "texture": "#3"},
				"west": {"uv": [0, 0, 0.375, 0], "texture": "#3"},
				"up": {"uv": [8.875, 4.125, 8.5, 3.75], "texture": "#3"},
				"down": {"uv": [8.875, 4.125, 8.5, 4.5], "texture": "#3"}
			}
		},
		{
			"from": [9.39272, 28.59906, 11.5],
			"to": [11.39272, 31.59906, 13.5],
			"rotation": {"angle": 22.5, "axis": "z", "origin": [9.99272, 28.59906, 12.5]},
			"faces": {
				"north": {"uv": [3.75, 4, 4, 4.375], "texture": "#3"},
				"east": {"uv": [3.75, 4.375, 4, 4.75], "texture": "#3"},
				"south": {"uv": [5.5, 8.25, 5.75, 8.625], "texture": "#3"},
				"west": {"uv": [3.5, 8.375, 3.75, 8.75], "texture": "#3"},
				"up": {"uv": [3.25, 9, 3, 8.75], "texture": "#3"},
				"down": {"uv": [3.5, 8.75, 3.25, 9], "texture": "#3"}
			}
		},
		{
			"from": [11, 4.1, -7],
			"to": [11, 8.1, 25],
			"rotation": {"angle": 22.5, "axis": "y", "origin": [8, 6.1, 9]},
			"faces": {
				"north": {"uv": [0, 0, 0, 0.5], "texture": "#3"},
				"east": {"uv": [8.75, 6.25, 4.75, 6.75], "texture": "#3"},
				"south": {"uv": [0, 0, 0, 0.5], "texture": "#3"},
				"west": {"uv": [4.75, 6.25, 8.75, 6.75], "texture": "#3"},
				"up": {"uv": [0, 4, 0, 0], "texture": "#3"},
				"down": {"uv": [0, 0, 0, 4], "texture": "#3"}
			}
		},
		{
			"from": [15, 4.1, -7],
			"to": [15, 8.1, 25],
			"rotation": {"angle": 22.5, "axis": "y", "origin": [8, 6.1, 9]},
			"faces": {
				"north": {"uv": [0, 0, 0, 0.5], "texture": "#3"},
				"east": {"uv": [4.625, 5.25, 8.625, 5.75], "texture": "#3"},
				"south": {"uv": [0, 0, 0, 0.5], "texture": "#3"},
				"west": {"uv": [4.75, 5.25, 8.75, 5.75], "texture": "#3"},
				"up": {"uv": [0, 4, 0, 0], "texture": "#3"},
				"down": {"uv": [0, 0, 0, 4], "texture": "#3"}
			}
		},
		{
			"from": [11, 8.1, -7],
			"to": [15, 8.1, 25],
			"rotation": {"angle": 22.5, "axis": "y", "origin": [8, 6.1, 9]},
			"faces": {
				"north": {"uv": [0, 0, 0.5, 0], "texture": "#3"},
				"east": {"uv": [0, 0, 4, 0], "texture": "#3"},
				"south": {"uv": [0, 0, 0.5, 0], "texture": "#3"},
				"west": {"uv": [0, 0, 4, 0], "texture": "#3"},
				"up": {"uv": [0.5, 9.75, 0, 5.75], "texture": "#3"},
				"down": {"uv": [1, 5.75, 0.5, 9.75], "texture": "#3"}
			}
		},
		{
			"from": [7, 4.1, -7],
			"to": [11, 4.1, 25],
			"rotation": {"angle": 22.5, "axis": "y", "origin": [8, 6.1, 9]},
			"faces": {
				"north": {"uv": [0, 0, 0.5, 0], "texture": "#3"},
				"east": {"uv": [0, 0, 4, 0], "texture": "#3"},
				"south": {"uv": [0, 0, 0.5, 0], "texture": "#3"},
				"west": {"uv": [0, 0, 4, 0], "texture": "#3"},
				"up": {"uv": [1.5, 9.75, 1, 5.75], "texture": "#3"},
				"down": {"uv": [2, 5.75, 1.5, 9.75], "texture": "#3"}
			}
		},
		{
			"from": [11, 4.1, -7],
			"to": [15, 4.1, 25],
			"rotation": {"angle": 22.5, "axis": "y", "origin": [8, 6.1, 9]},
			"faces": {
				"north": {"uv": [0, 0, 0.5, 0], "texture": "#3"},
				"east": {"uv": [0, 0, 4, 0], "texture": "#3"},
				"south": {"uv": [0, 0, 0.5, 0], "texture": "#3"},
				"west": {"uv": [0, 0, 4, 0], "texture": "#3"},
				"up": {"uv": [4.25, 8.75, 3.75, 4.75], "texture": "#3"},
				"down": {"uv": [4.75, 4.75, 4.25, 8.75], "texture": "#3"}
			}
		},
		{
			"from": [17.2388, 4.2, 2.17317],
			"to": [25.2388, 10.2, 13.17317],
			"rotation": {"angle": 0, "axis": "y", "origin": [21.2388, 7.2, 6.67317]},
			"faces": {
				"north": {"uv": [7.5, 3.75, 8.5, 4.5], "texture": "#3"},
				"east": {"uv": [7.5, 1.75, 8.875, 2.5], "texture": "#3"},
				"south": {"uv": [4.75, 7.5, 5.75, 8.25], "texture": "#3"},
				"west": {"uv": [7.5, 2.5, 8.875, 3.25], "texture": "#3"},
				"up": {"uv": [3, 7.125, 2, 5.75], "texture": "#3"},
				"down": {"uv": [3, 7.125, 2, 8.5], "texture": "#3"}
			}
		}
	],
	"display": {
		"thirdperson_righthand": {
			"rotation": [75, 45, 0],
			"translation": [0, 2.5, 0],
			"scale": [0.375, 0.375, 0.375]
		},
		"thirdperson_lefthand": {
			"rotation": [75, 45, 0],
			"translation": [0, 2.5, 0],
			"scale": [0.375, 0.375, 0.375]
		},
		"firstperson_righthand": {
			"rotation": [0, 45, 0],
			"scale": [0.4, 0.4, 0.4]
		},
		"firstperson_lefthand": {
			"rotation": [0, 225, 0],
			"scale": [0.4, 0.4, 0.4]
		},
		"ground": {
			"translation": [0, 3, 0],
			"scale": [0.25, 0.25, 0.25]
		},
		"gui": {
			"rotation": [30, 225, 0],
			"translation": [1.75, 0, 0],
			"scale": [0.3, 0.3, 0.3]
		},
		"fixed": {
			"rotation": [-90, 0, 0],
			"translation": [0, 0, -16],
			"scale": [2, 2, 2]
		}
	},
	"groups": [
		0,
		1,
		2,
		3,
		4,
		5,
		6,
		7,
		8,
		9,
		10,
		11,
		{
			"name": "group",
			"origin": [0, 0, 0],
			"color": 0,
			"nbt": "{}",
			"armAnimationEnabled": false,
			"children": [12, 13, 14, 15, 16]
		},
		17
	]
}