{
	"credit": "Made with Blockbench",
	"texture_size": [64, 64],
	"textures": {
		"2": "architect_furniture:stand_oak",
		"particle": "architect_furniture:stand_oak"
	},
	"elements": [
		{
			"from": [0, 0, 4.4],
			"to": [2, 12, 5.4],
			"rotation": {"angle": 22.5, "axis": "x", "origin": [1, 7, 3.9]},
			"faces": {
				"north": {"uv": [0, 2, 0.5, 5], "texture": "#2"},
				"east": {"uv": [0, 5, 0.25, 8], "texture": "#2"},
				"south": {"uv": [0.5, 2, 1, 5], "texture": "#2"},
				"west": {"uv": [5, 0, 5.25, 3], "texture": "#2"},
				"up": {"uv": [5.75, 1, 5.25, 0.75], "texture": "#2"},
				"down": {"uv": [5.75, 1, 5.25, 1.25], "texture": "#2"}
			}
		},
		{
			"from": [-2, 12, 4.4],
			"to": [18, 14, 5.4],
			"rotation": {"angle": 22.5, "axis": "x", "origin": [1, 7, 3.9]},
			"faces": {
				"north": {"uv": [0, 0, 5, 0.5], "texture": "#2"},
				"east": {"uv": [4.25, 5.25, 4.5, 5.75], "texture": "#2"},
				"south": {"uv": [0, 0.5, 5, 1], "texture": "#2"},
				"west": {"uv": [4.5, 5.25, 4.75, 5.75], "texture": "#2"},
				"up": {"uv": [9, 4.25, 4, 4], "texture": "#2"},
				"down": {"uv": [9, 4.25, 4, 4.5], "texture": "#2"}
			}
		},
		{
			"from": [14, 0, 4.4],
			"to": [16, 12, 5.4],
			"rotation": {"angle": 22.5, "axis": "x", "origin": [15, 7, 3.9]},
			"faces": {
				"north": {"uv": [1, 2, 1.5, 5], "texture": "#2"},
				"east": {"uv": [0.25, 5, 0.5, 8], "texture": "#2"},
				"south": {"uv": [1.5, 2, 2, 5], "texture": "#2"},
				"west": {"uv": [0.5, 5, 0.75, 8], "texture": "#2"},
				"up": {"uv": [5.75, 1.5, 5.25, 1.25], "texture": "#2"},
				"down": {"uv": [5.75, 1.5, 5.25, 1.75], "texture": "#2"}
			}
		},
		{
			"from": [2, 2, 4.4],
			"to": [14, 4, 5.4],
			"rotation": {"angle": 22.5, "axis": "x", "origin": [15, 7, 3.9]},
			"faces": {
				"north": {"uv": [2, 2, 5, 2.5], "texture": "#2"},
				"east": {"uv": [5.25, 1.75, 5.5, 2.25], "texture": "#2"},
				"south": {"uv": [2, 2.5, 5, 3], "texture": "#2"},
				"west": {"uv": [5.25, 2.25, 5.5, 2.75], "texture": "#2"},
				"up": {"uv": [7, 5.25, 4, 5], "texture": "#2"},
				"down": {"uv": [8.25, 0, 5.25, 0.25], "texture": "#2"}
			}
		},
		{
			"from": [0, 0, 10.52921],
			"to": [2, 12, 11.52921],
			"rotation": {"angle": -22.5, "axis": "x", "origin": [1, 7, 12.02921]},
			"faces": {
				"north": {"uv": [3, 4, 3.5, 7], "texture": "#2"},
				"east": {"uv": [1.25, 5, 1.5, 8], "texture": "#2"},
				"south": {"uv": [3.5, 4, 4, 7], "texture": "#2"},
				"west": {"uv": [1.5, 5, 1.75, 8], "texture": "#2"},
				"up": {"uv": [5.75, 5.75, 5.25, 5.5], "texture": "#2"},
				"down": {"uv": [6.25, 0.75, 5.75, 1], "texture": "#2"}
			}
		},
		{
			"from": [2, 2, 10.52921],
			"to": [14, 4, 11.52921],
			"rotation": {"angle": -22.5, "axis": "x", "origin": [15, 7, 12.02921]},
			"faces": {
				"north": {"uv": [3, 3, 6, 3.5], "texture": "#2"},
				"east": {"uv": [5.5, 1.75, 5.75, 2.25], "texture": "#2"},
				"south": {"uv": [3, 3.5, 6, 4], "texture": "#2"},
				"west": {"uv": [5.5, 2.25, 5.75, 2.75], "texture": "#2"},
				"up": {"uv": [8.25, 0.5, 5.25, 0.25], "texture": "#2"},
				"down": {"uv": [8.25, 0.5, 5.25, 0.75], "texture": "#2"}
			}
		},
		{
			"from": [14, 0, 10.52921],
			"to": [16, 12, 11.52921],
			"rotation": {"angle": -22.5, "axis": "x", "origin": [15, 7, 12.02921]},
			"faces": {
				"north": {"uv": [2, 3, 2.5, 6], "texture": "#2"},
				"east": {"uv": [0.75, 5, 1, 8], "texture": "#2"},
				"south": {"uv": [2.5, 3, 3, 6], "texture": "#2"},
				"west": {"uv": [1, 5, 1.25, 8], "texture": "#2"},
				"up": {"uv": [5.75, 3, 5.25, 2.75], "texture": "#2"},
				"down": {"uv": [5.75, 5.25, 5.25, 5.5], "texture": "#2"}
			}
		},
		{
			"from": [-2, 12, 10.52921],
			"to": [18, 14, 11.52921],
			"rotation": {"angle": -22.5, "axis": "x", "origin": [1, 7, 12.02921]},
			"faces": {
				"north": {"uv": [0, 1, 5, 1.5], "texture": "#2"},
				"east": {"uv": [4.75, 5.25, 5, 5.75], "texture": "#2"},
				"south": {"uv": [0, 1.5, 5, 2], "texture": "#2"},
				"west": {"uv": [5, 5.25, 5.25, 5.75], "texture": "#2"},
				"up": {"uv": [9, 4.75, 4, 4.5], "texture": "#2"},
				"down": {"uv": [9, 4.75, 4, 5], "texture": "#2"}
			}
		},
		{
			"from": [7.5, 3, 3],
			"to": [8.5, 3, 13],
			"faces": {
				"north": {"uv": [0, 0, 0.25, 0], "texture": "#2"},
				"east": {"uv": [0, 0, 2.5, 0], "texture": "#2"},
				"south": {"uv": [0, 0, 0.25, 0], "texture": "#2"},
				"west": {"uv": [0, 0, 2.5, 0], "texture": "#2"},
				"up": {"uv": [2, 7.5, 1.75, 5], "texture": "#2"},
				"down": {"uv": [4.25, 5.25, 4, 7.75], "texture": "#2"}
			}
		}
	],
	"display": {
		"thirdperson_righthand": {
			"rotation": [75, 45, 0],
			"translation": [0, 2.5, 0],
			"scale": [0.375, 0.375, 0.375]
		},
		"thirdperson_lefthand": {
			"rotation": [75, 45, 0],
			"translation": [0, 2.5, 0],
			"scale": [0.375, 0.375, 0.375]
		},
		"firstperson_righthand": {
			"rotation": [0, 45, 0],
			"scale": [0.4, 0.4, 0.4]
		},
		"firstperson_lefthand": {
			"rotation": [0, 225, 0],
			"scale": [0.4, 0.4, 0.4]
		},
		"ground": {
			"translation": [0, 3, 0],
			"scale": [0.25, 0.25, 0.25]
		},
		"gui": {
			"rotation": [30, 225, 0],
			"scale": [0.625, 0.625, 0.625]
		},
		"fixed": {
			"rotation": [-90, 0, 0],
			"translation": [0, 0, -15.5],
			"scale": [2, 2, 2]
		}
	}
}