{"textures":{"0":"modelengine:entity/acorn"},"elements":[{"name":"cube","from":[6.3199997,6.3199997,6.712],"to":[9.68,9.68,7.384],"rotation":{"angle":0.0,"axis":"x","origin":[8.0,8.0,8.000002]},"faces":{"down":{"uv":[6.5,0.0,9.0,0.5],"rotation":180,"texture":"#0","tintindex":0},"east":{"uv":[6.5,0.5,9.0,1.0],"rotation":90,"texture":"#0","tintindex":0},"north":{"uv":[2.5,2.5,0.0,0.0],"rotation":180,"texture":"#0","tintindex":0},"south":{"uv":[2.5,2.5,0.0,5.0],"rotation":0,"texture":"#0","tintindex":0},"up":{"uv":[6.5,1.0,9.0,1.5],"rotation":0,"texture":"#0","tintindex":0},"west":{"uv":[6.5,1.5,9.0,2.0],"rotation":270,"texture":"#0","tintindex":0}}},{"name":"cube","from":[6.656,6.656,6.3759995],"to":[9.344,9.344,6.712],"rotation":{"angle":0.0,"axis":"x","origin":[8.0,8.0,8.000002]},"faces":{"down":{"uv":[6.5,4.5,8.5,4.75],"rotation":180,"texture":"#0","tintindex":0},"east":{"uv":[6.5,5.0,8.5,5.25],"rotation":90,"texture":"#0","tintindex":0},"north":{"uv":[4.5,6.0,2.5,4.0],"rotation":180,"texture":"#0","tintindex":0},"south":{"uv":[6.5,0.0,4.5,2.0],"rotation":0,"texture":"#0","tintindex":0},"up":{"uv":[6.5,5.5,8.5,5.75],"rotation":0,"texture":"#0","tintindex":0},"west":{"uv":[6.0,6.5,8.0,6.75],"rotation":270,"texture":"#0","tintindex":0}}},{"name":"cube","from":[7.832,7.8320003,5.7039995],"to":[8.167999,8.167999,6.3759995],"rotation":{"angle":0.0,"axis":"x","origin":[8.0,8.0,8.000002]},"faces":{"down":{"uv":[2.0,5.0,2.25,5.5],"rotation":180,"texture":"#0","tintindex":0},"east":{"uv":[2.0,5.5,2.25,6.0],"rotation":90,"texture":"#0","tintindex":0},"north":{"uv":[6.75,7.25,6.5,7.0],"rotation":180,"texture":"#0","tintindex":0},"south":{"uv":[7.25,7.0,7.0,7.25],"rotation":0,"texture":"#0","tintindex":0},"up":{"uv":[1.5,6.5,1.75,7.0],"rotation":0,"texture":"#0","tintindex":0},"west":{"uv":[1.5,7.0,1.75,7.5],"rotation":270,"texture":"#0","tintindex":0}}},{"name":"cube","from":[6.656,6.656,7.384],"to":[9.344,9.344,9.4],"rotation":{"angle":0.0,"axis":"x","origin":[8.0,8.0,8.000002]},"faces":{"down":{"uv":[4.5,2.0,6.5,3.5],"rotation":180,"texture":"#0","tintindex":0},"east":{"uv":[4.5,3.5,6.5,5.0],"rotation":90,"texture":"#0","tintindex":0},"north":{"uv":[4.5,2.0,2.5,0.0],"rotation":180,"texture":"#0","tintindex":0},"south":{"uv":[4.5,2.0,2.5,4.0],"rotation":0,"texture":"#0","tintindex":0},"up":{"uv":[0.0,5.0,2.0,6.5],"rotation":0,"texture":"#0","tintindex":0},"west":{"uv":[4.5,5.0,6.5,6.5],"rotation":270,"texture":"#0","tintindex":0}}},{"name":"cube","from":[6.992,6.992,9.4],"to":[9.008,9.008,10.0720005],"rotation":{"angle":0.0,"axis":"x","origin":[8.0,8.0,8.000002]},"faces":{"down":{"uv":[6.5,3.0,8.0,3.5],"rotation":180,"texture":"#0","tintindex":0},"east":{"uv":[6.5,3.5,8.0,4.0],"rotation":90,"texture":"#0","tintindex":0},"north":{"uv":[3.5,7.5,2.0,6.0],"rotation":180,"texture":"#0","tintindex":0},"south":{"uv":[1.5,6.5,0.0,8.0],"rotation":0,"texture":"#0","tintindex":0},"up":{"uv":[6.5,4.0,8.0,4.5],"rotation":0,"texture":"#0","tintindex":0},"west":{"uv":[4.5,6.5,6.0,7.0],"rotation":270,"texture":"#0","tintindex":0}}},{"name":"cube","from":[7.328,7.328,10.0720005],"to":[8.672,8.672,10.407999],"rotation":{"angle":0.0,"axis":"x","origin":[8.0,8.0,8.000002]},"faces":{"down":{"uv":[6.5,6.0,7.5,6.25],"rotation":180,"texture":"#0","tintindex":0},"east":{"uv":[3.5,7.0,4.5,7.25],"rotation":90,"texture":"#0","tintindex":0},"north":{"uv":[4.5,7.0,3.5,6.0],"rotation":180,"texture":"#0","tintindex":0},"south":{"uv":[7.5,2.0,6.5,3.0],"rotation":0,"texture":"#0","tintindex":0},"up":{"uv":[4.5,7.0,5.5,7.25],"rotation":0,"texture":"#0","tintindex":0},"west":{"uv":[5.5,7.0,6.5,7.25],"rotation":270,"texture":"#0","tintindex":0}}}],"display":{"head":{"translation":[0.0,-6.4,0.0],"rotation":[0.0,0.0,0.0],"scale":[3.8095,3.8095,3.8095]}}}