{
	"credit": "Made with Blockbench",
	"texture_size": [64, 64],
	"textures": {
		"2": "goth_furniture_v2:gargoyle",
		"particle": "goth_furniture_v2:gargoyle"
	},
	"elements": [
		{
			"from": [4.5, 3.3, 5],
			"to": [11.5, 7.3, 10],
			"rotation": {"angle": 45, "axis": "x", "origin": [8.5, 5.3, 9]},
			"faces": {
				"north": {"uv": [6, 5, 7.75, 6], "texture": "#2"},
				"east": {"uv": [0, 6.25, 1.25, 7.25], "texture": "#2"},
				"south": {"uv": [6, 6, 7.75, 7], "texture": "#2"},
				"west": {"uv": [1.25, 6.25, 2.5, 7.25], "texture": "#2"},
				"up": {"uv": [1.75, 6.25, 0, 5], "texture": "#2"},
				"down": {"uv": [3.5, 5, 1.75, 6.25], "texture": "#2"}
			}
		},
		{
			"from": [9.5, -0.4, 4],
			"to": [11.5, 7.6, 6],
			"rotation": {"angle": -22.5, "axis": "z", "origin": [10.5, 3.8, 7]},
			"faces": {
				"north": {"uv": [4, 6.5, 4.5, 8.5], "texture": "#2"},
				"east": {"uv": [4.5, 6.5, 5, 8.5], "texture": "#2"},
				"south": {"uv": [5, 6.5, 5.5, 8.5], "texture": "#2"},
				"west": {"uv": [5.5, 6.5, 6, 8.5], "texture": "#2"},
				"up": {"uv": [2, 7.75, 1.5, 7.25], "texture": "#2"},
				"down": {"uv": [2.5, 7.25, 2, 7.75], "texture": "#2"}
			}
		},
		{
			"from": [4.5, -0.4, 4],
			"to": [6.5, 7.6, 6],
			"rotation": {"angle": 22.5, "axis": "z", "origin": [5.5, 3.8, 7]},
			"faces": {
				"north": {"uv": [7, 7, 7.5, 9], "texture": "#2"},
				"east": {"uv": [0, 7.25, 0.5, 9.25], "texture": "#2"},
				"south": {"uv": [0.5, 7.25, 1, 9.25], "texture": "#2"},
				"west": {"uv": [1, 7.25, 1.5, 9.25], "texture": "#2"},
				"up": {"uv": [3.25, 8.25, 2.75, 7.75], "texture": "#2"},
				"down": {"uv": [8.25, 6, 7.75, 6.5], "texture": "#2"}
			}
		},
		{
			"from": [5.5, 0.00711, 8.12132],
			"to": [10.5, 6.00711, 11.12132],
			"rotation": {"angle": 0, "axis": "y", "origin": [-0.5, 1.00711, 1.12132]},
			"faces": {
				"north": {"uv": [3.5, 5, 4.75, 6.5], "texture": "#2"},
				"east": {"uv": [2.5, 6.25, 3.25, 7.75], "texture": "#2"},
				"south": {"uv": [4.75, 5, 6, 6.5], "texture": "#2"},
				"west": {"uv": [3.25, 6.5, 4, 8], "texture": "#2"},
				"up": {"uv": [8.75, 7.75, 7.5, 7], "texture": "#2"},
				"down": {"uv": [2.75, 7.75, 1.5, 8.5], "texture": "#2"}
			}
		},
		{
			"from": [-8.5, 5.00711, 9.12132],
			"to": [5.5, 15.00711, 9.12132],
			"rotation": {"angle": 22.5, "axis": "z", "origin": [0.5, 12.00711, 9.12132]},
			"faces": {
				"north": {"uv": [0, 0, 3.5, 2.5], "texture": "#2"},
				"east": {"uv": [0, 0, 0, 2.5], "texture": "#2"},
				"south": {"uv": [0, 2.5, 3.5, 5], "texture": "#2"},
				"west": {"uv": [0, 0, 0, 2.5], "texture": "#2"},
				"up": {"uv": [3.5, 0, 0, 0], "texture": "#2"},
				"down": {"uv": [3.5, 0, 0, 0], "texture": "#2"}
			}
		},
		{
			"from": [10.5, 5.00711, 9.12132],
			"to": [24.5, 15.00711, 9.12132],
			"rotation": {"angle": -22.5, "axis": "z", "origin": [15.5, 12.00711, 9.12132]},
			"faces": {
				"north": {"uv": [3.5, 0, 7, 2.5], "texture": "#2"},
				"east": {"uv": [0, 0, 0, 2.5], "texture": "#2"},
				"south": {"uv": [3.5, 2.5, 7, 5], "texture": "#2"},
				"west": {"uv": [0, 0, 0, 2.5], "texture": "#2"},
				"up": {"uv": [3.5, 0, 0, 0], "texture": "#2"},
				"down": {"uv": [3.5, 0, 0, 0], "texture": "#2"}
			}
		},
		{
			"from": [4, 9.54264, 3.58579],
			"to": [8, 10.54264, 4.58579],
			"rotation": {"angle": -22.5, "axis": "z", "origin": [6, 9.54264, 3.58579]},
			"faces": {
				"north": {"uv": [7.75, 5, 8.75, 5.25], "texture": "#2"},
				"east": {"uv": [3.25, 6.25, 3.5, 6.5], "texture": "#2"},
				"south": {"uv": [7.75, 5.25, 8.75, 5.5], "texture": "#2"},
				"west": {"uv": [8, 0.25, 8.25, 0.5], "texture": "#2"},
				"up": {"uv": [8.75, 5.75, 7.75, 5.5], "texture": "#2"},
				"down": {"uv": [8.75, 5.75, 7.75, 6], "texture": "#2"}
			}
		},
		{
			"from": [8, 9.54264, 3.58579],
			"to": [12, 10.54264, 4.58579],
			"rotation": {"angle": 22.5, "axis": "z", "origin": [10, 9.54264, 3.58579]},
			"faces": {
				"north": {"uv": [7.75, 6.5, 8.75, 6.75], "texture": "#2"},
				"east": {"uv": [8, 0.5, 8.25, 0.75], "texture": "#2"},
				"south": {"uv": [7.75, 6.75, 8.75, 7], "texture": "#2"},
				"west": {"uv": [8, 0.75, 8.25, 1], "texture": "#2"},
				"up": {"uv": [8.5, 8, 7.5, 7.75], "texture": "#2"},
				"down": {"uv": [9, 0, 8, 0.25], "texture": "#2"}
			}
		},
		{
			"from": [6, 6.54264, 1.58579],
			"to": [10, 10.54264, 5.58579],
			"rotation": {"angle": 0, "axis": "y", "origin": [7.5, 8.54264, 5.58579]},
			"faces": {
				"north": {"uv": [7, 0, 8, 1], "texture": "#2"},
				"east": {"uv": [7, 1, 8, 2], "texture": "#2"},
				"south": {"uv": [7, 2, 8, 3], "texture": "#2"},
				"west": {"uv": [7, 3, 8, 4], "texture": "#2"},
				"up": {"uv": [8, 5, 7, 4], "texture": "#2"},
				"down": {"uv": [7, 7, 6, 8], "texture": "#2"}
			}
		}
	],
	"display": {
		"thirdperson_righthand": {
			"rotation": [75, 45, 0],
			"translation": [0, 2.5, 0],
			"scale": [0.375, 0.375, 0.375]
		},
		"thirdperson_lefthand": {
			"rotation": [75, 45, 0],
			"translation": [0, 2.5, 0],
			"scale": [0.375, 0.375, 0.375]
		},
		"firstperson_righthand": {
			"rotation": [0, 45, 0],
			"scale": [0.4, 0.4, 0.4]
		},
		"firstperson_lefthand": {
			"rotation": [0, 225, 0],
			"scale": [0.4, 0.4, 0.4]
		},
		"ground": {
			"translation": [0, 3, 0],
			"scale": [0.25, 0.25, 0.25]
		},
		"gui": {
			"rotation": [30, 225, 0],
			"translation": [0.25, 0, 0],
			"scale": [0.625, 0.625, 0.625]
		},
		"fixed": {
			"rotation": [-90, 0, 0],
			"translation": [0, 0, -15.5],
			"scale": [2, 2, 2]
		}
	}
}