{
	"credit": "Made with Blockbench",
	"texture_size": [128, 128],
	"textures": {
		"1": "goth_furniture_v2:goth_bookshelf_filled"
	},
	"elements": [
		{
			"from": [1, -8, 13.5],
			"to": [2, -6, 14.5],
			"rotation": {"angle": 0, "axis": "y", "origin": [0, 0, 16]},
			"faces": {
				"north": {"uv": [10.125, 9.375, 10.25, 9.625], "texture": "#1"},
				"east": {"uv": [10.125, 9.625, 10.25, 9.875], "texture": "#1"},
				"south": {"uv": [9.875, 10.125, 10, 10.375], "texture": "#1"},
				"west": {"uv": [10.125, 9.875, 10.25, 10.125], "texture": "#1"},
				"up": {"uv": [9.25, 7.75, 9.125, 7.625], "texture": "#1"},
				"down": {"uv": [10.25, 0.75, 10.125, 0.875], "texture": "#1"}
			}
		},
		{
			"from": [0.5, 30, 15],
			"to": [1.5, 32, 16],
			"rotation": {"angle": 0, "axis": "y", "origin": [0, 0, 16]},
			"faces": {
				"north": {"uv": [10, 10.125, 10.125, 10.375], "texture": "#1"},
				"east": {"uv": [10.125, 10.125, 10.25, 10.375], "texture": "#1"},
				"south": {"uv": [0.375, 10.25, 0.5, 10.5], "texture": "#1"},
				"west": {"uv": [0.5, 10.25, 0.625, 10.5], "texture": "#1"},
				"up": {"uv": [10.375, 0.875, 10.25, 0.75], "texture": "#1"},
				"down": {"uv": [5.5, 10.25, 5.375, 10.375], "texture": "#1"}
			}
		},
		{
			"from": [0.5, -6, 13.5],
			"to": [2.5, -4, 15.5],
			"rotation": {"angle": 0, "axis": "y", "origin": [0, 0, 16]},
			"faces": {
				"north": {"uv": [5.25, 9.75, 5.5, 10], "texture": "#1"},
				"east": {"uv": [5.5, 9.75, 5.75, 10], "texture": "#1"},
				"south": {"uv": [9.875, 9.375, 10.125, 9.625], "texture": "#1"},
				"west": {"uv": [9.875, 9.625, 10.125, 9.875], "texture": "#1"},
				"up": {"uv": [10.125, 10.125, 9.875, 9.875], "texture": "#1"},
				"down": {"uv": [10.25, 2.625, 10, 2.875], "texture": "#1"}
			}
		},
		{
			"from": [0.5, -6, 0.5],
			"to": [2.5, -4, 2.5],
			"faces": {
				"north": {"uv": [8.75, 10, 9, 10.25], "texture": "#1"},
				"east": {"uv": [10, 8.875, 10.25, 9.125], "texture": "#1"},
				"south": {"uv": [10, 9.125, 10.25, 9.375], "texture": "#1"},
				"west": {"uv": [10.125, 0, 10.375, 0.25], "texture": "#1"},
				"up": {"uv": [10.375, 0.5, 10.125, 0.25], "texture": "#1"},
				"down": {"uv": [10.375, 0.5, 10.125, 0.75], "texture": "#1"}
			}
		},
		{
			"from": [1, -8, 1.5],
			"to": [2, -6, 2.5],
			"faces": {
				"north": {"uv": [1.125, 10.25, 1.25, 10.5], "texture": "#1"},
				"east": {"uv": [1.25, 10.25, 1.375, 10.5], "texture": "#1"},
				"south": {"uv": [1.375, 10.25, 1.5, 10.5], "texture": "#1"},
				"west": {"uv": [1.5, 10.25, 1.625, 10.5], "texture": "#1"},
				"up": {"uv": [10.375, 7.75, 10.25, 7.625], "texture": "#1"},
				"down": {"uv": [10.375, 7.75, 10.25, 7.875], "texture": "#1"}
			}
		},
		{
			"from": [29.5, -6, 13.5],
			"to": [31.5, -4, 15.5],
			"rotation": {"angle": 0, "axis": "y", "origin": [16, 0, 16]},
			"faces": {
				"north": {"uv": [10.125, 6.125, 10.375, 6.375], "texture": "#1"},
				"east": {"uv": [10.125, 6.375, 10.375, 6.625], "texture": "#1"},
				"south": {"uv": [10.125, 6.625, 10.375, 6.875], "texture": "#1"},
				"west": {"uv": [10.125, 6.875, 10.375, 7.125], "texture": "#1"},
				"up": {"uv": [10.375, 7.375, 10.125, 7.125], "texture": "#1"},
				"down": {"uv": [10.375, 7.375, 10.125, 7.625], "texture": "#1"}
			}
		},
		{
			"from": [30, -8, 13.5],
			"to": [31, -6, 14.5],
			"rotation": {"angle": 0, "axis": "y", "origin": [16, 0, 16]},
			"faces": {
				"north": {"uv": [10.25, 3.625, 10.375, 3.875], "texture": "#1"},
				"east": {"uv": [10.25, 3.875, 10.375, 4.125], "texture": "#1"},
				"south": {"uv": [10.25, 4.125, 10.375, 4.375], "texture": "#1"},
				"west": {"uv": [5.25, 10.25, 5.375, 10.5], "texture": "#1"},
				"up": {"uv": [10.375, 8.125, 10.25, 8], "texture": "#1"},
				"down": {"uv": [8.25, 10.25, 8.125, 10.375], "texture": "#1"}
			}
		},
		{
			"from": [29.5, -6, 0.5],
			"to": [31.5, -4, 2.5],
			"rotation": {"angle": 0, "axis": "y", "origin": [16, 0, 0]},
			"faces": {
				"north": {"uv": [10.125, 1.875, 10.375, 2.125], "texture": "#1"},
				"east": {"uv": [10.125, 2.125, 10.375, 2.375], "texture": "#1"},
				"south": {"uv": [10.125, 2.375, 10.375, 2.625], "texture": "#1"},
				"west": {"uv": [10.125, 5.375, 10.375, 5.625], "texture": "#1"},
				"up": {"uv": [10.375, 5.875, 10.125, 5.625], "texture": "#1"},
				"down": {"uv": [10.375, 5.875, 10.125, 6.125], "texture": "#1"}
			}
		},
		{
			"from": [30, -8, 1.5],
			"to": [31, -6, 2.5],
			"rotation": {"angle": 0, "axis": "y", "origin": [16, 0, 0]},
			"faces": {
				"north": {"uv": [10.25, 2.625, 10.375, 2.875], "texture": "#1"},
				"east": {"uv": [10.25, 2.875, 10.375, 3.125], "texture": "#1"},
				"south": {"uv": [10.25, 3.125, 10.375, 3.375], "texture": "#1"},
				"west": {"uv": [10.25, 3.375, 10.375, 3.625], "texture": "#1"},
				"up": {"uv": [10.375, 8, 10.25, 7.875], "texture": "#1"},
				"down": {"uv": [8.125, 10.25, 8, 10.375], "texture": "#1"}
			}
		},
		{
			"from": [0, 28, 14],
			"to": [2, 30, 16],
			"rotation": {"angle": 0, "axis": "y", "origin": [-0.5, 0, 16.5]},
			"faces": {
				"north": {"uv": [10, 2.875, 10.25, 3.125], "texture": "#1"},
				"east": {"uv": [10, 3.125, 10.25, 3.375], "texture": "#1"},
				"south": {"uv": [10, 3.375, 10.25, 3.625], "texture": "#1"},
				"west": {"uv": [10, 3.625, 10.25, 3.875], "texture": "#1"},
				"up": {"uv": [10.25, 4.125, 10, 3.875], "texture": "#1"},
				"down": {"uv": [10.25, 4.125, 10, 4.375], "texture": "#1"}
			}
		},
		{
			"from": [30.5, 30, 15],
			"to": [31.5, 32, 16],
			"rotation": {"angle": 0, "axis": "y", "origin": [16, 0, 16]},
			"faces": {
				"north": {"uv": [0.625, 10.25, 0.75, 10.5], "texture": "#1"},
				"east": {"uv": [0.75, 10.25, 0.875, 10.5], "texture": "#1"},
				"south": {"uv": [0.875, 10.25, 1, 10.5], "texture": "#1"},
				"west": {"uv": [1, 10.25, 1.125, 10.5], "texture": "#1"},
				"up": {"uv": [5.625, 10.375, 5.5, 10.25], "texture": "#1"},
				"down": {"uv": [5.75, 10.25, 5.625, 10.375], "texture": "#1"}
			}
		},
		{
			"from": [30, 28, 14],
			"to": [32, 30, 16],
			"rotation": {"angle": 0, "axis": "y", "origin": [16.5, 0, 16.5]},
			"faces": {
				"north": {"uv": [5.25, 10, 5.5, 10.25], "texture": "#1"},
				"east": {"uv": [5.5, 10, 5.75, 10.25], "texture": "#1"},
				"south": {"uv": [8, 10, 8.25, 10.25], "texture": "#1"},
				"west": {"uv": [8.25, 10, 8.5, 10.25], "texture": "#1"},
				"up": {"uv": [8.75, 10.25, 8.5, 10], "texture": "#1"},
				"down": {"uv": [10.25, 8.625, 10, 8.875], "texture": "#1"}
			}
		},
		{
			"from": [0, -4, 0],
			"to": [32, 12, 16],
			"faces": {
				"north": {"uv": [0, 0, 4, 2], "texture": "#1"},
				"east": {"uv": [0, 7.75, 2, 9.75], "texture": "#1"},
				"south": {"uv": [0, 2, 4, 4], "texture": "#1"},
				"west": {"uv": [2, 7.75, 4, 9.75], "texture": "#1"},
				"up": {"uv": [4, 6, 0, 4], "texture": "#1"},
				"down": {"uv": [8, 0, 4, 2], "texture": "#1"}
			}
		},
		{
			"from": [0, 12, 14],
			"to": [32, 28, 16],
			"faces": {
				"north": {"uv": [4, 2, 8, 4], "texture": "#1"},
				"east": {"uv": [9, 9.375, 9.25, 11.375], "texture": "#1"},
				"south": {"uv": [4, 4, 8, 6], "texture": "#1"},
				"west": {"uv": [9.25, 9.375, 9.5, 11.375], "texture": "#1"},
				"up": {"uv": [12, 4.625, 8, 4.375], "texture": "#1"},
				"down": {"uv": [12, 4.625, 8, 4.875], "texture": "#1"}
			}
		},
		{
			"from": [0, 19, 0],
			"to": [32, 21, 14],
			"faces": {
				"north": {"uv": [8, 4.875, 12, 5.125], "texture": "#1"},
				"east": {"uv": [9.25, 8.375, 11, 8.625], "texture": "#1"},
				"south": {"uv": [8, 5.125, 12, 5.375], "texture": "#1"},
				"west": {"uv": [4, 9.5, 5.75, 9.75], "texture": "#1"},
				"up": {"uv": [4, 7.75, 0, 6], "texture": "#1"},
				"down": {"uv": [8, 6, 4, 7.75], "texture": "#1"}
			}
		},
		{
			"from": [0, 12, 0],
			"to": [2, 19, 14],
			"faces": {
				"north": {"uv": [2.75, 9.75, 3, 10.625], "texture": "#1"},
				"east": {"uv": [4, 7.75, 5.75, 8.625], "texture": "#1"},
				"south": {"uv": [3, 9.75, 3.25, 10.625], "texture": "#1"},
				"west": {"uv": [5.75, 7.75, 7.5, 8.625], "texture": "#1"},
				"up": {"uv": [6, 11.25, 5.75, 9.5], "texture": "#1"},
				"down": {"uv": [6.25, 9.5, 6, 11.25], "texture": "#1"}
			}
		},
		{
			"from": [1, 21, 0],
			"to": [1, 28, 14],
			"faces": {
				"north": {"uv": [0, 0, 0, 0.875], "texture": "#1"},
				"east": {"uv": [8, 0.875, 9.75, 1.75], "texture": "#1"},
				"south": {"uv": [0, 0, 0, 0.875], "texture": "#1"},
				"west": {"uv": [8, 1.75, 9.75, 2.625], "texture": "#1"},
				"up": {"uv": [0, 1.75, 0, 0], "texture": "#1"},
				"down": {"uv": [0, 0, 0, 1.75], "texture": "#1"}
			}
		},
		{
			"from": [31, 21, 0],
			"to": [31, 28, 14],
			"faces": {
				"north": {"uv": [0, 0, 0, 0.875], "texture": "#1"},
				"east": {"uv": [8, 2.625, 9.75, 3.5], "texture": "#1"},
				"south": {"uv": [0, 0, 0, 0.875], "texture": "#1"},
				"west": {"uv": [8, 3.5, 9.75, 4.375], "texture": "#1"},
				"up": {"uv": [0, 1.75, 0, 0], "texture": "#1"},
				"down": {"uv": [0, 0, 0, 1.75], "texture": "#1"}
			}
		},
		{
			"from": [30, 12, 0],
			"to": [32, 19, 14],
			"faces": {
				"north": {"uv": [3.25, 9.75, 3.5, 10.625], "texture": "#1"},
				"east": {"uv": [7.5, 7.75, 9.25, 8.625], "texture": "#1"},
				"south": {"uv": [3.5, 9.75, 3.75, 10.625], "texture": "#1"},
				"west": {"uv": [8, 0, 9.75, 0.875], "texture": "#1"},
				"up": {"uv": [6.5, 11.25, 6.25, 9.5], "texture": "#1"},
				"down": {"uv": [6.75, 9.5, 6.5, 11.25], "texture": "#1"}
			}
		},
		{
			"from": [21, 2, -0.1],
			"to": [26, 6, -0.1],
			"faces": {
				"north": {"uv": [0.375, 9.75, 1, 10.25], "texture": "#1"},
				"east": {"uv": [0, 0, 0, 0.5], "texture": "#1"},
				"south": {"uv": [9.75, 0.875, 10.375, 1.375], "texture": "#1"},
				"west": {"uv": [0, 0, 0, 0.5], "texture": "#1"},
				"up": {"uv": [0.625, 0, 0, 0], "texture": "#1"},
				"down": {"uv": [0.625, 0, 0, 0], "texture": "#1"}
			}
		},
		{
			"from": [6, 2, -0.1],
			"to": [11, 6, -0.1],
			"rotation": {"angle": 0, "axis": "y", "origin": [16, 0, 0]},
			"faces": {
				"north": {"uv": [1, 9.75, 1.625, 10.25], "texture": "#1"},
				"east": {"uv": [0, 0, 0, 0.5], "texture": "#1"},
				"south": {"uv": [9.75, 1.375, 10.375, 1.875], "texture": "#1"},
				"west": {"uv": [0, 0, 0, 0.5], "texture": "#1"},
				"up": {"uv": [0.625, 0, 0, 0], "texture": "#1"},
				"down": {"uv": [0.625, 0, 0, 0], "texture": "#1"}
			}
		},
		{
			"from": [2.8, 12, 0],
			"to": [5.8, 19, 8],
			"faces": {
				"north": {"uv": [0, 9.75, 0.375, 10.625], "texture": "#1"},
				"east": {"uv": [4, 8.625, 5, 9.5], "texture": "#1"},
				"south": {"uv": [9.75, 0, 10.125, 0.875], "texture": "#1"},
				"west": {"uv": [5, 8.625, 6, 9.5], "texture": "#1"},
				"up": {"uv": [7.125, 10.5, 6.75, 9.5], "texture": "#1"},
				"down": {"uv": [7.5, 9.5, 7.125, 10.5], "texture": "#1"}
			}
		},
		{
			"from": [13, 12, 0],
			"to": [15, 19, 8],
			"faces": {
				"north": {"uv": [3.75, 9.75, 4, 10.625], "texture": "#1"},
				"east": {"uv": [6, 8.625, 7, 9.5], "texture": "#1"},
				"south": {"uv": [4, 9.75, 4.25, 10.625], "texture": "#1"},
				"west": {"uv": [7, 8.625, 8, 9.5], "texture": "#1"},
				"up": {"uv": [2.75, 10.75, 2.5, 9.75], "texture": "#1"},
				"down": {"uv": [10, 2.625, 9.75, 3.625], "texture": "#1"}
			}
		},
		{
			"from": [10, 12, 1],
			"to": [13, 18, 9],
			"faces": {
				"north": {"uv": [1.625, 9.75, 2, 10.5], "texture": "#1"},
				"east": {"uv": [9.125, 5.375, 10.125, 6.125], "texture": "#1"},
				"south": {"uv": [9.75, 1.875, 10.125, 2.625], "texture": "#1"},
				"west": {"uv": [9.125, 6.125, 10.125, 6.875], "texture": "#1"},
				"up": {"uv": [7.875, 10.5, 7.5, 9.5], "texture": "#1"},
				"down": {"uv": [7.875, 9.5, 7.5, 10.5], "texture": "#1"}
			}
		},
		{
			"from": [15, 12, 1],
			"to": [16, 17, 9],
			"faces": {
				"north": {"uv": [9, 7.125, 9.125, 7.75], "texture": "#1"},
				"east": {"uv": [8, 7.125, 9, 7.75], "texture": "#1"},
				"south": {"uv": [5.125, 9.75, 5.25, 10.375], "texture": "#1"},
				"west": {"uv": [8, 9.375, 9, 10], "texture": "#1"},
				"up": {"uv": [8, 10.5, 7.875, 9.5], "texture": "#1"},
				"down": {"uv": [4.625, 9.75, 4.5, 10.75], "texture": "#1"}
			}
		},
		{
			"from": [16, 12, 0],
			"to": [17, 18, 8],
			"faces": {
				"north": {"uv": [4.875, 9.75, 5, 10.5], "texture": "#1"},
				"east": {"uv": [9.125, 6.125, 10.125, 6.875], "texture": "#1"},
				"south": {"uv": [5, 9.75, 5.125, 10.5], "texture": "#1"},
				"west": {"uv": [9.25, 7.625, 10.25, 8.375], "texture": "#1"},
				"up": {"uv": [4.75, 10.75, 4.625, 9.75], "texture": "#1"},
				"down": {"uv": [4.875, 9.75, 4.75, 10.75], "texture": "#1"}
			}
		},
		{
			"from": [6.8, 12.4, 0.5],
			"to": [8.8, 18.4, 8.5],
			"rotation": {"angle": 22.5, "axis": "z", "origin": [8.5, 15.5, 4]},
			"faces": {
				"north": {"uv": [9.75, 3.625, 10, 4.375], "texture": "#1"},
				"east": {"uv": [8, 8.625, 9, 9.375], "texture": "#1"},
				"south": {"uv": [2, 9.75, 2.25, 10.5], "texture": "#1"},
				"west": {"uv": [9, 8.625, 10, 9.375], "texture": "#1"},
				"up": {"uv": [2.25, 10.75, 2, 9.75], "texture": "#1"},
				"down": {"uv": [2.25, 9.75, 2, 10.75], "texture": "#1"}
			}
		},
		{
			"from": [21, 12, 1],
			"to": [30, 19, 1],
			"faces": {
				"north": {"uv": [8, 5.375, 9.125, 6.25], "texture": "#1"},
				"east": {"uv": [0, 0, 0, 0.875], "texture": "#1"},
				"south": {"uv": [9.125, 5.375, 8, 6.25], "texture": "#1"},
				"west": {"uv": [0, 0, 0, 0.875], "texture": "#1"},
				"up": {"uv": [1.125, 0, 0, 0], "texture": "#1"},
				"down": {"uv": [1.125, 0, 0, 0], "texture": "#1"}
			}
		}
	],
	"display": {
		"thirdperson_righthand": {
			"rotation": [75, 45, 0],
			"translation": [0, 2.5, 0],
			"scale": [0.375, 0.375, 0.375]
		},
		"thirdperson_lefthand": {
			"rotation": [75, 45, 0],
			"translation": [0, 2.5, 0],
			"scale": [0.375, 0.375, 0.375]
		},
		"firstperson_righthand": {
			"rotation": [0, 45, 0],
			"scale": [0.4, 0.4, 0.4]
		},
		"firstperson_lefthand": {
			"rotation": [0, 225, 0],
			"scale": [0.4, 0.4, 0.4]
		},
		"ground": {
			"translation": [0, 3, 0],
			"scale": [0.25, 0.25, 0.25]
		},
		"gui": {
			"rotation": [30, 225, 0],
			"translation": [1.25, 0, 0],
			"scale": [0.25, 0.25, 0.25]
		},
		"fixed": {
			"rotation": [-90, 0, 0],
			"translation": [2, 0, -26],
			"scale": [1.7, 1.7, 1.7]
		}
	}
}