{
	"credit": "Made with Blockbench",
	"texture_size": [32, 32],
	"textures": {
		"1": "goth_furniture_v2:goth_statue",
		"3": "goth_furniture_v2:fire_bowl",
		"particle": "goth_furniture_v2:goth_statue"
	},
	"elements": [
		{
			"from": [-13, 11.8, 7.6],
			"to": [4, 18.8, 18.6],
			"rotation": {"angle": 0, "axis": "y", "origin": [2.65, 15.1, 11.1]},
			"faces": {
				"north": {"uv": [6.375, 0, 4.25, 0.875], "texture": "#1"},
				"east": {"uv": [9.75, 2.25, 8.375, 3.125], "texture": "#1"},
				"south": {"uv": [6.375, 0.875, 4.25, 1.75], "texture": "#1"},
				"west": {"uv": [4.75, 8.125, 3.375, 9], "texture": "#1"},
				"up": {"uv": [2.125, 1.375, 4.25, 0], "texture": "#1"},
				"down": {"uv": [2.125, 1.375, 4.25, 2.75], "texture": "#1"}
			}
		},
		{
			"from": [-8.4, 4, 8],
			"to": [-2.4, 12, 14],
			"rotation": {"angle": 0, "axis": "y", "origin": [3.65, 15.1, 8.1]},
			"faces": {
				"north": {"uv": [10.25, 9.25, 9.5, 10.25], "texture": "#1"},
				"east": {"uv": [2.25, 9.625, 1.5, 10.625], "texture": "#1"},
				"south": {"uv": [1.5, 9.625, 0.75, 10.625], "texture": "#1"},
				"west": {"uv": [0.75, 9.625, 0, 10.625], "texture": "#1"},
				"up": {"uv": [9.75, 2.5, 10.5, 1.75], "texture": "#1"},
				"down": {"uv": [9.75, 2.5, 10.5, 3.25], "texture": "#1"}
			}
		},
		{
			"from": [-8.25, -0.15, 1.6],
			"to": [0.75, 8.85, 10.6],
			"rotation": {"angle": 22.5, "axis": "y", "origin": [-5.35, 4.3, 4.3]},
			"faces": {
				"north": {"uv": [1.125, 8.5, 2.25, 7.375], "rotation": 270, "texture": "#1"},
				"east": {"uv": [8.625, 7.5, 7.5, 6.375], "rotation": 90, "texture": "#1"},
				"south": {"uv": [2.25, 8.5, 3.375, 7.375], "rotation": 90, "texture": "#1"},
				"west": {"uv": [8.625, 5.25, 7.5, 6.375], "rotation": 90, "texture": "#1"},
				"up": {"uv": [7.5, 1.125, 8.625, 0], "rotation": 90, "texture": "#1"},
				"down": {"uv": [7.375, 2.25, 8.5, 1.125], "rotation": 90, "texture": "#1"}
			}
		},
		{
			"from": [-2.05, 1.85, -2.2],
			"to": [4.95, 4.85, 0.8],
			"rotation": {"angle": 22.5, "axis": "y", "origin": [1.45, 3.35, -0.7]},
			"faces": {
				"north": {"uv": [10.125, 8.25, 10.5, 7.375], "rotation": 270, "texture": "#1"},
				"east": {"uv": [3.75, 7, 3.375, 6.625], "rotation": 90, "texture": "#1"},
				"south": {"uv": [10.25, 1.625, 10.625, 0.75], "rotation": 90, "texture": "#1"},
				"west": {"uv": [3.75, 6.25, 3.375, 6.625], "rotation": 90, "texture": "#1"},
				"up": {"uv": [10.25, 10, 10.625, 9.125], "rotation": 90, "texture": "#1"},
				"down": {"uv": [10.125, 9.125, 10.5, 8.25], "rotation": 90, "texture": "#1"}
			}
		},
		{
			"from": [-1.45, -1.25, -0.7],
			"to": [7.55, 1.75, 7.3],
			"rotation": {"angle": 0, "axis": "y", "origin": [5.05, 4.25, 2.3]},
			"faces": {
				"north": {"uv": [9.75, 9.25, 10.125, 8.125], "rotation": 270, "texture": "#1"},
				"east": {"uv": [11.125, 6.5, 10.125, 6.125], "rotation": 180, "texture": "#1"},
				"south": {"uv": [5, 10.875, 5.375, 9.75], "rotation": 90, "texture": "#1"},
				"west": {"uv": [11, 0.375, 10, 0.75], "texture": "#1"},
				"up": {"uv": [2, 9.625, 3, 8.5], "rotation": 90, "texture": "#1"},
				"down": {"uv": [8.5, 2.25, 9.5, 1.125], "rotation": 90, "texture": "#1"}
			}
		},
		{
			"from": [12, 11.8, 7.6],
			"to": [29, 18.8, 18.6],
			"rotation": {"angle": 0, "axis": "y", "origin": [13.35, 15.1, 11.1]},
			"faces": {
				"north": {"uv": [4.25, 0, 6.375, 0.875], "texture": "#1"},
				"east": {"uv": [3.375, 8.125, 4.75, 9], "texture": "#1"},
				"south": {"uv": [4.25, 0.875, 6.375, 1.75], "texture": "#1"},
				"west": {"uv": [8.375, 2.25, 9.75, 3.125], "texture": "#1"},
				"up": {"uv": [4.25, 1.375, 2.125, 0], "texture": "#1"},
				"down": {"uv": [4.25, 1.375, 2.125, 2.75], "texture": "#1"}
			}
		},
		{
			"from": [18.4, 4, 8],
			"to": [24.4, 12, 14],
			"rotation": {"angle": 0, "axis": "y", "origin": [12.35, 15.1, 8.1]},
			"faces": {
				"north": {"uv": [9.5, 9.25, 10.25, 10.25], "texture": "#1"},
				"east": {"uv": [0, 9.625, 0.75, 10.625], "texture": "#1"},
				"south": {"uv": [0.75, 9.625, 1.5, 10.625], "texture": "#1"},
				"west": {"uv": [1.5, 9.625, 2.25, 10.625], "texture": "#1"},
				"up": {"uv": [10.5, 2.5, 9.75, 1.75], "texture": "#1"},
				"down": {"uv": [10.5, 2.5, 9.75, 3.25], "texture": "#1"}
			}
		},
		{
			"from": [15.25, -0.15, 1.6],
			"to": [24.25, 8.85, 10.6],
			"rotation": {"angle": -22.5, "axis": "y", "origin": [21.35, 4.3, 4.3]},
			"faces": {
				"north": {"uv": [1.125, 7.375, 2.25, 8.5], "rotation": 270, "texture": "#1"},
				"east": {"uv": [8.625, 6.375, 7.5, 5.25], "rotation": 90, "texture": "#1"},
				"south": {"uv": [2.25, 7.375, 3.375, 8.5], "rotation": 90, "texture": "#1"},
				"west": {"uv": [8.625, 6.375, 7.5, 7.5], "rotation": 90, "texture": "#1"},
				"up": {"uv": [7.5, 0, 8.625, 1.125], "rotation": 90, "texture": "#1"},
				"down": {"uv": [7.375, 1.125, 8.5, 2.25], "rotation": 90, "texture": "#1"}
			}
		},
		{
			"from": [11.05, 1.85, -2.2],
			"to": [18.05, 4.85, 0.8],
			"rotation": {"angle": -22.5, "axis": "y", "origin": [14.55, 3.35, -0.7]},
			"faces": {
				"north": {"uv": [10.125, 7.375, 10.5, 8.25], "rotation": 270, "texture": "#1"},
				"east": {"uv": [3.75, 6.625, 3.375, 6.25], "rotation": 90, "texture": "#1"},
				"south": {"uv": [10.25, 0.75, 10.625, 1.625], "rotation": 90, "texture": "#1"},
				"west": {"uv": [3.75, 6.625, 3.375, 7], "rotation": 90, "texture": "#1"},
				"up": {"uv": [10.25, 9.125, 10.625, 10], "rotation": 90, "texture": "#1"},
				"down": {"uv": [10.125, 8.25, 10.5, 9.125], "rotation": 90, "texture": "#1"}
			}
		},
		{
			"from": [8.45, -1.25, -0.7],
			"to": [17.45, 1.75, 7.3],
			"rotation": {"angle": 0, "axis": "y", "origin": [10.95, 4.25, 2.3]},
			"faces": {
				"north": {"uv": [9.75, 8.125, 10.125, 9.25], "rotation": 270, "texture": "#1"},
				"east": {"uv": [10, 0.375, 11, 0.75], "texture": "#1"},
				"south": {"uv": [5, 9.75, 5.375, 10.875], "rotation": 90, "texture": "#1"},
				"west": {"uv": [10.125, 6.5, 11.125, 6.125], "rotation": 180, "texture": "#1"},
				"up": {"uv": [2, 8.5, 3, 9.625], "rotation": 90, "texture": "#1"},
				"down": {"uv": [8.5, 1.125, 9.5, 2.25], "rotation": 90, "texture": "#1"}
			}
		},
		{
			"from": [0, 8, 8.4],
			"to": [16, 16, 18.4],
			"rotation": {"angle": 0, "axis": "y", "origin": [0, 29.6, 0]},
			"faces": {
				"north": {"uv": [0, 4, 2, 5], "texture": "#1"},
				"east": {"uv": [4.25, 1.75, 5.5, 2.75], "texture": "#1"},
				"south": {"uv": [2, 4, 4, 5], "texture": "#1"},
				"west": {"uv": [7.5, 7.5, 8.75, 8.5], "texture": "#1"},
				"up": {"uv": [2, 4, 0, 2.75], "texture": "#1"},
				"down": {"uv": [4, 2.75, 2, 4], "texture": "#1"}
			}
		},
		{
			"from": [2.5, 2.6, 10],
			"to": [13.5, 12.6, 16],
			"rotation": {"angle": 0, "axis": "y", "origin": [0.1, 29.8, 0]},
			"faces": {
				"north": {"uv": [4, 4.5, 5.375, 5.75], "texture": "#1"},
				"east": {"uv": [6.625, 9.25, 7.375, 10.5], "texture": "#1"},
				"south": {"uv": [0, 5, 1.375, 6.25], "texture": "#1"},
				"west": {"uv": [7.375, 9.25, 8.125, 10.5], "texture": "#1"},
				"up": {"uv": [9.75, 9.25, 8.375, 8.5], "texture": "#1"},
				"down": {"uv": [10, 0, 8.625, 0.75], "texture": "#1"}
			}
		},
		{
			"from": [3, 16, 8.5],
			"to": [13, 26, 18.5],
			"rotation": {"angle": 0, "axis": "y", "origin": [0, 19.2, 0]},
			"faces": {
				"north": {"uv": [1.375, 5, 2.625, 6.25], "texture": "#1"},
				"east": {"uv": [2.625, 5, 3.875, 6.25], "texture": "#1"},
				"south": {"uv": [5.375, 4.5, 6.625, 5.75], "texture": "#1"},
				"west": {"uv": [3.875, 5.75, 5.125, 7], "texture": "#1"},
				"up": {"uv": [6.375, 7, 5.125, 5.75], "texture": "#1"},
				"down": {"uv": [7.375, 1.75, 6.125, 3], "texture": "#1"}
			}
		},
		{
			"from": [3.4, 16, 8.9],
			"to": [12.4, 25, 17.9],
			"rotation": {"angle": 0, "axis": "y", "origin": [0, 29.2, -0.8]},
			"faces": {
				"north": {"uv": [6.125, 3, 7.25, 4.125], "texture": "#1"},
				"east": {"uv": [0, 6.25, 1.125, 7.375], "texture": "#1"},
				"south": {"uv": [1.125, 6.25, 2.25, 7.375], "texture": "#1"},
				"west": {"uv": [2.25, 6.25, 3.375, 7.375], "texture": "#1"},
				"up": {"uv": [7.5, 1.125, 6.375, 0], "texture": "#1"},
				"down": {"uv": [7.5, 5.75, 6.375, 6.875], "texture": "#1"}
			}
		},
		{
			"from": [2.5, -2.4, 10],
			"to": [13.5, 2.6, 16],
			"rotation": {"angle": 0, "axis": "y", "origin": [0, 33.6, 0]},
			"faces": {
				"north": {"uv": [9.25, 5.5, 10.625, 6.125], "texture": "#1"},
				"east": {"uv": [6.375, 1.125, 7.125, 1.75], "texture": "#1"},
				"south": {"uv": [8.125, 9.25, 9.5, 9.875], "texture": "#1"},
				"west": {"uv": [9.75, 3.25, 10.5, 3.875], "texture": "#1"},
				"up": {"uv": [9.75, 3.875, 8.375, 3.125], "texture": "#1"},
				"down": {"uv": [8.375, 8.5, 7, 9.25], "texture": "#1"}
			}
		},
		{
			"from": [2.5, -15.4, 10.5],
			"to": [7.5, -2.4, 15.5],
			"rotation": {"angle": 0, "axis": "y", "origin": [0, 34.2, -0.8]},
			"faces": {
				"north": {"uv": [4.75, 8.125, 5.375, 9.75], "texture": "#1"},
				"east": {"uv": [8.625, 5, 9.25, 6.625], "texture": "#1"},
				"south": {"uv": [8.75, 6.625, 9.375, 8.25], "texture": "#1"},
				"west": {"uv": [5.375, 8.875, 6, 10.5], "texture": "#1"},
				"up": {"uv": [6.125, 2.375, 5.5, 1.75], "texture": "#1"},
				"down": {"uv": [10.5, 3.875, 9.875, 4.5], "texture": "#1"}
			}
		},
		{
			"from": [8.5, -15.4, 10.5],
			"to": [13.5, -2.4, 15.5],
			"rotation": {"angle": 0, "axis": "y", "origin": [15.6, 34.2, -0.8]},
			"faces": {
				"north": {"uv": [6, 8.875, 6.625, 10.5], "texture": "#1"},
				"east": {"uv": [3, 9, 3.625, 10.625], "texture": "#1"},
				"south": {"uv": [3.625, 9, 4.25, 10.625], "texture": "#1"},
				"west": {"uv": [9.25, 3.875, 9.875, 5.5], "texture": "#1"},
				"up": {"uv": [10.5, 5.125, 9.875, 4.5], "texture": "#1"},
				"down": {"uv": [8.75, 9.875, 8.125, 10.5], "texture": "#1"}
			}
		},
		{
			"from": [4, 1, -1],
			"to": [12, 3, 7],
			"faces": {
				"north": {"uv": [4, 10.5, 8, 11.5], "texture": "#3"},
				"east": {"uv": [8, 10.5, 12, 11.5], "texture": "#3"},
				"south": {"uv": [4, 11.5, 8, 12.5], "texture": "#3"},
				"west": {"uv": [8, 11.5, 12, 12.5], "texture": "#3"},
				"up": {"uv": [9, 8, 5, 4], "texture": "#3"},
				"down": {"uv": [9, 4, 5, 8], "texture": "#3"}
			}
		},
		{
			"from": [4, 8, 0],
			"to": [12, 14, 0],
			"faces": {
				"north": {"uv": [0, 10, 4, 13], "texture": "#3"},
				"east": {"uv": [0, 0, 0, 3], "texture": "#3"},
				"south": {"uv": [0, 10, 4, 13], "texture": "#3"},
				"west": {"uv": [0, 0, 0, 3], "texture": "#3"},
				"up": {"uv": [4, 0, 0, 0], "texture": "#3"},
				"down": {"uv": [4, 0, 0, 0], "texture": "#3"}
			}
		},
		{
			"from": [4, 8, 6],
			"to": [12, 14, 6],
			"faces": {
				"north": {"uv": [0, 10, 4, 13], "texture": "#3"},
				"east": {"uv": [0, 0, 0, 3], "texture": "#3"},
				"south": {"uv": [0, 10, 4, 13], "texture": "#3"},
				"west": {"uv": [0, 0, 0, 3], "texture": "#3"},
				"up": {"uv": [4, 0, 0, 0], "texture": "#3"},
				"down": {"uv": [4, 0, 0, 0], "texture": "#3"}
			}
		},
		{
			"from": [11, 8, -1],
			"to": [11, 14, 7],
			"rotation": {"angle": 0, "axis": "y", "origin": [12, 11, 3]},
			"faces": {
				"north": {"uv": [0, 0, 0, 3], "texture": "#3"},
				"east": {"uv": [0, 10, 4, 13], "texture": "#3"},
				"south": {"uv": [0, 0, 0, 3], "texture": "#3"},
				"west": {"uv": [0, 10, 4, 13], "texture": "#3"},
				"up": {"uv": [4, 0, 0, 0], "rotation": 90, "texture": "#3"},
				"down": {"uv": [4, 0, 0, 0], "rotation": 270, "texture": "#3"}
			}
		},
		{
			"from": [5, 8, -1],
			"to": [5, 14, 7],
			"rotation": {"angle": 0, "axis": "y", "origin": [12, 11, 3]},
			"faces": {
				"north": {"uv": [0, 0, 0, 3], "texture": "#3"},
				"east": {"uv": [0, 10, 4, 13], "texture": "#3"},
				"south": {"uv": [0, 0, 0, 3], "texture": "#3"},
				"west": {"uv": [0, 10, 4, 13], "texture": "#3"},
				"up": {"uv": [4, 0, 0, 0], "rotation": 90, "texture": "#3"},
				"down": {"uv": [4, 0, 0, 0], "rotation": 270, "texture": "#3"}
			}
		},
		{
			"from": [3, 3, -2],
			"to": [13, 8, 8],
			"faces": {
				"north": {"uv": [5, 8, 10, 10.5], "texture": "#3"},
				"east": {"uv": [9, 0, 14, 2.5], "texture": "#3"},
				"south": {"uv": [9, 2.5, 14, 5], "texture": "#3"},
				"west": {"uv": [9, 5, 14, 7.5], "texture": "#3"},
				"up": {"uv": [5, 5, 0, 0], "texture": "#3"},
				"down": {"uv": [5, 5, 0, 10], "texture": "#3"}
			}
		}
	],
	"display": {
		"thirdperson_righthand": {
			"rotation": [75, 45, 0],
			"translation": [0, 2.5, 0],
			"scale": [0.375, 0.375, 0.375]
		},
		"thirdperson_lefthand": {
			"rotation": [75, 45, 0],
			"translation": [0, 2.5, 0],
			"scale": [0.375, 0.375, 0.375]
		},
		"firstperson_righthand": {
			"rotation": [0, 45, 0],
			"scale": [0.4, 0.4, 0.4]
		},
		"firstperson_lefthand": {
			"rotation": [0, 225, 0],
			"scale": [0.4, 0.4, 0.4]
		},
		"ground": {
			"translation": [0, 3, 0],
			"scale": [0.25, 0.25, 0.25]
		},
		"gui": {
			"rotation": [30, 225, 0],
			"translation": [0.5, 0, 0],
			"scale": [0.3, 0.3, 0.3]
		},
		"fixed": {
			"rotation": [-90, 0, 0],
			"translation": [0, 0, -46],
			"scale": [2, 2, 2]
		}
	},
	"groups": [
		{
			"name": "Torso",
			"origin": [0, 30, -0.8],
			"color": 0,
			"nbt": "{}",
			"armAnimationEnabled": false,
			"children": [
				{
					"name": "Arm_left",
					"origin": [-6.6, 37, -0.8],
					"color": 0,
					"nbt": "{}",
					"armAnimationEnabled": false,
					"children": [
						0,
						1,
						{
							"name": "Forearm_left",
							"origin": [-18.4, 21.6, -0.8],
							"color": 0,
							"nbt": "{}",
							"armAnimationEnabled": false,
							"children": [
								2,
								{
									"name": "Thumb_left",
									"origin": [-12, 10.8, -0.8],
									"color": 0,
									"nbt": "{}",
									"armAnimationEnabled": false,
									"children": [3]
								},
								{
									"name": "Fingers_left",
									"origin": [-18.8, 10.8, -4.8],
									"color": 0,
									"nbt": "{}",
									"armAnimationEnabled": false,
									"children": [4]
								}
							]
						}
					]
				},
				{
					"name": "Arm_left",
					"origin": [-6.6, 37, -0.8],
					"color": 0,
					"nbt": "{}",
					"armAnimationEnabled": false,
					"children": [
						5,
						6,
						{
							"name": "Forearm_left",
							"origin": [-18.4, 21.6, -0.8],
							"color": 0,
							"nbt": "{}",
							"armAnimationEnabled": false,
							"children": [
								7,
								{
									"name": "Thumb_left",
									"origin": [-12, 10.8, -0.8],
									"color": 0,
									"nbt": "{}",
									"armAnimationEnabled": false,
									"children": [8]
								},
								{
									"name": "Fingers_left",
									"origin": [-18.8, 10.8, -4.8],
									"color": 0,
									"nbt": "{}",
									"armAnimationEnabled": false,
									"children": [9]
								}
							]
						}
					]
				},
				10,
				11,
				{
					"name": "Head",
					"origin": [0, 29.2, -0.8],
					"color": 0,
					"nbt": "{}",
					"armAnimationEnabled": false,
					"children": [12, 13]
				}
			]
		},
		{
			"name": "Legs",
			"origin": [0, 22.66667, -0.8],
			"color": 0,
			"nbt": "{}",
			"armAnimationEnabled": false,
			"children": [
				14,
				{
					"name": "Leg_left",
					"origin": [-3.2, 13.2, -0.8],
					"color": 0,
					"nbt": "{}",
					"armAnimationEnabled": false,
					"children": [15]
				},
				{
					"name": "Leg_left",
					"origin": [-3.2, 13.2, -0.8],
					"color": 0,
					"nbt": "{}",
					"armAnimationEnabled": false,
					"children": [16]
				}
			]
		},
		17,
		18,
		19,
		20,
		21,
		22
	]
}