{
	"credit": "Made with Blockbench",
	"texture_size": [64, 64],
	"textures": {
		"2": "goth_furniture_v2:goth_mirror",
		"particle": "goth_furniture_v2:goth_mirror"
	},
	"elements": [
		{
			"from": [2, 26, 7],
			"to": [14, 28, 9],
			"rotation": {"angle": 0, "axis": "y", "origin": [8, 16, 1]},
			"faces": {
				"north": {"uv": [6.5, 2, 9.5, 2.5], "texture": "#2"},
				"east": {"uv": [5.5, 6, 6, 6.5], "texture": "#2"},
				"south": {"uv": [6.5, 2.5, 9.5, 3], "texture": "#2"},
				"west": {"uv": [3.5, 6.5, 4, 7], "texture": "#2"},
				"up": {"uv": [9.5, 3.5, 6.5, 3], "texture": "#2"},
				"down": {"uv": [9.5, 3.5, 6.5, 4], "texture": "#2"}
			}
		},
		{
			"from": [0, 0, 7],
			"to": [16, 2, 9],
			"rotation": {"angle": 0, "axis": "y", "origin": [8, 16, 1]},
			"faces": {
				"north": {"uv": [6.5, 0, 10.5, 0.5], "texture": "#2"},
				"east": {"uv": [4.5, 6, 5, 6.5], "texture": "#2"},
				"south": {"uv": [6.5, 0.5, 10.5, 1], "texture": "#2"},
				"west": {"uv": [5, 6, 5.5, 6.5], "texture": "#2"},
				"up": {"uv": [10.5, 1.5, 6.5, 1], "texture": "#2"},
				"down": {"uv": [10.5, 1.5, 6.5, 2], "texture": "#2"}
			}
		},
		{
			"from": [0, 2, 7],
			"to": [2, 30, 9],
			"rotation": {"angle": 0, "axis": "y", "origin": [8, 16, 1]},
			"faces": {
				"north": {"uv": [0, 6, 0.5, 13], "texture": "#2"},
				"east": {"uv": [6, 0, 6.5, 7], "texture": "#2"},
				"south": {"uv": [0.5, 6, 1, 13], "texture": "#2"},
				"west": {"uv": [1, 6, 1.5, 13], "texture": "#2"},
				"up": {"uv": [4, 6.5, 3.5, 6], "texture": "#2"},
				"down": {"uv": [4.5, 6, 4, 6.5], "texture": "#2"}
			}
		},
		{
			"from": [0.5, 30, 8],
			"to": [1.5, 32, 9],
			"rotation": {"angle": 0, "axis": "y", "origin": [-2.5, 1, -0.5]},
			"faces": {
				"north": {"uv": [4.5, 6.5, 4.75, 7], "texture": "#2"},
				"east": {"uv": [6.5, 4.5, 6.75, 5], "texture": "#2"},
				"south": {"uv": [4.75, 6.5, 5, 7], "texture": "#2"},
				"west": {"uv": [5, 6.5, 5.25, 7], "texture": "#2"},
				"up": {"uv": [6, 6.75, 5.75, 6.5], "texture": "#2"},
				"down": {"uv": [6.75, 6, 6.5, 6.25], "texture": "#2"}
			}
		},
		{
			"from": [14, 2, 7],
			"to": [16, 30, 9],
			"rotation": {"angle": 0, "axis": "y", "origin": [8, 16, 1]},
			"faces": {
				"north": {"uv": [1.5, 6, 2, 13], "texture": "#2"},
				"east": {"uv": [2, 6, 2.5, 13], "texture": "#2"},
				"south": {"uv": [2.5, 6, 3, 13], "texture": "#2"},
				"west": {"uv": [3, 6, 3.5, 13], "texture": "#2"},
				"up": {"uv": [4.5, 7, 4, 6.5], "texture": "#2"},
				"down": {"uv": [7, 4, 6.5, 4.5], "texture": "#2"}
			}
		},
		{
			"from": [14.5, 30, 8],
			"to": [15.5, 32, 9],
			"rotation": {"angle": 0, "axis": "y", "origin": [18.5, 1, -0.5]},
			"faces": {
				"north": {"uv": [6.5, 5, 6.75, 5.5], "texture": "#2"},
				"east": {"uv": [5.25, 6.5, 5.5, 7], "texture": "#2"},
				"south": {"uv": [5.5, 6.5, 5.75, 7], "texture": "#2"},
				"west": {"uv": [6.5, 5.5, 6.75, 6], "texture": "#2"},
				"up": {"uv": [6.75, 6.5, 6.5, 6.25], "texture": "#2"},
				"down": {"uv": [6.75, 6.5, 6.5, 6.75], "texture": "#2"}
			}
		},
		{
			"from": [2, 2, 8],
			"to": [14, 26, 8],
			"faces": {
				"north": {"uv": [0, 0, 3, 6], "texture": "#2"},
				"east": {"uv": [0, 0, 0, 6], "texture": "#2"},
				"south": {"uv": [3, 0, 6, 6], "texture": "#2"},
				"west": {"uv": [0, 0, 0, 6], "texture": "#2"},
				"up": {"uv": [3, 0, 0, 0], "texture": "#2"},
				"down": {"uv": [3, 0, 0, 0], "texture": "#2"}
			}
		}
	],
	"display": {
		"thirdperson_righthand": {
			"rotation": [75, 45, 0],
			"translation": [0, 2.5, 0],
			"scale": [0.375, 0.375, 0.375]
		},
		"thirdperson_lefthand": {
			"rotation": [75, 45, 0],
			"translation": [0, 2.5, 0],
			"scale": [0.375, 0.375, 0.375]
		},
		"firstperson_righthand": {
			"rotation": [0, 45, 0],
			"scale": [0.4, 0.4, 0.4]
		},
		"firstperson_lefthand": {
			"rotation": [0, 225, 0],
			"scale": [0.4, 0.4, 0.4]
		},
		"ground": {
			"translation": [0, 3, 0],
			"scale": [0.25, 0.25, 0.25]
		},
		"gui": {
			"rotation": [30, 225, 0],
			"translation": [0, -2.5, 0],
			"scale": [0.4, 0.4, 0.4]
		},
		"fixed": {
			"translation": [0, 0, -2],
			"scale": [2, 2, 2]
		}
	}
}