{
	"credit": "Made with Blockbench",
	"textures": {
		"10": "modelengine:entity/hammer"
	},
	"elements": [
		{
			"from": [8, 1.75, 7.25],
			"to": [9, 21.75, 9.25],
			"rotation": {"angle": 0, "axis": "x", "origin": [0.5, 5.75, 5]},
			"faces": {
				"north": {"uv": [5, 0, 4.5, 10], "texture": "#10"},
				"east": {"uv": [1, 0, 0, 10], "texture": "#10"},
				"south": {"uv": [5.5, 0, 5, 10], "texture": "#10"},
				"west": {"uv": [2, 0, 1, 10], "texture": "#10"},
				"up": {"uv": [8.5, 3.5, 9.5, 3], "rotation": 90, "texture": "#10"},
				"down": {"uv": [8.5, 3.5, 9.5, 4], "rotation": 270, "texture": "#10"}
			}
		},
		{
			"from": [6, 14.75, 3.75],
			"to": [11, 20.75, 6.75],
			"rotation": {"angle": 0, "axis": "x", "origin": [0.5, 5.75, 5]},
			"faces": {
				"north": {"uv": [4.5, 0, 2, 3], "texture": "#10"},
				"east": {"uv": [7, 0, 5.5, 3], "texture": "#10"},
				"south": {"uv": [4.5, 3, 2, 6], "texture": "#10"},
				"west": {"uv": [7, 3, 5.5, 6], "texture": "#10"},
				"up": {"uv": [2, 8.5, 3.5, 6], "rotation": 90, "texture": "#10"},
				"down": {"uv": [5.5, 6, 7, 8.5], "rotation": 270, "texture": "#10"}
			}
		},
		{
			"from": [8, 16.75, 7.25],
			"to": [9, 20.75, 8.25],
			"rotation": {"angle": 0, "axis": "x", "origin": [0.5, 5.75, 5]},
			"faces": {
				"north": {"uv": [2.5, 8.5, 2, 10.5], "texture": "#10"},
				"east": {"uv": [9, 1, 8.5, 3], "texture": "#10"},
				"south": {"uv": [3.5, 8.5, 3, 10.5], "texture": "#10"},
				"west": {"uv": [3, 8.5, 2.5, 10.5], "texture": "#10"},
				"up": {"uv": [5.5, 9, 6, 8.5], "rotation": 90, "texture": "#10"},
				"down": {"uv": [6, 8.5, 6.5, 9], "rotation": 270, "texture": "#10"}
			}
		},
		{
			"from": [7.5, 16.75, 6.75],
			"to": [9.5, 20.75, 9.75],
			"rotation": {"angle": 0, "axis": "x", "origin": [0.5, 5.75, 5]},
			"faces": {
				"north": {"uv": [4.5, 6, 3.5, 8], "texture": "#10"},
				"east": {"uv": [8.5, 0, 7, 2], "texture": "#10"},
				"south": {"uv": [8, 4, 7, 6], "texture": "#10"},
				"west": {"uv": [8.5, 2, 7, 4], "texture": "#10"},
				"up": {"uv": [7, 7, 8.5, 6], "rotation": 90, "texture": "#10"},
				"down": {"uv": [7, 7, 8.5, 8], "rotation": 270, "texture": "#10"}
			}
		},
		{
			"from": [7.5, 18.75, 9.75],
			"to": [9.5, 20.75, 11.75],
			"rotation": {"angle": 0, "axis": "x", "origin": [0.5, 5.75, 5]},
			"faces": {
				"north": {"uv": [9, 4, 8, 5], "texture": "#10"},
				"east": {"uv": [4.5, 8, 3.5, 9], "texture": "#10"},
				"south": {"uv": [8, 8, 7, 9], "texture": "#10"},
				"west": {"uv": [9, 5, 8, 6], "texture": "#10"},
				"up": {"uv": [8, 9, 9, 8], "rotation": 90, "texture": "#10"},
				"down": {"uv": [8.5, 0, 9.5, 1], "rotation": 270, "texture": "#10"}
			}
		}
	],
	"gui_light": "front",
	"display": {
		"thirdperson_righthand": {
			"translation": [-1, -1, 1.5]
		},
		"thirdperson_lefthand": {
			"translation": [-1, -1, 1.5]
		},
		"firstperson_righthand": {
			"rotation": [-12, 7, -16],
			"translation": [-1, -1, 1.5]
		},
		"firstperson_lefthand": {
			"rotation": [-12, 7, -16],
			"translation": [-1, -1, 1.5]
		},
		"ground": {
			"rotation": [45, 0, 0],
			"translation": [0, 2.5, 0],
			"scale": [0.7, 0.7, 0.7]
		},
		"gui": {
			"rotation": [-82, -50, -78],
			"translation": [-2.5, -2.5, 0],
			"scale": [0.8, 0.8, 0.8]
		},
		"head": {
			"rotation": [-104, 0, 0],
			"translation": [0, 11.75, 3.5]
		},
		"fixed": {
			"rotation": [0, 77, 0],
			"translation": [0, -10.75, -1.75],
			"scale": [2, 2, 2]
		}
	},
	"groups": [
		{
			"name": "hip_hammer",
			"origin": [-21.5, 17.05317, 25.34411],
			"rotation": [37.95271, -13.91424, 4.18079],
			"color": 0,
			"children": [0, 1, 2, 3, 4]
		}
	]
}