{
	"credit": "Made with Blockbench",
	"textures": {
		"13": "modelengine:entity/viking_shield2"
	},
	"elements": [
		{
			"from": [-0.235, 10.45281, 7.355],
			"to": [13.525, 24.21281, 9.075],
			"rotation": {"angle": 0, "axis": "y", "origin": [6.645, 15.54781, 9.5]},
			"faces": {
				"north": {"uv": [0, 7, 7, 14], "texture": "#13"},
				"east": {"uv": [7, 7, 8, 14], "texture": "#13"},
				"south": {"uv": [0, 0, 7, 7], "texture": "#13"},
				"west": {"uv": [7, 0, 8, 7], "texture": "#13"},
				"up": {"uv": [15, 1, 8, 0], "rotation": 180, "texture": "#13"},
				"down": {"uv": [15, 1, 8, 2], "rotation": 180, "texture": "#13"}
			}
		},
		{
			"from": [4.065, 15.18281, 6.555],
			"to": [9.225, 20.34281, 7.415],
			"rotation": {"angle": 0, "axis": "y", "origin": [6.645, 15.54781, 9.5]},
			"faces": {
				"north": {"uv": [8, 4.5, 10.5, 7], "texture": "#13"},
				"east": {"uv": [8.5, 7, 9, 9.5], "texture": "#13"},
				"south": {"uv": [8, 2, 10.5, 4.5], "texture": "#13"},
				"west": {"uv": [8, 7, 8.5, 9.5], "texture": "#13"},
				"up": {"uv": [11.5, 7.5, 9, 7], "rotation": 180, "texture": "#13"},
				"down": {"uv": [11.5, 7.5, 9, 8], "rotation": 180, "texture": "#13"}
			}
		}
	],
	"gui_light": "front",
	"display": {
		"thirdperson_righthand": {
			"rotation": [0, -90, 0],
			"translation": [2.75, -9, 4.25],
			"scale": [0.75, 0.75, 0.75]
		},
		"thirdperson_lefthand": {
			"rotation": [0, -90, 0],
			"translation": [2.75, -9, 4.25],
			"scale": [0.75, 0.75, 0.75]
		},
		"firstperson_righthand": {
			"rotation": [0, -90, 0],
			"translation": [2.75, -9, 4.25],
			"scale": [0.75, 0.75, 0.75]
		},
		"firstperson_lefthand": {
			"rotation": [0, -90, 0],
			"translation": [2.75, -9, 4.25],
			"scale": [0.75, 0.75, 0.75]
		},
		"ground": {
			"rotation": [38, 0, 0]
		},
		"gui": {
			"rotation": [-23, 142, 14],
			"translation": [-3, -9, 0]
		},
		"head": {
			"rotation": [90, 0, 0],
			"translation": [1.5, 7.5, -9.25]
		},
		"fixed": {
			"translation": [2.75, -18.5, 0],
			"scale": [2, 2, 2]
		}
	},
	"groups": [
		{
			"name": "left_hand_shield2",
			"origin": [-49.78271, 17.83914, 1.77],
			"rotation": [15, 0, 0],
			"color": 0,
			"children": [0, 1]
		}
	]
}