{
	"credit": "Made with Blockbench",
	"texture_size": [256, 256],
	"textures": {
		"1": "modelengine:entity/viking_miniboss"
	},
	"elements": [
		{
			"from": [7.16454, 6.0024, 7.1387],
			"to": [8.66454, 19.5024, 9.1387],
			"rotation": {"angle": 0, "axis": "y", "origin": [7.78954, 11.27885, 7.96377]},
			"faces": {
				"north": {"uv": [4.0625, 4.875, 4.25, 6.5625], "rotation": 180, "texture": "#1"},
				"east": {"uv": [5.8125, 1.375, 4.125, 1.625], "rotation": 270, "texture": "#1"},
				"south": {"uv": [1.1875, 6.375, 1.375, 4.6875], "texture": "#1"},
				"west": {"uv": [5.8125, 1.125, 4.125, 1.375], "rotation": 90, "texture": "#1"},
				"up": {"uv": [5.375, 7, 5.1875, 7.25], "rotation": 180, "texture": "#1"},
				"down": {"uv": [7.1875, 5.25, 7, 5.5], "texture": "#1"}
			}
		},
		{
			"from": [6.66454, 19.45385, 6.6387],
			"to": [9.16454, 23.45385, 9.6387],
			"rotation": {"angle": 0, "axis": "y", "origin": [7.78954, 11.67885, 7.96377]},
			"faces": {
				"north": {"uv": [3.3125, 6.3125, 3.625, 6.8125], "rotation": 180, "texture": "#1"},
				"east": {"uv": [6.5625, 2, 6.0625, 2.375], "rotation": 270, "texture": "#1"},
				"south": {"uv": [3, 6.8125, 3.3125, 6.3125], "texture": "#1"},
				"west": {"uv": [6.5625, 0.5, 6.0625, 0.875], "rotation": 90, "texture": "#1"},
				"up": {"uv": [6.875, 2.375, 6.5625, 2.75], "rotation": 180, "texture": "#1"},
				"down": {"uv": [6.875, 4.875, 6.5625, 5.25], "texture": "#1"}
			}
		},
		{
			"from": [6.66454, 2.0024, 6.6387],
			"to": [9.16454, 6.0024, 9.6387],
			"rotation": {"angle": 0, "axis": "y", "origin": [7.78954, 7.27885, 7.96377]},
			"faces": {
				"north": {"uv": [1, 6.375, 1.3125, 6.875], "rotation": 180, "texture": "#1"},
				"east": {"uv": [3, 6.0625, 2.5, 6.4375], "rotation": 270, "texture": "#1"},
				"south": {"uv": [6.3125, 4.3125, 6.625, 3.8125], "texture": "#1"},
				"west": {"uv": [6.5625, 2.375, 6.0625, 2.75], "rotation": 90, "texture": "#1"},
				"up": {"uv": [6.875, 6.5, 6.5625, 6.875], "rotation": 180, "texture": "#1"},
				"down": {"uv": [3.9375, 6.625, 3.625, 7], "texture": "#1"}
			}
		},
		{
			"from": [6.16454, 23.45385, 5.6387],
			"to": [9.66454, 29.45385, 11.6387],
			"rotation": {"angle": 0, "axis": "y", "origin": [7.78954, 11.67885, 7.96377]},
			"faces": {
				"north": {"uv": [3.625, 4.875, 4.0625, 5.625], "rotation": 180, "texture": "#1"},
				"east": {"uv": [0.75, 3.625, 0, 4.375], "rotation": 270, "texture": "#1"},
				"south": {"uv": [3.1875, 5.625, 3.625, 4.875], "texture": "#1"},
				"west": {"uv": [0, 3.625, 0.75, 4.375], "rotation": 90, "texture": "#1"},
				"up": {"uv": [5.3125, 0, 4.875, 0.75], "rotation": 180, "texture": "#1"},
				"down": {"uv": [3.1875, 4.875, 2.75, 5.625], "texture": "#1"}
			}
		},
		{
			"from": [7.16454, 23.45385, 3.6387],
			"to": [8.66454, 29.45385, 5.6387],
			"rotation": {"angle": 0, "axis": "y", "origin": [7.78954, 11.67885, 7.96377]},
			"faces": {
				"north": {"uv": [1.5, 6.5, 1.6875, 7.25], "rotation": 180, "texture": "#1"},
				"east": {"uv": [6.875, 3.0625, 6.125, 3.3125], "rotation": 270, "texture": "#1"},
				"south": {"uv": [1.3125, 7.25, 1.5, 6.5], "texture": "#1"},
				"west": {"uv": [6.125, 3.0625, 6.875, 3.3125], "rotation": 90, "texture": "#1"},
				"up": {"uv": [5.875, 7, 5.6875, 7.25], "rotation": 180, "texture": "#1"},
				"down": {"uv": [7.1875, 5.6875, 7, 5.9375], "texture": "#1"}
			}
		},
		{
			"from": [7.16454, 18.45385, -0.3613],
			"to": [8.66454, 29.45385, 3.6387],
			"rotation": {"angle": 0, "axis": "y", "origin": [7.78954, 11.67885, 7.96377]},
			"faces": {
				"north": {"uv": [0.5, 5.25, 0.6875, 6.625], "rotation": 180, "texture": "#1"},
				"east": {"uv": [3.75, 3, 2.375, 3.5], "rotation": 270, "texture": "#1"},
				"south": {"uv": [1.875, 6.5, 2.0625, 5.125], "texture": "#1"},
				"west": {"uv": [2.375, 3, 3.75, 3.5], "rotation": 90, "texture": "#1"},
				"up": {"uv": [2.5625, 6.8125, 2.375, 7.3125], "rotation": 180, "texture": "#1"},
				"down": {"uv": [2.75, 6.8125, 2.5625, 7.3125], "texture": "#1"}
			}
		}
	],
	"gui_light": "front",
	"display": {
		"thirdperson_righthand": {
			"translation": [0, -5.25, 1.75]
		},
		"thirdperson_lefthand": {
			"translation": [0, -5.25, 1.75]
		},
		"firstperson_righthand": {
			"rotation": [-19, 14, -16],
			"translation": [0, -5.25, 1.75]
		},
		"firstperson_lefthand": {
			"rotation": [-19, 14, -16],
			"translation": [0, -5.25, 1.75]
		},
		"ground": {
			"rotation": [47, 0, 0],
			"translation": [0, 2.5, 0]
		},
		"gui": {
			"rotation": [-66, -45, -67],
			"translation": [-4.25, -3.75, 0],
			"scale": [0.6, 0.6, 0.6]
		},
		"head": {
			"rotation": [-125, 0, 0],
			"translation": [0, 20.75, 4.25]
		},
		"fixed": {
			"rotation": [0, 90, 0],
			"translation": [0, -19, -2.75],
			"scale": [2, 2, 2]
		}
	},
	"groups": [
		{
			"name": "axe",
			"origin": [7.91454, 10.77044, 6.48044],
			"color": 0,
			"children": [0, 1, 2, 3, 4, 5]
		}
	]
}