{
	"credit": "Made with Blockbench",
	"textures": {
		"6": "modelengine:entity/viking_head3"
	},
	"elements": [
		{
			"from": [3.63, 16.26, 5],
			"to": [12.37, 20, 13.74],
			"rotation": {"angle": 0, "axis": "y", "origin": [5, 24.55693, 5.28667]},
			"faces": {
				"north": {"uv": [2.25, 6, 4.5, 7], "texture": "#6"},
				"east": {"uv": [4.5, 6, 6.75, 7], "texture": "#6"},
				"south": {"uv": [6.25, 0, 8.5, 1], "texture": "#6"},
				"west": {"uv": [6.25, 1, 8.5, 2], "texture": "#6"},
				"up": {"uv": [2.25, 2.25, 0, 0], "texture": "#6"},
				"down": {"uv": [2.25, 2.25, 0, 4.5], "texture": "#6"}
			}
		},
		{
			"from": [3.63, 13.27, 11],
			"to": [12.37, 16.26, 13.74],
			"rotation": {"angle": 0, "axis": "y", "origin": [5, 20.81693, 11.28667]},
			"faces": {
				"north": {"uv": [6.25, 4, 8.5, 4.75], "texture": "#6"},
				"east": {"uv": [3.5, 7.5, 4.25, 8.25], "texture": "#6"},
				"south": {"uv": [6.25, 4.75, 8.5, 5.5], "texture": "#6"},
				"west": {"uv": [4.25, 7.5, 5, 8.25], "texture": "#6"},
				"up": {"uv": [9, 6.25, 6.75, 5.5], "texture": "#6"},
				"down": {"uv": [9, 6.25, 6.75, 7], "texture": "#6"}
			}
		},
		{
			"from": [6.63, 12.51, 4.3],
			"to": [9.37, 17.25, 6.04],
			"rotation": {"angle": 0, "axis": "y", "origin": [5, 24.55693, 5.28667]},
			"faces": {
				"north": {"uv": [2, 7, 2.75, 8.25], "texture": "#6"},
				"east": {"uv": [6.5, 7, 7, 8.25], "texture": "#6"},
				"south": {"uv": [2.75, 7, 3.5, 8.25], "texture": "#6"},
				"west": {"uv": [7, 7, 7.5, 8.25], "texture": "#6"},
				"up": {"uv": [9.25, 0.5, 8.5, 0], "texture": "#6"},
				"down": {"uv": [9.25, 0.5, 8.5, 1], "texture": "#6"}
			}
		},
		{
			"from": [5, 11.33885, 3.75],
			"to": [11, 13.33885, 5.75],
			"rotation": {"angle": 0, "axis": "y", "origin": [5, 24.55693, 5.28667]},
			"faces": {
				"north": {"uv": [3.5, 7, 5, 7.5], "texture": "#6"},
				"east": {"uv": [3.5, 9, 3.75, 9.5], "texture": "#6"},
				"south": {"uv": [5, 7, 6.5, 7.5], "texture": "#6"},
				"west": {"uv": [9, 3.5, 9.25, 4], "texture": "#6"},
				"up": {"uv": [10, 8.75, 8.5, 8.5], "texture": "#6"},
				"down": {"uv": [10, 8.75, 8.5, 9], "texture": "#6"}
			}
		},
		{
			"from": [3.5, 8.67783, 9.23036],
			"to": [12.5, 13.67783, 13.23036],
			"rotation": {"angle": 22.5, "axis": "x", "origin": [5, 24.55693, 5.28667]},
			"faces": {
				"north": {"uv": [0, 4.5, 2.25, 5.75], "texture": "#6"},
				"east": {"uv": [0, 7, 1, 8.25], "texture": "#6"},
				"south": {"uv": [0, 5.75, 2.25, 7], "texture": "#6"},
				"west": {"uv": [1, 7, 2, 8.25], "texture": "#6"},
				"up": {"uv": [8.5, 3, 6.25, 2], "texture": "#6"},
				"down": {"uv": [8.5, 3, 6.25, 4], "texture": "#6"}
			}
		},
		{
			"from": [9.5, 4.97618, 4.12723],
			"to": [11.5, 7.97618, 6.12723],
			"rotation": {"angle": 0, "axis": "x", "origin": [8, 6.22618, 4.12723]},
			"faces": {
				"north": {"uv": [0, 9, 0.5, 9.75], "texture": "#6"},
				"east": {"uv": [0.5, 9, 1, 9.75], "texture": "#6"},
				"south": {"uv": [1, 9, 1.5, 9.75], "texture": "#6"},
				"west": {"uv": [9, 1, 9.5, 1.75], "texture": "#6"},
				"up": {"uv": [6.75, 6, 6.25, 5.5], "texture": "#6"},
				"down": {"uv": [9.5, 2.5, 9, 3], "texture": "#6"}
			}
		},
		{
			"from": [9, 2.75751, 3.6],
			"to": [12, 5.75751, 6.6],
			"rotation": {"angle": 0, "axis": "y", "origin": [5, 24.55693, 5.28667]},
			"faces": {
				"north": {"uv": [0, 8.25, 0.75, 9], "texture": "#6"},
				"east": {"uv": [0.75, 8.25, 1.5, 9], "texture": "#6"},
				"south": {"uv": [1.5, 8.25, 2.25, 9], "texture": "#6"},
				"west": {"uv": [2.25, 8.25, 3, 9], "texture": "#6"},
				"up": {"uv": [3.75, 9, 3, 8.25], "texture": "#6"},
				"down": {"uv": [4.5, 8.25, 3.75, 9], "texture": "#6"}
			}
		},
		{
			"from": [4, 2.75751, 3.6],
			"to": [7, 5.75751, 6.6],
			"rotation": {"angle": 0, "axis": "y", "origin": [5, 24.55693, 5.28667]},
			"faces": {
				"north": {"uv": [4.5, 8.25, 5.25, 9], "texture": "#6"},
				"east": {"uv": [5.25, 8.25, 6, 9], "texture": "#6"},
				"south": {"uv": [6, 8.25, 6.75, 9], "texture": "#6"},
				"west": {"uv": [6.75, 8.25, 7.5, 9], "texture": "#6"},
				"up": {"uv": [9, 7.75, 8.25, 7], "texture": "#6"},
				"down": {"uv": [9, 7.75, 8.25, 8.5], "texture": "#6"}
			}
		},
		{
			"from": [4.5, 4.97618, 4.12723],
			"to": [6.5, 7.97618, 6.12723],
			"rotation": {"angle": 0, "axis": "x", "origin": [8, 6.22618, 4.12723]},
			"faces": {
				"north": {"uv": [1.5, 9, 2, 9.75], "texture": "#6"},
				"east": {"uv": [9, 1.75, 9.5, 2.5], "texture": "#6"},
				"south": {"uv": [2, 9, 2.5, 9.75], "texture": "#6"},
				"west": {"uv": [2.5, 9, 3, 9.75], "texture": "#6"},
				"up": {"uv": [3.5, 9.5, 3, 9], "texture": "#6"},
				"down": {"uv": [9.5, 3, 9, 3.5], "texture": "#6"}
			}
		}
	],
	"gui_light": "front",
	"display": {
		"thirdperson_righthand": {
			"rotation": [50, 0, 0],
			"translation": [0, -3, -3.5],
			"scale": [0.7, 0.7, 0.7]
		},
		"thirdperson_lefthand": {
			"rotation": [50, 0, 0],
			"translation": [0, -3, -3.5],
			"scale": [0.7, 0.7, 0.7]
		},
		"firstperson_righthand": {
			"rotation": [14, 129, 0],
			"translation": [0, -3, -3.5],
			"scale": [0.7, 0.7, 0.7]
		},
		"firstperson_lefthand": {
			"rotation": [14, 129, 0],
			"translation": [0, -3, -3.5],
			"scale": [0.7, 0.7, 0.7]
		},
		"ground": {
			"rotation": [47, 0, 0]
		},
		"gui": {
			"rotation": [-10, 148, 4],
			"translation": [-0.5, -3.25, 0],
			"scale": [0.8, 0.8, 0.8]
		},
		"head": {
			"translation": [0, -11.5, -2.25],
			"scale": [1.6, 1.6, 1.6]
		},
		"fixed": {
			"translation": [0, -3.5, 0]
		}
	},
	"groups": [
		{
			"name": "head_4",
			"origin": [27, 27.95, -24.42],
			"rotation": [-17.5, 0, 0],
			"color": 0,
			"children": [0, 1, 2, 3, 4, 5, 6, 7, 8]
		}
	]
}