{
	"credit": "Made with Blockbench",
	"texture_size": [32, 32],
	"textures": {
		"0": "forest_pack:acorn",
		"particle": "forest_pack:acorn"
	},
	"elements": [
		{
			"from": [5.5, 8.91667, 5.5],
			"to": [10.5, 9.91667, 10.5],
			"rotation": {"angle": 0, "axis": "y", "origin": [8, 8, 8]},
			"faces": {
				"north": {"uv": [6.5, 0, 9, 0.5], "texture": "#0"},
				"east": {"uv": [6.5, 0.5, 9, 1], "texture": "#0"},
				"south": {"uv": [6.5, 1, 9, 1.5], "texture": "#0"},
				"west": {"uv": [6.5, 1.5, 9, 2], "texture": "#0"},
				"up": {"uv": [2.5, 2.5, 0, 0], "texture": "#0"},
				"down": {"uv": [2.5, 2.5, 0, 5], "texture": "#0"}
			}
		},
		{
			"from": [6, 9.91667, 6],
			"to": [10, 10.41667, 10],
			"rotation": {"angle": 0, "axis": "y", "origin": [8, 8, 8]},
			"faces": {
				"north": {"uv": [6.5, 4.5, 8.5, 4.75], "texture": "#0"},
				"east": {"uv": [6.5, 5, 8.5, 5.25], "texture": "#0"},
				"south": {"uv": [6.5, 5.5, 8.5, 5.75], "texture": "#0"},
				"west": {"uv": [6, 6.5, 8, 6.75], "texture": "#0"},
				"up": {"uv": [4.5, 6, 2.5, 4], "texture": "#0"},
				"down": {"uv": [6.5, 0, 4.5, 2], "texture": "#0"}
			}
		},
		{
			"from": [7.75, 10.41667, 7.75],
			"to": [8.25, 11.41667, 8.25],
			"rotation": {"angle": 0, "axis": "y", "origin": [8, 8, 8]},
			"faces": {
				"north": {"uv": [2, 5, 2.25, 5.5], "texture": "#0"},
				"east": {"uv": [2, 5.5, 2.25, 6], "texture": "#0"},
				"south": {"uv": [1.5, 6.5, 1.75, 7], "texture": "#0"},
				"west": {"uv": [1.5, 7, 1.75, 7.5], "texture": "#0"},
				"up": {"uv": [6.75, 7.25, 6.5, 7], "texture": "#0"},
				"down": {"uv": [7.25, 7, 7, 7.25], "texture": "#0"}
			}
		},
		{
			"from": [6, 5.91667, 6],
			"to": [10, 8.91667, 10],
			"rotation": {"angle": 0, "axis": "y", "origin": [8, 8, 8]},
			"faces": {
				"north": {"uv": [4.5, 2, 6.5, 3.5], "texture": "#0"},
				"east": {"uv": [4.5, 3.5, 6.5, 5], "texture": "#0"},
				"south": {"uv": [0, 5, 2, 6.5], "texture": "#0"},
				"west": {"uv": [4.5, 5, 6.5, 6.5], "texture": "#0"},
				"up": {"uv": [4.5, 2, 2.5, 0], "texture": "#0"},
				"down": {"uv": [4.5, 2, 2.5, 4], "texture": "#0"}
			}
		},
		{
			"from": [6.5, 4.91667, 6.5],
			"to": [9.5, 5.91667, 9.5],
			"rotation": {"angle": 0, "axis": "y", "origin": [8, 8, 8]},
			"faces": {
				"north": {"uv": [6.5, 3, 8, 3.5], "texture": "#0"},
				"east": {"uv": [6.5, 3.5, 8, 4], "texture": "#0"},
				"south": {"uv": [6.5, 4, 8, 4.5], "texture": "#0"},
				"west": {"uv": [4.5, 6.5, 6, 7], "texture": "#0"},
				"up": {"uv": [3.5, 7.5, 2, 6], "texture": "#0"},
				"down": {"uv": [1.5, 6.5, 0, 8], "texture": "#0"}
			}
		},
		{
			"from": [7, 4.41667, 7],
			"to": [9, 4.91667, 9],
			"rotation": {"angle": 0, "axis": "y", "origin": [8, 8, 8]},
			"faces": {
				"north": {"uv": [6.5, 6, 7.5, 6.25], "texture": "#0"},
				"east": {"uv": [3.5, 7, 4.5, 7.25], "texture": "#0"},
				"south": {"uv": [4.5, 7, 5.5, 7.25], "texture": "#0"},
				"west": {"uv": [5.5, 7, 6.5, 7.25], "texture": "#0"},
				"up": {"uv": [4.5, 7, 3.5, 6], "texture": "#0"},
				"down": {"uv": [7.5, 2, 6.5, 3], "texture": "#0"}
			}
		}
	],
	"display": {
		"thirdperson_righthand": {
			"rotation": [34, 0, 0],
			"translation": [0, 1, 0.5],
			"scale": [0.9, 0.9, 0.9]
		},
		"thirdperson_lefthand": {
			"rotation": [34, 0, 0],
			"translation": [0, 1, 0.5],
			"scale": [0.9, 0.9, 0.9]
		},
		"firstperson_righthand": {
			"translation": [0, 2.75, 1.75],
			"scale": [0.9, 0.9, 0.9]
		},
		"firstperson_lefthand": {
			"translation": [0, 2.75, 1.75],
			"scale": [0.9, 0.9, 0.9]
		},
		"ground": {
			"scale": [0.9, 0.9, 0.9]
		},
		"gui": {
			"rotation": [11, 45, 0],
			"translation": [0.5, 0, 0],
			"scale": [1.4, 1.4, 1.4]
		},
		"head": {
			"rotation": [84, 0, 0],
			"translation": [0, -41.75, 0.75],
			"scale": [1.3, 1.3, 1.3]
		},
		"fixed": {
			"rotation": [-5, 45, 0],
			"translation": [0.5, 0, -2.25],
			"scale": [1.4, 1.4, 1.4]
		}
	}
}