{
	"credit": "Made with Blockbench",
	"textures": {
		"voxels_atlas": "forest_pack:leaf_blade_tex"
	},
	"elements": [
		{
			"name": "Voxels",
			"from": [3.7333, 8, 16.5333],
			"to": [5.86663, 8.53333, 17.06663],
			"rotation": {"angle": 0, "axis": "y", "origin": [7.41176, 8.05247, 11.69706]},
			"faces": {
				"north": {"uv": [16, 12.5, 14, 13], "texture": "#voxels_atlas"},
				"east": {"uv": [6, 1.5, 5.5, 2], "texture": "#voxels_atlas"},
				"south": {"uv": [14, 12, 16, 12.5], "texture": "#voxels_atlas"},
				"west": {"uv": [6.5, 6, 7, 6.5], "texture": "#voxels_atlas"},
				"up": {"uv": [14, 13.5, 16, 13], "texture": "#voxels_atlas"},
				"down": {"uv": [3.5, 5, 5.5, 5.5], "texture": "#voxels_atlas"}
			}
		},
		{
			"name": "Voxels",
			"from": [4.2667, 8, 16],
			"to": [5.33337, 8.53333, 16.53333],
			"rotation": {"angle": 0, "axis": "y", "origin": [7.41176, 8.05247, 11.69706]},
			"faces": {
				"north": {"uv": [6, 4.5, 5, 5], "texture": "#voxels_atlas"},
				"east": {"uv": [4.5, 0, 4, 0.5], "texture": "#voxels_atlas"},
				"south": {"uv": [5, 4, 6, 4.5], "texture": "#voxels_atlas"},
				"west": {"uv": [3.5, 0, 4, 0.5], "texture": "#voxels_atlas"},
				"up": {"uv": [15, 14, 16, 13.5], "texture": "#voxels_atlas"},
				"down": {"uv": [1, 1, 2, 1.5], "texture": "#voxels_atlas"}
			}
		},
		{
			"name": "Voxels",
			"from": [4.2667, 8, 17.0667],
			"to": [4.80003, 8.53333, 17.60003],
			"rotation": {"angle": 0, "axis": "y", "origin": [7.41176, 8.05247, 11.69706]},
			"faces": {
				"north": {"uv": [16, 9, 15.5, 9.5], "texture": "#voxels_atlas"},
				"east": {"uv": [7, 6.5, 6.5, 7], "texture": "#voxels_atlas"},
				"south": {"uv": [15.5, 8.5, 16, 9], "texture": "#voxels_atlas"},
				"west": {"uv": [6.5, 7, 7, 7.5], "texture": "#voxels_atlas"},
				"up": {"uv": [6, 0.5, 6.5, 0], "texture": "#voxels_atlas"},
				"down": {"uv": [4.5, 0, 5, 0.5], "texture": "#voxels_atlas"}
			}
		},
		{
			"name": "Voxels",
			"from": [4.8, 8.25, 6.4292],
			"to": [5.86667, 8.78333, 6.96253],
			"rotation": {"angle": 0, "axis": "y", "origin": [7.41176, 8.05247, 11.69706]},
			"faces": {
				"north": {"uv": [6, 2, 5, 2.5], "texture": "#voxels_atlas"},
				"east": {"uv": [7, 5.5, 6.5, 6], "texture": "#voxels_atlas"},
				"south": {"uv": [3.5, 1.5, 4.5, 2], "texture": "#voxels_atlas"},
				"west": {"uv": [7, 8, 7.5, 8.5], "texture": "#voxels_atlas"},
				"up": {"uv": [5, 3, 6, 2.5], "texture": "#voxels_atlas"},
				"down": {"uv": [4, 2, 5, 2.5], "texture": "#voxels_atlas"}
			}
		},
		{
			"name": "Voxels",
			"from": [5.3333, 7.4667, 13.8667],
			"to": [10.66663, 8.53337, 14.40003],
			"rotation": {"angle": 0, "axis": "y", "origin": [7.41176, 8.05247, 11.69706]},
			"faces": {
				"north": {"uv": [7, 15, 2, 16], "texture": "#voxels_atlas"},
				"east": {"uv": [5, 0.5, 4.5, 1.5], "texture": "#voxels_atlas"},
				"south": {"uv": [7, 15, 12, 16], "texture": "#voxels_atlas"},
				"west": {"uv": [4, 0.5, 4.5, 1.5], "texture": "#voxels_atlas"},
				"up": {"uv": [6, 12.5, 11, 12], "texture": "#voxels_atlas"},
				"down": {"uv": [3.5, 11.5, 8.5, 12], "texture": "#voxels_atlas"}
			}
		},
		{
			"name": "Voxels",
			"from": [5.3333, 7.4667, 15.4667],
			"to": [6.9333, 8.00003, 16.00003],
			"rotation": {"angle": 0, "axis": "y", "origin": [7.41176, 8.05247, 11.69706]},
			"faces": {
				"north": {"uv": [5, 3.5, 3.5, 4], "texture": "#voxels_atlas"},
				"east": {"uv": [7, 4.5, 6.5, 5], "texture": "#voxels_atlas"},
				"south": {"uv": [14.5, 10.5, 16, 11], "texture": "#voxels_atlas"},
				"west": {"uv": [6.5, 5, 7, 5.5], "texture": "#voxels_atlas"},
				"up": {"uv": [3.5, 4.5, 5, 4], "texture": "#voxels_atlas"},
				"down": {"uv": [3.5, 4.5, 5, 5], "texture": "#voxels_atlas"}
			}
		},
		{
			"name": "Voxels",
			"from": [5.3333, 7.4667, 16],
			"to": [6.39997, 8.00003, 16.53333],
			"rotation": {"angle": 0, "axis": "y", "origin": [7.41176, 8.05247, 11.69706]},
			"faces": {
				"north": {"uv": [8, 9.5, 7, 10], "texture": "#voxels_atlas"},
				"east": {"uv": [7, 2.5, 6.5, 3], "texture": "#voxels_atlas"},
				"south": {"uv": [8, 9.5, 9, 10], "texture": "#voxels_atlas"},
				"west": {"uv": [6.5, 4, 7, 4.5], "texture": "#voxels_atlas"},
				"up": {"uv": [6, 10, 7, 9.5], "texture": "#voxels_atlas"},
				"down": {"uv": [5, 0, 6, 0.5], "texture": "#voxels_atlas"}
			}
		},
		{
			"name": "Voxels",
			"from": [5.8667, 7.7167, 6.9625],
			"to": [9.0667, 8.25003, 7.49583],
			"rotation": {"angle": 0, "axis": "y", "origin": [7.41176, 8.05247, 11.69706]},
			"faces": {
				"north": {"uv": [6.5, 10, 3.5, 10.5], "texture": "#voxels_atlas"},
				"east": {"uv": [7, 1.5, 6.5, 2], "texture": "#voxels_atlas"},
				"south": {"uv": [6.5, 10, 9.5, 10.5], "texture": "#voxels_atlas"},
				"west": {"uv": [6.5, 2, 7, 2.5], "texture": "#voxels_atlas"},
				"up": {"uv": [11.5, 11, 14.5, 10.5], "texture": "#voxels_atlas"},
				"down": {"uv": [12.5, 11.5, 15.5, 12], "texture": "#voxels_atlas"}
			}
		},
		{
			"name": "Voxels",
			"from": [5.8667, 7.7167, 12.2958],
			"to": [6.40003, 8.25003, 13.36247],
			"rotation": {"angle": 0, "axis": "y", "origin": [7.41176, 8.05247, 11.69706]},
			"faces": {
				"north": {"uv": [7.5, 7.5, 7, 8], "texture": "#voxels_atlas"},
				"east": {"uv": [6, 3, 5, 3.5], "texture": "#voxels_atlas"},
				"south": {"uv": [7, 7, 7.5, 7.5], "texture": "#voxels_atlas"},
				"west": {"uv": [5, 3.5, 6, 4], "texture": "#voxels_atlas"},
				"up": {"uv": [0, 1, 0.5, 0], "texture": "#voxels_atlas"},
				"down": {"uv": [6, 7.5, 6.5, 8.5], "texture": "#voxels_atlas"}
			}
		},
		{
			"name": "Voxels",
			"from": [5.8667, 7.4667, 14.4],
			"to": [10.13337, 8.53337, 14.93333],
			"rotation": {"angle": 0, "axis": "y", "origin": [7.41176, 8.05247, 11.69706]},
			"faces": {
				"north": {"uv": [16, 15, 12, 16], "texture": "#voxels_atlas"},
				"east": {"uv": [4, 2, 3.5, 3], "texture": "#voxels_atlas"},
				"south": {"uv": [2, 14, 6, 15], "texture": "#voxels_atlas"},
				"west": {"uv": [2, 0, 2.5, 1], "texture": "#voxels_atlas"},
				"up": {"uv": [7.5, 11.5, 11.5, 11], "texture": "#voxels_atlas"},
				"down": {"uv": [3.5, 11, 7.5, 11.5], "texture": "#voxels_atlas"}
			}
		},
		{
			"name": "Voxels",
			"from": [5.8667, 7.4667, 14.9333],
			"to": [8.53337, 8.00003, 15.46663],
			"rotation": {"angle": 0, "axis": "y", "origin": [7.41176, 8.05247, 11.69706]},
			"faces": {
				"north": {"uv": [12, 10, 9.5, 10.5], "texture": "#voxels_atlas"},
				"east": {"uv": [10.5, 8, 10, 8.5], "texture": "#voxels_atlas"},
				"south": {"uv": [12, 10, 14.5, 10.5], "texture": "#voxels_atlas"},
				"west": {"uv": [7, 6.5, 7.5, 7], "texture": "#voxels_atlas"},
				"up": {"uv": [3.5, 10, 6, 9.5], "texture": "#voxels_atlas"},
				"down": {"uv": [3.5, 9, 6, 9.5], "texture": "#voxels_atlas"}
			}
		},
		{
			"name": "Voxels",
			"from": [6.4, 7.1833, 13.3],
			"to": [6.93333, 7.71663, 13.83333],
			"rotation": {"angle": 0, "axis": "y", "origin": [7.41176, 8.05247, 11.69706]},
			"faces": {
				"north": {"uv": [12.5, 8, 12, 8.5], "texture": "#voxels_atlas"},
				"east": {"uv": [11, 8, 10.5, 8.5], "texture": "#voxels_atlas"},
				"south": {"uv": [12.5, 8, 13, 8.5], "texture": "#voxels_atlas"},
				"west": {"uv": [7.5, 5.5, 8, 6], "texture": "#voxels_atlas"},
				"up": {"uv": [11.5, 8.5, 12, 8], "texture": "#voxels_atlas"},
				"down": {"uv": [11, 8, 11.5, 8.5], "texture": "#voxels_atlas"}
			}
		},
		{
			"name": "Voxels",
			"from": [6.4, 7.7167, 11.7625],
			"to": [9.06667, 8.25003, 12.29583],
			"rotation": {"angle": 0, "axis": "y", "origin": [7.41176, 8.05247, 11.69706]},
			"faces": {
				"north": {"uv": [6, 7.5, 3.5, 8], "texture": "#voxels_atlas"},
				"east": {"uv": [6, 7, 5.5, 7.5], "texture": "#voxels_atlas"},
				"south": {"uv": [11.5, 12, 14, 12.5], "texture": "#voxels_atlas"},
				"west": {"uv": [8.5, 8, 9, 8.5], "texture": "#voxels_atlas"},
				"up": {"uv": [3.5, 8.5, 6, 8], "texture": "#voxels_atlas"},
				"down": {"uv": [3.5, 8.5, 6, 9], "texture": "#voxels_atlas"}
			}
		},
		{
			"name": "Voxels",
			"from": [6.4, 8.25, 11.2292],
			"to": [6.93333, 8.78333, 11.76253],
			"rotation": {"angle": 0, "axis": "y", "origin": [7.41176, 8.05247, 11.69706]},
			"faces": {
				"north": {"uv": [7.5, 3, 7, 3.5], "texture": "#voxels_atlas"},
				"east": {"uv": [7, 1, 6.5, 1.5], "texture": "#voxels_atlas"},
				"south": {"uv": [7, 4.5, 7.5, 5], "texture": "#voxels_atlas"},
				"west": {"uv": [7, 5, 7.5, 5.5], "texture": "#voxels_atlas"},
				"up": {"uv": [7, 3, 7.5, 2.5], "texture": "#voxels_atlas"},
				"down": {"uv": [8, 8, 8.5, 8.5], "texture": "#voxels_atlas"}
			}
		},
		{
			"name": "Voxels",
			"from": [6.9333, 7.1833, 6.9625],
			"to": [7.99997, 7.71663, 7.49583],
			"rotation": {"angle": 0, "axis": "y", "origin": [7.41176, 8.05247, 11.69706]},
			"faces": {
				"north": {"uv": [14, 9.5, 13, 10], "texture": "#voxels_atlas"},
				"east": {"uv": [6, 5.5, 5.5, 6], "texture": "#voxels_atlas"},
				"south": {"uv": [12, 9.5, 13, 10], "texture": "#voxels_atlas"},
				"west": {"uv": [5.5, 5, 6, 5.5], "texture": "#voxels_atlas"},
				"up": {"uv": [15, 10, 16, 9.5], "texture": "#voxels_atlas"},
				"down": {"uv": [6.5, 9, 7.5, 9.5], "texture": "#voxels_atlas"}
			}
		},
		{
			"name": "Voxels",
			"from": [6.9333, 7.7167, -0.5042],
			"to": [7.46663, 8.25003, 6.96247],
			"rotation": {"angle": 0, "axis": "y", "origin": [7.41176, 8.05247, 11.69706]},
			"faces": {
				"north": {"uv": [16, 11, 15.5, 11.5], "texture": "#voxels_atlas"},
				"east": {"uv": [13, 14, 6, 14.5], "texture": "#voxels_atlas"},
				"south": {"uv": [7.5, 5, 8, 5.5], "texture": "#voxels_atlas"},
				"west": {"uv": [6, 14.5, 13, 15], "texture": "#voxels_atlas"},
				"up": {"uv": [0.5, 8, 1, 1], "texture": "#voxels_atlas"},
				"down": {"uv": [0, 1, 0.5, 8], "texture": "#voxels_atlas"}
			}
		},
		{
			"name": "Voxels",
			"from": [6.9333, 7.7167, 7.4958],
			"to": [9.06663, 8.25003, 11.76247],
			"rotation": {"angle": 0, "axis": "y", "origin": [7.41176, 8.05247, 11.69706]},
			"faces": {
				"north": {"uv": [5.5, 6, 3.5, 6.5], "texture": "#voxels_atlas"},
				"east": {"uv": [11.5, 10.5, 7.5, 11], "texture": "#voxels_atlas"},
				"south": {"uv": [3.5, 5.5, 5.5, 6], "texture": "#voxels_atlas"},
				"west": {"uv": [11.5, 11, 15.5, 11.5], "texture": "#voxels_atlas"},
				"up": {"uv": [0, 12, 2, 8], "texture": "#voxels_atlas"},
				"down": {"uv": [0, 12, 2, 16], "texture": "#voxels_atlas"}
			}
		},
		{
			"name": "Voxels",
			"from": [6.9333, 7.7167, 12.2958],
			"to": [9.06663, 8.25003, 13.8958],
			"rotation": {"angle": 0, "axis": "y", "origin": [7.41176, 8.05247, 11.69706]},
			"faces": {
				"north": {"uv": [5.5, 7, 3.5, 7.5], "texture": "#voxels_atlas"},
				"east": {"uv": [5, 3, 3.5, 3.5], "texture": "#voxels_atlas"},
				"south": {"uv": [3.5, 6.5, 5.5, 7], "texture": "#voxels_atlas"},
				"west": {"uv": [14.5, 10, 16, 10.5], "texture": "#voxels_atlas"},
				"up": {"uv": [4, 13.5, 6, 12], "texture": "#voxels_atlas"},
				"down": {"uv": [2, 12, 4, 13.5], "texture": "#voxels_atlas"}
			}
		},
		{
			"name": "Voxels",
			"from": [6.9333, 7.4667, 18.6667],
			"to": [7.99997, 8.53337, 19.20003],
			"rotation": {"angle": 0, "axis": "y", "origin": [7.41176, 8.05247, 11.69706]},
			"faces": {
				"north": {"uv": [1.5, 0, 0.5, 1], "texture": "#voxels_atlas"},
				"east": {"uv": [16, 14, 15.5, 15], "texture": "#voxels_atlas"},
				"south": {"uv": [2.5, 2, 3.5, 3], "texture": "#voxels_atlas"},
				"west": {"uv": [1.5, 0, 2, 1], "texture": "#voxels_atlas"},
				"up": {"uv": [10, 10, 11, 9.5], "texture": "#voxels_atlas"},
				"down": {"uv": [14, 9.5, 15, 10], "texture": "#voxels_atlas"}
			}
		},
		{
			"name": "Voxels",
			"from": [6.9333, 7.4667, 19.2],
			"to": [7.46663, 8.53337, 19.73333],
			"rotation": {"angle": 0, "axis": "y", "origin": [7.41176, 8.05247, 11.69706]},
			"faces": {
				"north": {"uv": [4, 0.5, 3.5, 1.5], "texture": "#voxels_atlas"},
				"east": {"uv": [6.5, 8.5, 6, 9.5], "texture": "#voxels_atlas"},
				"south": {"uv": [5, 0.5, 5.5, 1.5], "texture": "#voxels_atlas"},
				"west": {"uv": [5.5, 0.5, 6, 1.5], "texture": "#voxels_atlas"},
				"up": {"uv": [7.5, 4.5, 8, 4], "texture": "#voxels_atlas"},
				"down": {"uv": [7.5, 4.5, 8, 5], "texture": "#voxels_atlas"}
			}
		},
		{
			"name": "Voxels",
			"from": [6.9333, 8.25, 10.6958],
			"to": [7.99997, 8.78333, 11.22913],
			"rotation": {"angle": 0, "axis": "y", "origin": [7.41176, 8.05247, 11.69706]},
			"faces": {
				"north": {"uv": [5, 2.5, 4, 3], "texture": "#voxels_atlas"},
				"east": {"uv": [16, 11.5, 15.5, 12], "texture": "#voxels_atlas"},
				"south": {"uv": [4.5, 1.5, 5.5, 2], "texture": "#voxels_atlas"},
				"west": {"uv": [11, 12, 11.5, 12.5], "texture": "#voxels_atlas"},
				"up": {"uv": [11, 10, 12, 9.5], "texture": "#voxels_atlas"},
				"down": {"uv": [9, 9.5, 10, 10], "texture": "#voxels_atlas"}
			}
		},
		{
			"name": "Voxels",
			"from": [7.4667, 7.7167, 0.0292],
			"to": [8.00003, 8.25003, 6.96253],
			"rotation": {"angle": 0, "axis": "y", "origin": [7.41176, 8.05247, 11.69706]},
			"faces": {
				"north": {"uv": [6, 6.5, 5.5, 7], "texture": "#voxels_atlas"},
				"east": {"uv": [8.5, 13.5, 2, 14], "texture": "#voxels_atlas"},
				"south": {"uv": [5.5, 6, 6, 6.5], "texture": "#voxels_atlas"},
				"west": {"uv": [8.5, 13.5, 15, 14], "texture": "#voxels_atlas"},
				"up": {"uv": [1.5, 8, 2, 1.5], "texture": "#voxels_atlas"},
				"down": {"uv": [1, 1.5, 1.5, 8], "texture": "#voxels_atlas"}
			}
		},
		{
			"name": "Voxels",
			"from": [7.4667, 7.4667, 15.4667],
			"to": [8.53337, 8.53337, 18.13337],
			"rotation": {"angle": 0, "axis": "y", "origin": [7.41176, 8.05247, 11.69706]},
			"faces": {
				"north": {"uv": [3.5, 1, 2.5, 2], "texture": "#voxels_atlas"},
				"east": {"uv": [15.5, 14, 13, 15], "texture": "#voxels_atlas"},
				"south": {"uv": [2.5, 0, 3.5, 1], "texture": "#voxels_atlas"},
				"west": {"uv": [11.5, 12.5, 14, 13.5], "texture": "#voxels_atlas"},
				"up": {"uv": [2.5, 12, 3.5, 9.5], "texture": "#voxels_atlas"},
				"down": {"uv": [2.5, 7, 3.5, 9.5], "texture": "#voxels_atlas"}
			}
		},
		{
			"name": "Voxels",
			"from": [7.4667, 7.4667, 18.1333],
			"to": [8.00003, 8.53337, 18.66663],
			"rotation": {"angle": 0, "axis": "y", "origin": [7.41176, 8.05247, 11.69706]},
			"faces": {
				"north": {"uv": [6.5, 6.5, 6, 7.5], "texture": "#voxels_atlas"},
				"east": {"uv": [6.5, 3.5, 6, 4.5], "texture": "#voxels_atlas"},
				"south": {"uv": [6, 5.5, 6.5, 6.5], "texture": "#voxels_atlas"},
				"west": {"uv": [6, 4.5, 6.5, 5.5], "texture": "#voxels_atlas"},
				"up": {"uv": [15, 9, 15.5, 8.5], "texture": "#voxels_atlas"},
				"down": {"uv": [14.5, 8.5, 15, 9], "texture": "#voxels_atlas"}
			}
		},
		{
			"name": "Voxels",
			"from": [7.4667, 8.25, 10.1625],
			"to": [8.53337, 8.78333, 10.69583],
			"rotation": {"angle": 0, "axis": "y", "origin": [7.41176, 8.05247, 11.69706]},
			"faces": {
				"north": {"uv": [10.5, 9, 9.5, 9.5], "texture": "#voxels_atlas"},
				"east": {"uv": [7, 3, 6.5, 3.5], "texture": "#voxels_atlas"},
				"south": {"uv": [10.5, 9, 11.5, 9.5], "texture": "#voxels_atlas"},
				"west": {"uv": [6.5, 3.5, 7, 4], "texture": "#voxels_atlas"},
				"up": {"uv": [8.5, 9.5, 9.5, 9], "texture": "#voxels_atlas"},
				"down": {"uv": [7.5, 9, 8.5, 9.5], "texture": "#voxels_atlas"}
			}
		},
		{
			"name": "Voxels",
			"from": [7.4667, 8, 14.9333],
			"to": [8.53337, 8.53333, 15.46663],
			"rotation": {"angle": 0, "axis": "y", "origin": [7.41176, 8.05247, 11.69706]},
			"faces": {
				"north": {"uv": [14.5, 9, 13.5, 9.5], "texture": "#voxels_atlas"},
				"east": {"uv": [7, 0, 6.5, 0.5], "texture": "#voxels_atlas"},
				"south": {"uv": [9.5, 8.5, 10.5, 9], "texture": "#voxels_atlas"},
				"west": {"uv": [6.5, 0.5, 7, 1], "texture": "#voxels_atlas"},
				"up": {"uv": [12.5, 9.5, 13.5, 9], "texture": "#voxels_atlas"},
				"down": {"uv": [11.5, 9, 12.5, 9.5], "texture": "#voxels_atlas"}
			}
		},
		{
			"name": "Voxels",
			"from": [8, 7.1833, 7.4958],
			"to": [9.06667, 7.71663, 8.02913],
			"rotation": {"angle": 0, "axis": "y", "origin": [7.41176, 8.05247, 11.69706]},
			"faces": {
				"north": {"uv": [8.5, 8.5, 7.5, 9], "texture": "#voxels_atlas"},
				"east": {"uv": [7.5, 5.5, 7, 6], "texture": "#voxels_atlas"},
				"south": {"uv": [8.5, 8.5, 9.5, 9], "texture": "#voxels_atlas"},
				"west": {"uv": [7, 6, 7.5, 6.5], "texture": "#voxels_atlas"},
				"up": {"uv": [6.5, 9, 7.5, 8.5], "texture": "#voxels_atlas"},
				"down": {"uv": [14.5, 9, 15.5, 9.5], "texture": "#voxels_atlas"}
			}
		},
		{
			"name": "Voxels",
			"from": [8, 7.7167, 1.0958],
			"to": [8.53333, 8.25003, 6.96247],
			"rotation": {"angle": 0, "axis": "y", "origin": [7.41176, 8.05247, 11.69706]},
			"faces": {
				"north": {"uv": [7.5, 4, 7, 4.5], "texture": "#voxels_atlas"},
				"east": {"uv": [11.5, 13, 6, 13.5], "texture": "#voxels_atlas"},
				"south": {"uv": [7, 3.5, 7.5, 4], "texture": "#voxels_atlas"},
				"west": {"uv": [6, 12.5, 11.5, 13], "texture": "#voxels_atlas"},
				"up": {"uv": [2, 12, 2.5, 6.5], "texture": "#voxels_atlas"},
				"down": {"uv": [2, 1, 2.5, 6.5], "texture": "#voxels_atlas"}
			}
		},
		{
			"name": "Voxels",
			"from": [8, 8.25, 9.6292],
			"to": [8.53333, 8.78333, 10.16253],
			"rotation": {"angle": 0, "axis": "y", "origin": [7.41176, 8.05247, 11.69706]},
			"faces": {
				"north": {"uv": [7.5, 1, 7, 1.5], "texture": "#voxels_atlas"},
				"east": {"uv": [8, 8, 7.5, 8.5], "texture": "#voxels_atlas"},
				"south": {"uv": [7, 0.5, 7.5, 1], "texture": "#voxels_atlas"},
				"west": {"uv": [7, 0, 7.5, 0.5], "texture": "#voxels_atlas"},
				"up": {"uv": [7, 2, 7.5, 1.5], "texture": "#voxels_atlas"},
				"down": {"uv": [7, 2, 7.5, 2.5], "texture": "#voxels_atlas"}
			}
		},
		{
			"name": "Voxels",
			"from": [8.5333, 7.7167, 2.6958],
			"to": [9.06663, 8.25003, 6.96247],
			"rotation": {"angle": 0, "axis": "y", "origin": [7.41176, 8.05247, 11.69706]},
			"faces": {
				"north": {"uv": [9.5, 8, 9, 8.5], "texture": "#voxels_atlas"},
				"east": {"uv": [12.5, 11.5, 8.5, 12], "texture": "#voxels_atlas"},
				"south": {"uv": [9.5, 8, 10, 8.5], "texture": "#voxels_atlas"},
				"west": {"uv": [3.5, 10.5, 7.5, 11], "texture": "#voxels_atlas"},
				"up": {"uv": [3, 7, 3.5, 3], "texture": "#voxels_atlas"},
				"down": {"uv": [2.5, 3, 3, 7], "texture": "#voxels_atlas"}
			}
		},
		{
			"name": "Voxels",
			"from": [8.5333, 8.25, 8.5625],
			"to": [9.59997, 8.78333, 9.09583],
			"rotation": {"angle": 0, "axis": "y", "origin": [7.41176, 8.05247, 11.69706]},
			"faces": {
				"north": {"uv": [13.5, 8.5, 12.5, 9], "texture": "#voxels_atlas"},
				"east": {"uv": [14, 8, 13.5, 8.5], "texture": "#voxels_atlas"},
				"south": {"uv": [13.5, 8.5, 14.5, 9], "texture": "#voxels_atlas"},
				"west": {"uv": [13, 8, 13.5, 8.5], "texture": "#voxels_atlas"},
				"up": {"uv": [11.5, 9, 12.5, 8.5], "texture": "#voxels_atlas"},
				"down": {"uv": [10.5, 8.5, 11.5, 9], "texture": "#voxels_atlas"}
			}
		},
		{
			"name": "Voxels",
			"from": [8.5333, 8.25, 9.0958],
			"to": [9.06663, 8.78333, 9.62913],
			"rotation": {"angle": 0, "axis": "y", "origin": [7.41176, 8.05247, 11.69706]},
			"faces": {
				"north": {"uv": [15.5, 8, 15, 8.5], "texture": "#voxels_atlas"},
				"east": {"uv": [8, 7, 7.5, 7.5], "texture": "#voxels_atlas"},
				"south": {"uv": [15.5, 8, 16, 8.5], "texture": "#voxels_atlas"},
				"west": {"uv": [7.5, 7.5, 8, 8], "texture": "#voxels_atlas"},
				"up": {"uv": [14.5, 8.5, 15, 8], "texture": "#voxels_atlas"},
				"down": {"uv": [14, 8, 14.5, 8.5], "texture": "#voxels_atlas"}
			}
		},
		{
			"name": "Voxels",
			"from": [9.0667, 7.1833, 8.0292],
			"to": [9.60003, 8.24997, 8.56253],
			"rotation": {"angle": 0, "axis": "y", "origin": [7.41176, 8.05247, 11.69706]},
			"faces": {
				"north": {"uv": [6.5, 2.5, 6, 3.5], "texture": "#voxels_atlas"},
				"east": {"uv": [7, 7.5, 6.5, 8.5], "texture": "#voxels_atlas"},
				"south": {"uv": [6, 1.5, 6.5, 2.5], "texture": "#voxels_atlas"},
				"west": {"uv": [6, 0.5, 6.5, 1.5], "texture": "#voxels_atlas"},
				"up": {"uv": [7.5, 6.5, 8, 6], "texture": "#voxels_atlas"},
				"down": {"uv": [7.5, 6.5, 8, 7], "texture": "#voxels_atlas"}
			}
		},
		{
			"name": "Voxels",
			"from": [9.0667, 7.7167, 8.5625],
			"to": [9.60003, 8.25003, 9.09583],
			"rotation": {"angle": 0, "axis": "y", "origin": [7.41176, 8.05247, 11.69706]},
			"faces": {
				"north": {"uv": [8, 2.5, 7.5, 3], "texture": "#voxels_atlas"},
				"east": {"uv": [8, 1, 7.5, 1.5], "texture": "#voxels_atlas"},
				"south": {"uv": [7.5, 2, 8, 2.5], "texture": "#voxels_atlas"},
				"west": {"uv": [7.5, 1.5, 8, 2], "texture": "#voxels_atlas"},
				"up": {"uv": [7.5, 3.5, 8, 3], "texture": "#voxels_atlas"},
				"down": {"uv": [7.5, 3.5, 8, 4], "texture": "#voxels_atlas"}
			}
		}
	],
	"gui_light": "front",
	"display": {
		"thirdperson_righthand": {
			"rotation": [90, 0, -90],
			"translation": [0, 12, 1.5],
			"scale": [1.6, 1.6, 1.6]
		},
		"thirdperson_lefthand": {
			"rotation": [90, 0, 90],
			"translation": [0, 12, 1.5],
			"scale": [1.6, 1.6, 1.6]
		},
		"firstperson_righthand": {
			"rotation": [90, 0, -90],
			"translation": [2, 9.5, -1],
			"scale": [1.6, 1.6, 1.6]
		},
		"firstperson_lefthand": {
			"rotation": [90, 0, -90],
			"translation": [2, 9.5, -1],
			"scale": [1.6, 1.6, 1.6]
		},
		"ground": {
			"scale": [1.6, 1.6, 1.6]
		},
		"gui": {
			"rotation": [90, -45, 0],
			"translation": [1.75, 0.75, -1.25]
		},
		"fixed": {
			"rotation": [90, 45, -180],
			"translation": [-1.75, 0.75, -1.25],
			"scale": [1.2, 1.2, 1.2]
		}
	}
}