{
	"credit": "Made with Blockbench",
	"texture_size": [64, 64],
	"textures": {
		"0": "forest_pack:mushroom",
		"particle": "forest_pack:mushroom"
	},
	"elements": [
		{
			"from": [6.5, 0, 6.5],
			"to": [9.5, 9, 9.5],
			"rotation": {"angle": 0, "axis": "y", "origin": [8, 8, 8]},
			"faces": {
				"north": {"uv": [2.25, 0, 3, 2.25], "texture": "#0"},
				"east": {"uv": [2.25, 2.25, 3, 4.5], "texture": "#0"},
				"south": {"uv": [3, 0, 3.75, 2.25], "texture": "#0"},
				"west": {"uv": [3, 2.25, 3.75, 4.5], "texture": "#0"},
				"up": {"uv": [6.5, 5.75, 5.75, 5], "texture": "#0"},
				"down": {"uv": [6.5, 5.75, 5.75, 6.5], "texture": "#0"}
			}
		},
		{
			"from": [3.5, 9, 3.5],
			"to": [12.5, 11, 12.5],
			"rotation": {"angle": 0, "axis": "y", "origin": [8, 8, 8]},
			"faces": {
				"north": {"uv": [1.25, 5.25, 3.5, 5.75], "texture": "#0"},
				"east": {"uv": [1.25, 5.75, 3.5, 6.25], "texture": "#0"},
				"south": {"uv": [3.5, 5.75, 5.75, 6.25], "texture": "#0"},
				"west": {"uv": [5.75, 4.5, 8, 5], "texture": "#0"},
				"up": {"uv": [2.25, 2.25, 0, 0], "texture": "#0"},
				"down": {"uv": [2.25, 2.25, 0, 4.5], "texture": "#0"}
			}
		},
		{
			"from": [5.5, 11, 5.5],
			"to": [10.5, 12, 10.5],
			"rotation": {"angle": 0, "axis": "y", "origin": [8, 8, 8]},
			"faces": {
				"north": {"uv": [6, 3.25, 7.25, 3.5], "texture": "#0"},
				"east": {"uv": [6, 3.5, 7.25, 3.75], "texture": "#0"},
				"south": {"uv": [6, 3.75, 7.25, 4], "texture": "#0"},
				"west": {"uv": [6, 4, 7.25, 4.25], "texture": "#0"},
				"up": {"uv": [5.75, 5.75, 4.5, 4.5], "texture": "#0"},
				"down": {"uv": [1.25, 5.25, 0, 6.5], "texture": "#0"}
			}
		},
		{
			"from": [3.5, 6, 2.5],
			"to": [12.5, 9, 3.5],
			"rotation": {"angle": 0, "axis": "y", "origin": [8, 8, 8]},
			"faces": {
				"north": {"uv": [3.75, 0, 6, 0.75], "texture": "#0"},
				"east": {"uv": [1.75, 6.25, 2, 7], "texture": "#0"},
				"south": {"uv": [3.75, 0.75, 6, 1.5], "texture": "#0"},
				"west": {"uv": [2, 6.25, 2.25, 7], "texture": "#0"},
				"up": {"uv": [8.25, 0.25, 6, 0], "texture": "#0"},
				"down": {"uv": [8.25, 0.25, 6, 0.5], "texture": "#0"}
			}
		},
		{
			"from": [2.5, 6, 3.5],
			"to": [3.5, 9, 12.5],
			"rotation": {"angle": 0, "axis": "y", "origin": [8, 8, 8]},
			"faces": {
				"north": {"uv": [2.25, 6.25, 2.5, 7], "texture": "#0"},
				"east": {"uv": [3.75, 1.5, 6, 2.25], "texture": "#0"},
				"south": {"uv": [2.5, 6.25, 2.75, 7], "texture": "#0"},
				"west": {"uv": [3.75, 2.25, 6, 3], "texture": "#0"},
				"up": {"uv": [6.25, 2.75, 6, 0.5], "texture": "#0"},
				"down": {"uv": [6.5, 0.5, 6.25, 2.75], "texture": "#0"}
			}
		},
		{
			"from": [3.5, 6, 12.5],
			"to": [12.5, 9, 13.5],
			"rotation": {"angle": 0, "axis": "y", "origin": [8, 8, 8]},
			"faces": {
				"north": {"uv": [0, 4.5, 2.25, 5.25], "texture": "#0"},
				"east": {"uv": [3.25, 6.25, 3.5, 7], "texture": "#0"},
				"south": {"uv": [2.25, 4.5, 4.5, 5.25], "texture": "#0"},
				"west": {"uv": [3.5, 6.25, 3.75, 7], "texture": "#0"},
				"up": {"uv": [8.25, 3, 6, 2.75], "texture": "#0"},
				"down": {"uv": [8.25, 3, 6, 3.25], "texture": "#0"}
			}
		},
		{
			"from": [12.5, 6, 3.5],
			"to": [13.5, 9, 12.5],
			"rotation": {"angle": 0, "axis": "y", "origin": [8, 8, 8]},
			"faces": {
				"north": {"uv": [2.75, 6.25, 3, 7], "texture": "#0"},
				"east": {"uv": [3.75, 3, 6, 3.75], "texture": "#0"},
				"south": {"uv": [3, 6.25, 3.25, 7], "texture": "#0"},
				"west": {"uv": [3.75, 3.75, 6, 4.5], "texture": "#0"},
				"up": {"uv": [1.5, 8.5, 1.25, 6.25], "texture": "#0"},
				"down": {"uv": [1.75, 6.25, 1.5, 8.5], "texture": "#0"}
			}
		}
	],
	"gui_light": "front",
	"display": {
		"thirdperson_righthand": {
			"translation": [0, 2, 1.25],
			"scale": [0.6, 0.6, 0.61]
		},
		"thirdperson_lefthand": {
			"translation": [0, 2, 1.25],
			"scale": [0.6, 0.6, 0.61]
		},
		"firstperson_righthand": {
			"translation": [0, 2, 1.25],
			"scale": [0.6, 0.6, 0.61]
		},
		"firstperson_lefthand": {
			"translation": [0, 2, 1.25],
			"scale": [0.6, 0.6, 0.61]
		},
		"ground": {
			"scale": [0.6, 0.6, 0.61]
		},
		"gui": {
			"rotation": [14, 36, 0],
			"translation": [0.25, 1.25, 0],
			"scale": [0.7, 0.7, 0.7]
		},
		"head": {
			"translation": [0, -36.75, -0.25]
		},
		"fixed": {
			"translation": [0, 0, -0.75],
			"scale": [0.6, 0.6, 0.61]
		}
	}
}