{
	"credit": "Made with Blockbench",
	"textures": {
		"voxels_atlas": "forest_pack:staff_of_nature_tex"
	},
	"elements": [
		{
			"name": "Voxels",
			"from": [5.19828, 8.01533, 3.0965],
			"to": [6.26494, 8.54866, 3.62983],
			"rotation": {"angle": 0, "axis": "y", "origin": [8, 8, 8]},
			"faces": {
				"north": {"uv": [2, 7, 3, 7.5], "rotation": 180, "texture": "#voxels_atlas"},
				"east": {"uv": [4.5, 1, 4, 1.5], "rotation": 180, "texture": "#voxels_atlas"},
				"south": {"uv": [2, 0, 1, 0.5], "rotation": 180, "texture": "#voxels_atlas"},
				"west": {"uv": [4, 1.5, 4.5, 2], "rotation": 180, "texture": "#voxels_atlas"},
				"up": {"uv": [4.5, 4.5, 5.5, 5], "texture": "#voxels_atlas"},
				"down": {"uv": [0, 0.5, 1, 0], "texture": "#voxels_atlas"}
			}
		},
		{
			"name": "Voxels",
			"from": [5.19828, 8.01533, 2.0298],
			"to": [5.73161, 8.54866, 2.56313],
			"rotation": {"angle": 0, "axis": "y", "origin": [8, 8, 8]},
			"faces": {
				"north": {"uv": [13.5, 10, 14, 10.5], "rotation": 180, "texture": "#voxels_atlas"},
				"east": {"uv": [15, 10, 14.5, 10.5], "rotation": 180, "texture": "#voxels_atlas"},
				"south": {"uv": [13.5, 10, 13, 10.5], "rotation": 180, "texture": "#voxels_atlas"},
				"west": {"uv": [14, 10, 14.5, 10.5], "rotation": 180, "texture": "#voxels_atlas"},
				"up": {"uv": [15.5, 10.5, 16, 11], "texture": "#voxels_atlas"},
				"down": {"uv": [9.5, 10.5, 10, 10], "texture": "#voxels_atlas"}
			}
		},
		{
			"name": "Voxels",
			"from": [5.73158, 8.01533, 3.6298],
			"to": [8.93158, 8.54866, 4.16313],
			"rotation": {"angle": 0, "axis": "y", "origin": [8, 8, 8]},
			"faces": {
				"north": {"uv": [7, 14, 10, 14.5], "rotation": 180, "texture": "#voxels_atlas"},
				"east": {"uv": [7, 9.5, 6.5, 10], "rotation": 180, "texture": "#voxels_atlas"},
				"south": {"uv": [10, 14.5, 7, 15], "rotation": 180, "texture": "#voxels_atlas"},
				"west": {"uv": [6, 9.5, 6.5, 10], "rotation": 180, "texture": "#voxels_atlas"},
				"up": {"uv": [12, 15.5, 15, 16], "texture": "#voxels_atlas"},
				"down": {"uv": [12, 15.5, 15, 15], "texture": "#voxels_atlas"}
			}
		},
		{
			"name": "Voxels",
			"from": [5.73158, 8.01533, 2.5631],
			"to": [6.26491, 8.54866, 3.09643],
			"rotation": {"angle": 0, "axis": "y", "origin": [8, 8, 8]},
			"faces": {
				"north": {"uv": [6, 4.5, 6.5, 5], "rotation": 180, "texture": "#voxels_atlas"},
				"east": {"uv": [6.5, 2.5, 6, 3], "rotation": 180, "texture": "#voxels_atlas"},
				"south": {"uv": [6.5, 5, 6, 5.5], "rotation": 180, "texture": "#voxels_atlas"},
				"west": {"uv": [6, 3, 6.5, 3.5], "rotation": 180, "texture": "#voxels_atlas"},
				"up": {"uv": [7, 9.5, 7.5, 10], "texture": "#voxels_atlas"},
				"down": {"uv": [7.5, 10, 8, 9.5], "texture": "#voxels_atlas"}
			}
		},
		{
			"name": "Voxels",
			"from": [6.26488, 8.54873, 0.4298],
			"to": [6.79821, 9.08206, 0.96313],
			"rotation": {"angle": 0, "axis": "y", "origin": [8, 8, 8]},
			"faces": {
				"north": {"uv": [11.5, 9, 12, 9.5], "rotation": 180, "texture": "#voxels_atlas"},
				"east": {"uv": [14, 9, 13.5, 9.5], "rotation": 180, "texture": "#voxels_atlas"},
				"south": {"uv": [11.5, 9, 11, 9.5], "rotation": 180, "texture": "#voxels_atlas"},
				"west": {"uv": [13, 9, 13.5, 9.5], "rotation": 180, "texture": "#voxels_atlas"},
				"up": {"uv": [10, 9, 10.5, 9.5], "texture": "#voxels_atlas"},
				"down": {"uv": [10.5, 9.5, 11, 9], "texture": "#voxels_atlas"}
			}
		},
		{
			"name": "Voxels",
			"from": [6.26488, 8.01533, 4.16316],
			"to": [6.79821, 8.54866, 5.22983],
			"rotation": {"angle": 0, "axis": "y", "origin": [8, 8, 8]},
			"faces": {
				"north": {"uv": [14.5, 9, 15, 9.5], "rotation": 180, "texture": "#voxels_atlas"},
				"east": {"uv": [3, 1.5, 2, 2], "rotation": 180, "texture": "#voxels_atlas"},
				"south": {"uv": [14.5, 9, 14, 9.5], "rotation": 180, "texture": "#voxels_atlas"},
				"west": {"uv": [2, 2, 3, 2.5], "rotation": 180, "texture": "#voxels_atlas"},
				"up": {"uv": [2, 3.5, 2.5, 4.5], "texture": "#voxels_atlas"},
				"down": {"uv": [2.5, 4.5, 3, 3.5], "texture": "#voxels_atlas"}
			}
		},
		{
			"name": "Voxels",
			"from": [6.26488, 7.48203, 5.22979],
			"to": [8.39821, 8.01536, 5.76313],
			"rotation": {"angle": 0, "axis": "y", "origin": [8, 8, 8]},
			"faces": {
				"north": {"uv": [8, 13.5, 10, 14], "rotation": 180, "texture": "#voxels_atlas"},
				"east": {"uv": [7, 8, 6.5, 8.5], "rotation": 180, "texture": "#voxels_atlas"},
				"south": {"uv": [9, 13, 7, 13.5], "rotation": 180, "texture": "#voxels_atlas"},
				"west": {"uv": [6.5, 8.5, 7, 9], "rotation": 180, "texture": "#voxels_atlas"},
				"up": {"uv": [12, 13.5, 14, 14], "texture": "#voxels_atlas"},
				"down": {"uv": [5, 13.5, 7, 13], "texture": "#voxels_atlas"}
			}
		},
		{
			"name": "Voxels",
			"from": [6.79828, 8.01533, 4.16309],
			"to": [8.39828, 8.54866, 4.69643],
			"rotation": {"angle": 0, "axis": "y", "origin": [8, 8, 8]},
			"faces": {
				"north": {"uv": [10.5, 12, 12, 12.5], "rotation": 180, "texture": "#voxels_atlas"},
				"east": {"uv": [4.5, 3, 4, 3.5], "rotation": 180, "texture": "#voxels_atlas"},
				"south": {"uv": [12, 12.5, 10.5, 13], "rotation": 180, "texture": "#voxels_atlas"},
				"west": {"uv": [6.5, 7.5, 7, 8], "rotation": 180, "texture": "#voxels_atlas"},
				"up": {"uv": [7.5, 12, 9, 12.5], "texture": "#voxels_atlas"},
				"down": {"uv": [9, 12.5, 10.5, 12], "texture": "#voxels_atlas"}
			}
		},
		{
			"name": "Voxels",
			"from": [6.79828, 8.01533, 0.9631],
			"to": [8.39828, 8.54866, 1.49643],
			"rotation": {"angle": 0, "axis": "y", "origin": [8, 8, 8]},
			"faces": {
				"north": {"uv": [4.5, 11.5, 6, 12], "rotation": 180, "texture": "#voxels_atlas"},
				"east": {"uv": [7, 5.5, 6.5, 6], "rotation": 180, "texture": "#voxels_atlas"},
				"south": {"uv": [4.5, 11.5, 3, 12], "rotation": 180, "texture": "#voxels_atlas"},
				"west": {"uv": [6.5, 7, 7, 7.5], "rotation": 180, "texture": "#voxels_atlas"},
				"up": {"uv": [12, 12, 13.5, 12.5], "texture": "#voxels_atlas"},
				"down": {"uv": [13.5, 12.5, 15, 12], "texture": "#voxels_atlas"}
			}
		},
		{
			"name": "Voxels",
			"from": [6.79828, 8.01533, -5.4369],
			"to": [7.86494, 8.54866, -4.90357],
			"rotation": {"angle": 0, "axis": "y", "origin": [8, 8, 8]},
			"faces": {
				"north": {"uv": [9, 11, 10, 11.5], "rotation": 180, "texture": "#voxels_atlas"},
				"east": {"uv": [7, 4.5, 6.5, 5], "rotation": 180, "texture": "#voxels_atlas"},
				"south": {"uv": [14, 11, 13, 11.5], "rotation": 180, "texture": "#voxels_atlas"},
				"west": {"uv": [6.5, 5, 7, 5.5], "rotation": 180, "texture": "#voxels_atlas"},
				"up": {"uv": [15, 11, 16, 11.5], "texture": "#voxels_atlas"},
				"down": {"uv": [14, 11.5, 15, 11], "texture": "#voxels_atlas"}
			}
		},
		{
			"name": "Voxels",
			"from": [6.79828, 8.01533, -5.9702],
			"to": [7.33161, 8.54866, -5.43687],
			"rotation": {"angle": 0, "axis": "y", "origin": [8, 8, 8]},
			"faces": {
				"north": {"uv": [6.5, 1.5, 7, 2], "rotation": 180, "texture": "#voxels_atlas"},
				"east": {"uv": [7.5, 8.5, 7, 9], "rotation": 180, "texture": "#voxels_atlas"},
				"south": {"uv": [7, 2, 6.5, 2.5], "rotation": 180, "texture": "#voxels_atlas"},
				"west": {"uv": [6.5, 1, 7, 1.5], "rotation": 180, "texture": "#voxels_atlas"},
				"up": {"uv": [6.5, 4, 7, 4.5], "texture": "#voxels_atlas"},
				"down": {"uv": [6.5, 3, 7, 2.5], "texture": "#voxels_atlas"}
			}
		},
		{
			"name": "Voxels",
			"from": [6.79828, 7.48203, 5.76309],
			"to": [8.39828, 8.01536, 6.29643],
			"rotation": {"angle": 0, "axis": "y", "origin": [8, 8, 8]},
			"faces": {
				"north": {"uv": [10.5, 11.5, 12, 12], "rotation": 180, "texture": "#voxels_atlas"},
				"east": {"uv": [8.5, 8.5, 8, 9], "rotation": 180, "texture": "#voxels_atlas"},
				"south": {"uv": [10.5, 11.5, 9, 12], "rotation": 180, "texture": "#voxels_atlas"},
				"west": {"uv": [7.5, 8.5, 8, 9], "rotation": 180, "texture": "#voxels_atlas"},
				"up": {"uv": [6, 11.5, 7.5, 12], "texture": "#voxels_atlas"},
				"down": {"uv": [7.5, 12, 9, 11.5], "texture": "#voxels_atlas"}
			}
		},
		{
			"name": "Voxels",
			"from": [6.79828, 7.48203, 3.6298],
			"to": [8.39828, 8.01536, 4.16313],
			"rotation": {"angle": 0, "axis": "y", "origin": [8, 8, 8]},
			"faces": {
				"north": {"uv": [6, 12.5, 7.5, 13], "rotation": 180, "texture": "#voxels_atlas"},
				"east": {"uv": [10.5, 8.5, 10, 9], "rotation": 180, "texture": "#voxels_atlas"},
				"south": {"uv": [4.5, 12.5, 3, 13], "rotation": 180, "texture": "#voxels_atlas"},
				"west": {"uv": [8.5, 8.5, 9, 9], "rotation": 180, "texture": "#voxels_atlas"},
				"up": {"uv": [13, 13, 14.5, 13.5], "texture": "#voxels_atlas"},
				"down": {"uv": [14.5, 13.5, 16, 13], "texture": "#voxels_atlas"}
			}
		},
		{
			"name": "Voxels",
			"from": [6.79828, 7.48203, 1.49646],
			"to": [8.39828, 8.01536, 2.56313],
			"rotation": {"angle": 0, "axis": "y", "origin": [8, 8, 8]},
			"faces": {
				"north": {"uv": [9, 12.5, 10.5, 13], "rotation": 180, "texture": "#voxels_atlas"},
				"east": {"uv": [14, 11.5, 13, 12], "rotation": 180, "texture": "#voxels_atlas"},
				"south": {"uv": [9, 12.5, 7.5, 13], "rotation": 180, "texture": "#voxels_atlas"},
				"west": {"uv": [14, 11.5, 15, 12], "rotation": 180, "texture": "#voxels_atlas"},
				"up": {"uv": [5.5, 14, 7, 15], "texture": "#voxels_atlas"},
				"down": {"uv": [4, 15, 5.5, 14], "texture": "#voxels_atlas"}
			}
		},
		{
			"name": "Voxels",
			"from": [7.33158, 7.48206, 7.89649],
			"to": [8.39824, 9.08206, 8.42983],
			"rotation": {"angle": 0, "axis": "y", "origin": [8, 8, 8]},
			"faces": {
				"north": {"uv": [0, 6.5, 1, 8], "rotation": 180, "texture": "#voxels_atlas"},
				"east": {"uv": [3, 9, 2.5, 10.5], "rotation": 180, "texture": "#voxels_atlas"},
				"south": {"uv": [2, 12.5, 1, 14], "rotation": 180, "texture": "#voxels_atlas"},
				"west": {"uv": [2, 9, 2.5, 10.5], "rotation": 180, "texture": "#voxels_atlas"},
				"up": {"uv": [2, 0.5, 3, 1], "texture": "#voxels_atlas"},
				"down": {"uv": [7.5, 10.5, 8.5, 10], "texture": "#voxels_atlas"}
			}
		},
		{
			"name": "Voxels",
			"from": [7.33158, 8.54873, 4.16309],
			"to": [8.39824, 9.08206, 4.69643],
			"rotation": {"angle": 0, "axis": "y", "origin": [8, 8, 8]},
			"faces": {
				"north": {"uv": [4.5, 9, 5.5, 9.5], "rotation": 180, "texture": "#voxels_atlas"},
				"east": {"uv": [11.5, 8.5, 11, 9], "rotation": 180, "texture": "#voxels_atlas"},
				"south": {"uv": [4, 7.5, 3, 8], "rotation": 180, "texture": "#voxels_atlas"},
				"west": {"uv": [10.5, 8.5, 11, 9], "rotation": 180, "texture": "#voxels_atlas"},
				"up": {"uv": [2, 0, 3, 0.5], "texture": "#voxels_atlas"},
				"down": {"uv": [15, 13, 16, 12.5], "texture": "#voxels_atlas"}
			}
		},
		{
			"name": "Voxels",
			"from": [7.33158, 8.01533, 8.42976],
			"to": [8.93158, 8.54866, 9.49643],
			"rotation": {"angle": 0, "axis": "y", "origin": [8, 8, 8]},
			"faces": {
				"north": {"uv": [13.5, 12.5, 15, 13], "rotation": 180, "texture": "#voxels_atlas"},
				"east": {"uv": [13, 11.5, 12, 12], "rotation": 180, "texture": "#voxels_atlas"},
				"south": {"uv": [13.5, 12.5, 12, 13], "rotation": 180, "texture": "#voxels_atlas"},
				"west": {"uv": [15, 12, 16, 12.5], "rotation": 180, "texture": "#voxels_atlas"},
				"up": {"uv": [2.5, 14, 4, 15], "texture": "#voxels_atlas"},
				"down": {"uv": [1, 15, 2.5, 14], "texture": "#voxels_atlas"}
			}
		},
		{
			"name": "Voxels",
			"from": [7.33158, 7.482, 6.29643],
			"to": [8.39824, 8.54866, 7.89643],
			"rotation": {"angle": 0, "axis": "y", "origin": [8, 8, 8]},
			"faces": {
				"north": {"uv": [2, 11.5, 3, 12.5], "rotation": 180, "texture": "#voxels_atlas"},
				"east": {"uv": [10.5, 15, 9, 16], "rotation": 180, "texture": "#voxels_atlas"},
				"south": {"uv": [3, 10.5, 2, 11.5], "rotation": 180, "texture": "#voxels_atlas"},
				"west": {"uv": [10.5, 15, 12, 16], "rotation": 180, "texture": "#voxels_atlas"},
				"up": {"uv": [0, 3.5, 1, 5], "texture": "#voxels_atlas"},
				"down": {"uv": [0, 6.5, 1, 5], "texture": "#voxels_atlas"}
			}
		},
		{
			"name": "Voxels",
			"from": [7.33158, 8.01533, 4.69643],
			"to": [8.39824, 8.54866, 6.29643],
			"rotation": {"angle": 0, "axis": "y", "origin": [8, 8, 8]},
			"faces": {
				"north": {"uv": [3, 8, 4, 8.5], "rotation": 180, "texture": "#voxels_atlas"},
				"east": {"uv": [6, 12.5, 4.5, 13], "rotation": 180, "texture": "#voxels_atlas"},
				"south": {"uv": [4, 8.5, 3, 9], "rotation": 180, "texture": "#voxels_atlas"},
				"west": {"uv": [3, 12, 4.5, 12.5], "rotation": 180, "texture": "#voxels_atlas"},
				"up": {"uv": [0, 0.5, 1, 2], "texture": "#voxels_atlas"},
				"down": {"uv": [0, 3.5, 1, 2], "texture": "#voxels_atlas"}
			}
		},
		{
			"name": "Voxels",
			"from": [7.33158, 7.482, 2.56316],
			"to": [8.39824, 8.54866, 3.62983],
			"rotation": {"angle": 0, "axis": "y", "origin": [8, 8, 8]},
			"faces": {
				"north": {"uv": [15, 14, 16, 15], "rotation": 180, "texture": "#voxels_atlas"},
				"east": {"uv": [2, 10.5, 1, 11.5], "rotation": 180, "texture": "#voxels_atlas"},
				"south": {"uv": [15, 14, 14, 15], "rotation": 180, "texture": "#voxels_atlas"},
				"west": {"uv": [1, 11.5, 2, 12.5], "rotation": 180, "texture": "#voxels_atlas"},
				"up": {"uv": [15, 15, 16, 16], "texture": "#voxels_atlas"},
				"down": {"uv": [1, 9.5, 2, 8.5], "texture": "#voxels_atlas"}
			}
		},
		{
			"name": "Voxels",
			"from": [7.33158, 8.01533, 1.49646],
			"to": [8.39824, 8.54866, 2.56313],
			"rotation": {"angle": 0, "axis": "y", "origin": [8, 8, 8]},
			"faces": {
				"north": {"uv": [2, 6, 3, 6.5], "rotation": 180, "texture": "#voxels_atlas"},
				"east": {"uv": [3, 5, 2, 5.5], "rotation": 180, "texture": "#voxels_atlas"},
				"south": {"uv": [3, 6.5, 2, 7], "rotation": 180, "texture": "#voxels_atlas"},
				"west": {"uv": [2, 5.5, 3, 6], "rotation": 180, "texture": "#voxels_atlas"},
				"up": {"uv": [1, 9.5, 2, 10.5], "texture": "#voxels_atlas"},
				"down": {"uv": [1, 8.5, 2, 7.5], "texture": "#voxels_atlas"}
			}
		},
		{
			"name": "Voxels",
			"from": [7.33158, 7.482, -3.30354],
			"to": [8.39824, 8.54866, 0.96313],
			"rotation": {"angle": 0, "axis": "y", "origin": [8, 8, 8]},
			"faces": {
				"north": {"uv": [1, 3.5, 2, 4.5], "rotation": 180, "texture": "#voxels_atlas"},
				"east": {"uv": [5, 15, 1, 16], "rotation": 180, "texture": "#voxels_atlas"},
				"south": {"uv": [2, 4.5, 1, 5.5], "rotation": 180, "texture": "#voxels_atlas"},
				"west": {"uv": [5, 15, 9, 16], "rotation": 180, "texture": "#voxels_atlas"},
				"up": {"uv": [0, 8, 1, 12], "texture": "#voxels_atlas"},
				"down": {"uv": [0, 16, 1, 12], "texture": "#voxels_atlas"}
			}
		},
		{
			"name": "Voxels",
			"from": [7.33158, 8.01533, -4.37024],
			"to": [8.39824, 8.54866, -3.30357],
			"rotation": {"angle": 0, "axis": "y", "origin": [8, 8, 8]},
			"faces": {
				"north": {"uv": [2, 3, 3, 3.5], "rotation": 180, "texture": "#voxels_atlas"},
				"east": {"uv": [3, 1, 2, 1.5], "rotation": 180, "texture": "#voxels_atlas"},
				"south": {"uv": [3, 4.5, 2, 5], "rotation": 180, "texture": "#voxels_atlas"},
				"west": {"uv": [2, 2.5, 3, 3], "rotation": 180, "texture": "#voxels_atlas"},
				"up": {"uv": [1, 2.5, 2, 3.5], "texture": "#voxels_atlas"},
				"down": {"uv": [1, 1.5, 2, 0.5], "texture": "#voxels_atlas"}
			}
		},
		{
			"name": "Voxels",
			"from": [7.33158, 8.01533, -4.9035],
			"to": [7.86491, 8.54866, -4.37017],
			"rotation": {"angle": 0, "axis": "y", "origin": [8, 8, 8]},
			"faces": {
				"north": {"uv": [14, 8.5, 14.5, 9], "rotation": 180, "texture": "#voxels_atlas"},
				"east": {"uv": [7.5, 4.5, 7, 5], "rotation": 180, "texture": "#voxels_atlas"},
				"south": {"uv": [14, 8.5, 13.5, 9], "rotation": 180, "texture": "#voxels_atlas"},
				"west": {"uv": [14.5, 8.5, 15, 9], "rotation": 180, "texture": "#voxels_atlas"},
				"up": {"uv": [11.5, 8.5, 12, 9], "texture": "#voxels_atlas"},
				"down": {"uv": [13, 9, 13.5, 8.5], "texture": "#voxels_atlas"}
			}
		},
		{
			"name": "Voxels",
			"from": [7.33158, 7.48203, 4.16316],
			"to": [8.39824, 8.01536, 5.22983],
			"rotation": {"angle": 0, "axis": "y", "origin": [8, 8, 8]},
			"faces": {
				"north": {"uv": [5, 11, 6, 11.5], "rotation": 180, "texture": "#voxels_atlas"},
				"east": {"uv": [4, 9.5, 3, 10], "rotation": 180, "texture": "#voxels_atlas"},
				"south": {"uv": [7, 11, 6, 11.5], "rotation": 180, "texture": "#voxels_atlas"},
				"west": {"uv": [3, 9, 4, 9.5], "rotation": 180, "texture": "#voxels_atlas"},
				"up": {"uv": [1, 6.5, 2, 7.5], "texture": "#voxels_atlas"},
				"down": {"uv": [1, 6.5, 2, 5.5], "texture": "#voxels_atlas"}
			}
		},
		{
			"name": "Voxels",
			"from": [7.33158, 7.48203, 0.9631],
			"to": [8.39824, 8.01536, 1.49643],
			"rotation": {"angle": 0, "axis": "y", "origin": [8, 8, 8]},
			"faces": {
				"north": {"uv": [15, 11.5, 16, 12], "rotation": 180, "texture": "#voxels_atlas"},
				"east": {"uv": [7.5, 3.5, 7, 4], "rotation": 180, "texture": "#voxels_atlas"},
				"south": {"uv": [4, 11, 3, 11.5], "rotation": 180, "texture": "#voxels_atlas"},
				"west": {"uv": [7, 4, 7.5, 4.5], "rotation": 180, "texture": "#voxels_atlas"},
				"up": {"uv": [3, 10, 4, 10.5], "texture": "#voxels_atlas"},
				"down": {"uv": [3, 11, 4, 10.5], "texture": "#voxels_atlas"}
			}
		},
		{
			"name": "Voxels",
			"from": [7.33158, 6.94873, 5.76309],
			"to": [7.86491, 7.48206, 6.29643],
			"rotation": {"angle": 0, "axis": "y", "origin": [8, 8, 8]},
			"faces": {
				"north": {"uv": [12.5, 8, 13, 8.5], "rotation": 180, "texture": "#voxels_atlas"},
				"east": {"uv": [14, 8, 13.5, 8.5], "rotation": 180, "texture": "#voxels_atlas"},
				"south": {"uv": [12.5, 8, 12, 8.5], "rotation": 180, "texture": "#voxels_atlas"},
				"west": {"uv": [13, 8, 13.5, 8.5], "rotation": 180, "texture": "#voxels_atlas"},
				"up": {"uv": [11, 8, 11.5, 8.5], "texture": "#voxels_atlas"},
				"down": {"uv": [11.5, 8.5, 12, 8], "texture": "#voxels_atlas"}
			}
		},
		{
			"name": "Voxels",
			"from": [7.33158, 6.94873, 2.5631],
			"to": [8.39824, 7.48206, 3.09643],
			"rotation": {"angle": 0, "axis": "y", "origin": [8, 8, 8]},
			"faces": {
				"north": {"uv": [4.5, 8.5, 5.5, 9], "rotation": 180, "texture": "#voxels_atlas"},
				"east": {"uv": [15, 8, 14.5, 8.5], "rotation": 180, "texture": "#voxels_atlas"},
				"south": {"uv": [5.5, 4, 4.5, 4.5], "rotation": 180, "texture": "#voxels_atlas"},
				"west": {"uv": [14, 8, 14.5, 8.5], "rotation": 180, "texture": "#voxels_atlas"},
				"up": {"uv": [5.5, 10, 6.5, 10.5], "texture": "#voxels_atlas"},
				"down": {"uv": [6.5, 10.5, 7.5, 10], "texture": "#voxels_atlas"}
			}
		},
		{
			"name": "Voxels",
			"from": [7.33158, 6.94873, 2.0298],
			"to": [7.86491, 7.48206, 2.56313],
			"rotation": {"angle": 0, "axis": "y", "origin": [8, 8, 8]},
			"faces": {
				"north": {"uv": [7.5, 3, 8, 3.5], "rotation": 180, "texture": "#voxels_atlas"},
				"east": {"uv": [8, 1, 7.5, 1.5], "rotation": 180, "texture": "#voxels_atlas"},
				"south": {"uv": [8, 3.5, 7.5, 4], "rotation": 180, "texture": "#voxels_atlas"},
				"west": {"uv": [7.5, 1.5, 8, 2], "rotation": 180, "texture": "#voxels_atlas"},
				"up": {"uv": [15, 8, 15.5, 8.5], "texture": "#voxels_atlas"},
				"down": {"uv": [15.5, 8.5, 16, 8], "texture": "#voxels_atlas"}
			}
		},
		{
			"name": "Voxels",
			"from": [7.86488, 8.54873, 8.42976],
			"to": [8.39821, 9.08206, 9.49643],
			"rotation": {"angle": 0, "axis": "y", "origin": [8, 8, 8]},
			"faces": {
				"north": {"uv": [4, 8, 4.5, 8.5], "rotation": 180, "texture": "#voxels_atlas"},
				"east": {"uv": [8, 11, 7, 11.5], "rotation": 180, "texture": "#voxels_atlas"},
				"south": {"uv": [4.5, 8.5, 4, 9], "rotation": 180, "texture": "#voxels_atlas"},
				"west": {"uv": [8, 11, 9, 11.5], "rotation": 180, "texture": "#voxels_atlas"},
				"up": {"uv": [4, 9, 4.5, 10], "texture": "#voxels_atlas"},
				"down": {"uv": [4, 11, 4.5, 10], "texture": "#voxels_atlas"}
			}
		},
		{
			"name": "Voxels",
			"from": [7.86488, 8.54873, 7.36309],
			"to": [8.39821, 9.08206, 7.89643],
			"rotation": {"angle": 0, "axis": "y", "origin": [8, 8, 8]},
			"faces": {
				"north": {"uv": [4, 6, 4.5, 6.5], "rotation": 180, "texture": "#voxels_atlas"},
				"east": {"uv": [4.5, 5, 4, 5.5], "rotation": 180, "texture": "#voxels_atlas"},
				"south": {"uv": [4.5, 6.5, 4, 7], "rotation": 180, "texture": "#voxels_atlas"},
				"west": {"uv": [4, 5.5, 4.5, 6], "rotation": 180, "texture": "#voxels_atlas"},
				"up": {"uv": [4, 7.5, 4.5, 8], "texture": "#voxels_atlas"},
				"down": {"uv": [4, 7.5, 4.5, 7], "texture": "#voxels_atlas"}
			}
		},
		{
			"name": "Voxels",
			"from": [7.86488, 8.01533, 9.49649],
			"to": [8.39821, 8.54866, 10.02983],
			"rotation": {"angle": 0, "axis": "y", "origin": [8, 8, 8]},
			"faces": {
				"north": {"uv": [7, 5, 7.5, 5.5], "rotation": 180, "texture": "#voxels_atlas"},
				"east": {"uv": [4.5, 2, 4, 2.5], "rotation": 180, "texture": "#voxels_atlas"},
				"south": {"uv": [4.5, 3.5, 4, 4], "rotation": 180, "texture": "#voxels_atlas"},
				"west": {"uv": [4, 2.5, 4.5, 3], "rotation": 180, "texture": "#voxels_atlas"},
				"up": {"uv": [4, 4.5, 4.5, 5], "texture": "#voxels_atlas"},
				"down": {"uv": [4, 4.5, 4.5, 4], "texture": "#voxels_atlas"}
			}
		},
		{
			"name": "Voxels",
			"from": [7.86488, 7.48203, 8.42976],
			"to": [8.39821, 8.01536, 9.49643],
			"rotation": {"angle": 0, "axis": "y", "origin": [8, 8, 8]},
			"faces": {
				"north": {"uv": [4, 0, 4.5, 0.5], "rotation": 180, "texture": "#voxels_atlas"},
				"east": {"uv": [4, 5.5, 3, 6], "rotation": 180, "texture": "#voxels_atlas"},
				"south": {"uv": [4.5, 0.5, 4, 1], "rotation": 180, "texture": "#voxels_atlas"},
				"west": {"uv": [3, 6, 4, 6.5], "rotation": 180, "texture": "#voxels_atlas"},
				"up": {"uv": [3, 6.5, 3.5, 7.5], "texture": "#voxels_atlas"},
				"down": {"uv": [3.5, 7.5, 4, 6.5], "texture": "#voxels_atlas"}
			}
		},
		{
			"name": "Voxels",
			"from": [7.86488, 7.48203, -3.8369],
			"to": [8.39821, 8.01536, -3.30357],
			"rotation": {"angle": 0, "axis": "y", "origin": [8, 8, 8]},
			"faces": {
				"north": {"uv": [11.5, 10, 12, 10.5], "rotation": 180, "texture": "#voxels_atlas"},
				"east": {"uv": [13, 10, 12.5, 10.5], "rotation": 180, "texture": "#voxels_atlas"},
				"south": {"uv": [11.5, 10, 11, 10.5], "rotation": 180, "texture": "#voxels_atlas"},
				"west": {"uv": [12, 10, 12.5, 10.5], "rotation": 180, "texture": "#voxels_atlas"},
				"up": {"uv": [10, 10, 10.5, 10.5], "texture": "#voxels_atlas"},
				"down": {"uv": [10.5, 10.5, 11, 10], "texture": "#voxels_atlas"}
			}
		},
		{
			"name": "Voxels",
			"from": [7.86488, 6.94873, 6.82979],
			"to": [8.93154, 7.48206, 7.36313],
			"rotation": {"angle": 0, "axis": "y", "origin": [8, 8, 8]},
			"faces": {
				"north": {"uv": [3, 3.5, 4, 4], "rotation": 180, "texture": "#voxels_atlas"},
				"east": {"uv": [16, 10, 15.5, 10.5], "rotation": 180, "texture": "#voxels_atlas"},
				"south": {"uv": [4, 4, 3, 4.5], "rotation": 180, "texture": "#voxels_atlas"},
				"west": {"uv": [15, 10, 15.5, 10.5], "rotation": 180, "texture": "#voxels_atlas"},
				"up": {"uv": [3, 5, 4, 5.5], "texture": "#voxels_atlas"},
				"down": {"uv": [3, 5, 4, 4.5], "texture": "#voxels_atlas"}
			}
		},
		{
			"name": "Voxels",
			"from": [7.86488, 6.94873, 6.29649],
			"to": [8.39821, 7.48206, 6.82983],
			"rotation": {"angle": 0, "axis": "y", "origin": [8, 8, 8]},
			"faces": {
				"north": {"uv": [5.5, 8, 6, 8.5], "rotation": 180, "texture": "#voxels_atlas"},
				"east": {"uv": [6, 7, 5.5, 7.5], "rotation": 180, "texture": "#voxels_atlas"},
				"south": {"uv": [6, 8.5, 5.5, 9], "rotation": 180, "texture": "#voxels_atlas"},
				"west": {"uv": [5.5, 7.5, 6, 8], "rotation": 180, "texture": "#voxels_atlas"},
				"up": {"uv": [5.5, 9.5, 6, 10], "texture": "#voxels_atlas"},
				"down": {"uv": [5.5, 9.5, 6, 9], "texture": "#voxels_atlas"}
			}
		},
		{
			"name": "Voxels",
			"from": [7.86488, 6.94873, 3.0965],
			"to": [8.39821, 7.48206, 3.62983],
			"rotation": {"angle": 0, "axis": "y", "origin": [8, 8, 8]},
			"faces": {
				"north": {"uv": [5.5, 5, 6, 5.5], "rotation": 180, "texture": "#voxels_atlas"},
				"east": {"uv": [6, 4, 5.5, 4.5], "rotation": 180, "texture": "#voxels_atlas"},
				"south": {"uv": [6, 5.5, 5.5, 6], "rotation": 180, "texture": "#voxels_atlas"},
				"west": {"uv": [5.5, 4.5, 6, 5], "rotation": 180, "texture": "#voxels_atlas"},
				"up": {"uv": [5.5, 6.5, 6, 7], "texture": "#voxels_atlas"},
				"down": {"uv": [5.5, 6.5, 6, 6], "texture": "#voxels_atlas"}
			}
		},
		{
			"name": "Voxels",
			"from": [8.39828, 8.54873, 8.42979],
			"to": [8.93161, 9.08206, 8.96313],
			"rotation": {"angle": 0, "axis": "y", "origin": [8, 8, 8]},
			"faces": {
				"north": {"uv": [5.5, 2, 6, 2.5], "rotation": 180, "texture": "#voxels_atlas"},
				"east": {"uv": [6, 1, 5.5, 1.5], "rotation": 180, "texture": "#voxels_atlas"},
				"south": {"uv": [6, 2.5, 5.5, 3], "rotation": 180, "texture": "#voxels_atlas"},
				"west": {"uv": [5.5, 1.5, 6, 2], "rotation": 180, "texture": "#voxels_atlas"},
				"up": {"uv": [5.5, 3.5, 6, 4], "texture": "#voxels_atlas"},
				"down": {"uv": [5.5, 3.5, 6, 3], "texture": "#voxels_atlas"}
			}
		},
		{
			"name": "Voxels",
			"from": [8.39828, 7.482, 7.89649],
			"to": [8.93161, 8.54866, 8.42983],
			"rotation": {"angle": 0, "axis": "y", "origin": [8, 8, 8]},
			"faces": {
				"north": {"uv": [3.5, 2.5, 4, 3.5], "rotation": 180, "texture": "#voxels_atlas"},
				"east": {"uv": [4, 1.5, 3.5, 2.5], "rotation": 180, "texture": "#voxels_atlas"},
				"south": {"uv": [3.5, 2.5, 3, 3.5], "rotation": 180, "texture": "#voxels_atlas"},
				"west": {"uv": [3, 1.5, 3.5, 2.5], "rotation": 180, "texture": "#voxels_atlas"},
				"up": {"uv": [5.5, 0.5, 6, 1], "texture": "#voxels_atlas"},
				"down": {"uv": [5.5, 0.5, 6, 0], "texture": "#voxels_atlas"}
			}
		},
		{
			"name": "Voxels",
			"from": [8.39828, 7.48203, 8.42979],
			"to": [8.93161, 8.01536, 8.96313],
			"rotation": {"angle": 0, "axis": "y", "origin": [8, 8, 8]},
			"faces": {
				"north": {"uv": [9.5, 9.5, 10, 10], "rotation": 180, "texture": "#voxels_atlas"},
				"east": {"uv": [11, 9.5, 10.5, 10], "rotation": 180, "texture": "#voxels_atlas"},
				"south": {"uv": [9.5, 9.5, 9, 10], "rotation": 180, "texture": "#voxels_atlas"},
				"west": {"uv": [10, 9.5, 10.5, 10], "rotation": 180, "texture": "#voxels_atlas"},
				"up": {"uv": [8, 9.5, 8.5, 10], "texture": "#voxels_atlas"},
				"down": {"uv": [8.5, 10, 9, 9.5], "texture": "#voxels_atlas"}
			}
		},
		{
			"name": "Voxels",
			"from": [8.39828, 7.48203, 3.0965],
			"to": [8.93161, 8.01536, 3.62983],
			"rotation": {"angle": 0, "axis": "y", "origin": [8, 8, 8]},
			"faces": {
				"north": {"uv": [12.5, 9.5, 13, 10], "rotation": 180, "texture": "#voxels_atlas"},
				"east": {"uv": [14, 9.5, 13.5, 10], "rotation": 180, "texture": "#voxels_atlas"},
				"south": {"uv": [12.5, 9.5, 12, 10], "rotation": 180, "texture": "#voxels_atlas"},
				"west": {"uv": [13, 9.5, 13.5, 10], "rotation": 180, "texture": "#voxels_atlas"},
				"up": {"uv": [11, 9.5, 11.5, 10], "texture": "#voxels_atlas"},
				"down": {"uv": [11.5, 10, 12, 9.5], "texture": "#voxels_atlas"}
			}
		},
		{
			"name": "Voxels",
			"from": [8.39828, 6.94873, 7.36309],
			"to": [8.93161, 7.48206, 7.89643],
			"rotation": {"angle": 0, "axis": "y", "origin": [8, 8, 8]},
			"faces": {
				"north": {"uv": [15.5, 9.5, 16, 10], "rotation": 180, "texture": "#voxels_atlas"},
				"east": {"uv": [6.5, 8.5, 6, 9], "rotation": 180, "texture": "#voxels_atlas"},
				"south": {"uv": [15.5, 9.5, 15, 10], "rotation": 180, "texture": "#voxels_atlas"},
				"west": {"uv": [6, 9, 6.5, 9.5], "rotation": 180, "texture": "#voxels_atlas"},
				"up": {"uv": [14, 9.5, 14.5, 10], "texture": "#voxels_atlas"},
				"down": {"uv": [14.5, 10, 15, 9.5], "texture": "#voxels_atlas"}
			}
		},
		{
			"name": "Voxels",
			"from": [8.93158, 8.01533, 8.42979],
			"to": [9.46491, 8.54866, 8.96313],
			"rotation": {"angle": 0, "axis": "y", "origin": [8, 8, 8]},
			"faces": {
				"north": {"uv": [6, 6.5, 6.5, 7], "rotation": 180, "texture": "#voxels_atlas"},
				"east": {"uv": [6.5, 5.5, 6, 6], "rotation": 180, "texture": "#voxels_atlas"},
				"south": {"uv": [6.5, 7, 6, 7.5], "rotation": 180, "texture": "#voxels_atlas"},
				"west": {"uv": [6, 6, 6.5, 6.5], "rotation": 180, "texture": "#voxels_atlas"},
				"up": {"uv": [6, 8, 6.5, 8.5], "texture": "#voxels_atlas"},
				"down": {"uv": [6, 8, 6.5, 7.5], "texture": "#voxels_atlas"}
			}
		},
		{
			"name": "Voxels",
			"from": [8.93158, 7.48203, 6.29646],
			"to": [9.46491, 8.01536, 7.36313],
			"rotation": {"angle": 0, "axis": "y", "origin": [8, 8, 8]},
			"faces": {
				"north": {"uv": [6, 3.5, 6.5, 4], "rotation": 180, "texture": "#voxels_atlas"},
				"east": {"uv": [5, 11, 4, 11.5], "rotation": 180, "texture": "#voxels_atlas"},
				"south": {"uv": [6.5, 4, 6, 4.5], "rotation": 180, "texture": "#voxels_atlas"},
				"west": {"uv": [3, 0, 4, 0.5], "rotation": 180, "texture": "#voxels_atlas"},
				"up": {"uv": [3, 0.5, 3.5, 1.5], "texture": "#voxels_atlas"},
				"down": {"uv": [3.5, 1.5, 4, 0.5], "texture": "#voxels_atlas"}
			}
		},
		{
			"name": "Voxels",
			"from": [8.93158, 6.41533, 7.89649],
			"to": [9.46491, 6.94866, 8.42983],
			"rotation": {"angle": 0, "axis": "y", "origin": [8, 8, 8]},
			"faces": {
				"north": {"uv": [6, 0.5, 6.5, 1], "rotation": 180, "texture": "#voxels_atlas"},
				"east": {"uv": [7, 9, 6.5, 9.5], "rotation": 180, "texture": "#voxels_atlas"},
				"south": {"uv": [6.5, 1, 6, 1.5], "rotation": 180, "texture": "#voxels_atlas"},
				"west": {"uv": [6, 0, 6.5, 0.5], "rotation": 180, "texture": "#voxels_atlas"},
				"up": {"uv": [6, 2, 6.5, 2.5], "texture": "#voxels_atlas"},
				"down": {"uv": [6, 2, 6.5, 1.5], "texture": "#voxels_atlas"}
			}
		},
		{
			"name": "Voxels",
			"from": [9.46488, 7.48203, 5.76309],
			"to": [9.99821, 8.01536, 6.29643],
			"rotation": {"angle": 0, "axis": "y", "origin": [8, 8, 8]},
			"faces": {
				"north": {"uv": [8.5, 9, 9, 9.5], "rotation": 180, "texture": "#voxels_atlas"},
				"east": {"uv": [10, 9, 9.5, 9.5], "rotation": 180, "texture": "#voxels_atlas"},
				"south": {"uv": [8.5, 9, 8, 9.5], "rotation": 180, "texture": "#voxels_atlas"},
				"west": {"uv": [9, 9, 9.5, 9.5], "rotation": 180, "texture": "#voxels_atlas"},
				"up": {"uv": [7, 9, 7.5, 9.5], "texture": "#voxels_atlas"},
				"down": {"uv": [7.5, 9.5, 8, 9], "texture": "#voxels_atlas"}
			}
		},
		{
			"name": "Voxels",
			"from": [8.06488, 7.73408, 9.32667],
			"to": [10.19821, 8.26741, 9.86],
			"rotation": {"angle": 0, "axis": "x", "origin": [8, 8, 8]},
			"faces": {
				"north": {"uv": [2, 13.5, 4, 14], "rotation": 180, "texture": "#voxels_atlas"},
				"east": {"uv": [13, 9, 12.5, 9.5], "rotation": 180, "texture": "#voxels_atlas"},
				"south": {"uv": [6, 13.5, 4, 14], "rotation": 180, "texture": "#voxels_atlas"},
				"west": {"uv": [12, 9, 12.5, 9.5], "rotation": 180, "texture": "#voxels_atlas"},
				"up": {"uv": [10, 13.5, 12, 14], "texture": "#voxels_atlas"},
				"down": {"uv": [6, 14, 8, 13.5], "texture": "#voxels_atlas"}
			}
		},
		{
			"name": "Voxels",
			"from": [8.59828, 8.26748, 9.32667],
			"to": [9.66495, 8.80081, 9.86],
			"rotation": {"angle": 0, "axis": "x", "origin": [8, 8, 8]},
			"faces": {
				"north": {"uv": [12, 11, 13, 11.5], "rotation": 180, "texture": "#voxels_atlas"},
				"east": {"uv": [16, 9, 15.5, 9.5], "rotation": 180, "texture": "#voxels_atlas"},
				"south": {"uv": [12, 11, 11, 11.5], "rotation": 180, "texture": "#voxels_atlas"},
				"west": {"uv": [15, 9, 15.5, 9.5], "rotation": 180, "texture": "#voxels_atlas"},
				"up": {"uv": [8.5, 10, 9.5, 10.5], "texture": "#voxels_atlas"},
				"down": {"uv": [10, 11.5, 11, 11], "texture": "#voxels_atlas"}
			}
		},
		{
			"name": "Voxels",
			"from": [8.59828, 7.73408, 9.85997],
			"to": [10.73161, 8.26741, 10.3933],
			"rotation": {"angle": 0, "axis": "x", "origin": [8, 8, 8]},
			"faces": {
				"north": {"uv": [11, 13, 13, 13.5], "rotation": 180, "texture": "#voxels_atlas"},
				"east": {"uv": [7, 6, 6.5, 6.5], "rotation": 180, "texture": "#voxels_atlas"},
				"south": {"uv": [12, 14.5, 10, 15], "rotation": 180, "texture": "#voxels_atlas"},
				"west": {"uv": [6.5, 6.5, 7, 7], "rotation": 180, "texture": "#voxels_atlas"},
				"up": {"uv": [12, 14.5, 14, 15], "texture": "#voxels_atlas"},
				"down": {"uv": [10, 14.5, 12, 14], "texture": "#voxels_atlas"}
			}
		},
		{
			"name": "Voxels",
			"from": [8.59828, 7.20078, 9.32667],
			"to": [9.66495, 7.73411, 9.86],
			"rotation": {"angle": 0, "axis": "x", "origin": [8, 8, 8]},
			"faces": {
				"north": {"uv": [11.5, 10.5, 12.5, 11], "rotation": 180, "texture": "#voxels_atlas"},
				"east": {"uv": [7, 0, 6.5, 0.5], "rotation": 180, "texture": "#voxels_atlas"},
				"south": {"uv": [11.5, 10.5, 10.5, 11], "rotation": 180, "texture": "#voxels_atlas"},
				"west": {"uv": [6.5, 0.5, 7, 1], "rotation": 180, "texture": "#voxels_atlas"},
				"up": {"uv": [8.5, 10.5, 9.5, 11], "texture": "#voxels_atlas"},
				"down": {"uv": [9.5, 11, 10.5, 10.5], "texture": "#voxels_atlas"}
			}
		},
		{
			"name": "Voxels",
			"from": [9.13158, 8.26748, 9.85997],
			"to": [10.19825, 8.80081, 10.3933],
			"rotation": {"angle": 0, "axis": "x", "origin": [8, 8, 8]},
			"faces": {
				"north": {"uv": [4.5, 10, 5.5, 10.5], "rotation": 180, "texture": "#voxels_atlas"},
				"east": {"uv": [10, 8.5, 9.5, 9], "rotation": 180, "texture": "#voxels_atlas"},
				"south": {"uv": [15.5, 10.5, 14.5, 11], "rotation": 180, "texture": "#voxels_atlas"},
				"west": {"uv": [9, 8.5, 9.5, 9], "rotation": 180, "texture": "#voxels_atlas"},
				"up": {"uv": [12.5, 10.5, 13.5, 11], "texture": "#voxels_atlas"},
				"down": {"uv": [13.5, 11, 14.5, 10.5], "texture": "#voxels_atlas"}
			}
		},
		{
			"name": "Voxels",
			"from": [9.13158, 7.73408, 10.39337],
			"to": [11.26491, 8.26741, 10.9267],
			"rotation": {"angle": 0, "axis": "x", "origin": [8, 8, 8]},
			"faces": {
				"north": {"uv": [14, 13.5, 16, 14], "rotation": 180, "texture": "#voxels_atlas"},
				"east": {"uv": [13, 8.5, 12.5, 9], "rotation": 180, "texture": "#voxels_atlas"},
				"south": {"uv": [14, 14, 12, 14.5], "rotation": 180, "texture": "#voxels_atlas"},
				"west": {"uv": [12, 8.5, 12.5, 9], "rotation": 180, "texture": "#voxels_atlas"},
				"up": {"uv": [9, 13, 11, 13.5], "texture": "#voxels_atlas"},
				"down": {"uv": [3, 13.5, 5, 13], "texture": "#voxels_atlas"}
			}
		},
		{
			"name": "Voxels",
			"from": [9.13158, 7.20078, 9.85997],
			"to": [10.19825, 7.73411, 10.3933],
			"rotation": {"angle": 0, "axis": "x", "origin": [8, 8, 8]},
			"faces": {
				"north": {"uv": [4.5, 6.5, 5.5, 7], "rotation": 180, "texture": "#voxels_atlas"},
				"east": {"uv": [16, 8.5, 15.5, 9], "rotation": 180, "texture": "#voxels_atlas"},
				"south": {"uv": [5.5, 7, 4.5, 7.5], "rotation": 180, "texture": "#voxels_atlas"},
				"west": {"uv": [15, 8.5, 15.5, 9], "rotation": 180, "texture": "#voxels_atlas"},
				"up": {"uv": [4.5, 8, 5.5, 8.5], "texture": "#voxels_atlas"},
				"down": {"uv": [4.5, 8, 5.5, 7.5], "texture": "#voxels_atlas"}
			}
		},
		{
			"name": "Voxels",
			"from": [10.19828, 8.26748, 10.39337],
			"to": [10.73161, 8.80081, 10.9267],
			"rotation": {"angle": 0, "axis": "x", "origin": [8, 8, 8]},
			"faces": {
				"north": {"uv": [7, 6.5, 7.5, 7], "rotation": 180, "texture": "#voxels_atlas"},
				"east": {"uv": [7.5, 5.5, 7, 6], "rotation": 180, "texture": "#voxels_atlas"},
				"south": {"uv": [7.5, 7, 7, 7.5], "rotation": 180, "texture": "#voxels_atlas"},
				"west": {"uv": [7, 6, 7.5, 6.5], "rotation": 180, "texture": "#voxels_atlas"},
				"up": {"uv": [7, 8, 7.5, 8.5], "texture": "#voxels_atlas"},
				"down": {"uv": [7, 8, 7.5, 7.5], "texture": "#voxels_atlas"}
			}
		},
		{
			"name": "Voxels",
			"from": [10.19828, 7.73408, 10.92667],
			"to": [11.26495, 8.26741, 11.46],
			"rotation": {"angle": 0, "axis": "x", "origin": [8, 8, 8]},
			"faces": {
				"north": {"uv": [4.5, 5, 5.5, 5.5], "rotation": 180, "texture": "#voxels_atlas"},
				"east": {"uv": [7.5, 2.5, 7, 3], "rotation": 180, "texture": "#voxels_atlas"},
				"south": {"uv": [5.5, 5.5, 4.5, 6], "rotation": 180, "texture": "#voxels_atlas"},
				"west": {"uv": [7, 3, 7.5, 3.5], "rotation": 180, "texture": "#voxels_atlas"},
				"up": {"uv": [4.5, 9.5, 5.5, 10], "texture": "#voxels_atlas"},
				"down": {"uv": [4.5, 6.5, 5.5, 6], "texture": "#voxels_atlas"}
			}
		},
		{
			"name": "Voxels",
			"from": [10.19828, 7.20078, 10.39337],
			"to": [10.73161, 7.73411, 10.9267],
			"rotation": {"angle": 0, "axis": "x", "origin": [8, 8, 8]},
			"faces": {
				"north": {"uv": [7, 0.5, 7.5, 1], "rotation": 180, "texture": "#voxels_atlas"},
				"east": {"uv": [8, 8, 7.5, 8.5], "rotation": 180, "texture": "#voxels_atlas"},
				"south": {"uv": [7.5, 1, 7, 1.5], "rotation": 180, "texture": "#voxels_atlas"},
				"west": {"uv": [7, 0, 7.5, 0.5], "rotation": 180, "texture": "#voxels_atlas"},
				"up": {"uv": [7, 2, 7.5, 2.5], "texture": "#voxels_atlas"},
				"down": {"uv": [7, 2, 7.5, 1.5], "texture": "#voxels_atlas"}
			}
		},
		{
			"name": "Voxels",
			"from": [10.73158, 8.26748, 10.92667],
			"to": [11.26491, 8.80081, 11.46],
			"rotation": {"angle": 0, "axis": "x", "origin": [8, 8, 8]},
			"faces": {
				"north": {"uv": [9.5, 8, 10, 8.5], "rotation": 180, "texture": "#voxels_atlas"},
				"east": {"uv": [11, 8, 10.5, 8.5], "rotation": 180, "texture": "#voxels_atlas"},
				"south": {"uv": [9.5, 8, 9, 8.5], "rotation": 180, "texture": "#voxels_atlas"},
				"west": {"uv": [10, 8, 10.5, 8.5], "rotation": 180, "texture": "#voxels_atlas"},
				"up": {"uv": [8, 8, 8.5, 8.5], "texture": "#voxels_atlas"},
				"down": {"uv": [8.5, 8.5, 9, 8], "texture": "#voxels_atlas"}
			}
		},
		{
			"name": "Voxels",
			"from": [10.73158, 7.73408, 11.46003],
			"to": [11.79825, 8.26741, 12.5267],
			"rotation": {"angle": 0, "axis": "x", "origin": [8, 8, 8]},
			"faces": {
				"north": {"uv": [4.5, 3, 5.5, 3.5], "rotation": 180, "texture": "#voxels_atlas"},
				"east": {"uv": [5.5, 2, 4.5, 2.5], "rotation": 180, "texture": "#voxels_atlas"},
				"south": {"uv": [5.5, 3.5, 4.5, 4], "rotation": 180, "texture": "#voxels_atlas"},
				"west": {"uv": [4.5, 2.5, 5.5, 3], "rotation": 180, "texture": "#voxels_atlas"},
				"up": {"uv": [2, 12.5, 3, 13.5], "texture": "#voxels_atlas"},
				"down": {"uv": [1, 2.5, 2, 1.5], "texture": "#voxels_atlas"}
			}
		},
		{
			"name": "Voxels",
			"from": [10.73158, 7.73408, 9.32667],
			"to": [11.79825, 8.26741, 9.86],
			"rotation": {"angle": 0, "axis": "x", "origin": [8, 8, 8]},
			"faces": {
				"north": {"uv": [4.5, 0, 5.5, 0.5], "rotation": 180, "texture": "#voxels_atlas"},
				"east": {"uv": [8, 7, 7.5, 7.5], "rotation": 180, "texture": "#voxels_atlas"},
				"south": {"uv": [5.5, 0.5, 4.5, 1], "rotation": 180, "texture": "#voxels_atlas"},
				"west": {"uv": [7.5, 7.5, 8, 8], "rotation": 180, "texture": "#voxels_atlas"},
				"up": {"uv": [4.5, 1.5, 5.5, 2], "texture": "#voxels_atlas"},
				"down": {"uv": [4.5, 1.5, 5.5, 1], "texture": "#voxels_atlas"}
			}
		},
		{
			"name": "Voxels",
			"from": [10.73158, 7.20078, 10.92667],
			"to": [11.26491, 7.73411, 11.46],
			"rotation": {"angle": 0, "axis": "x", "origin": [8, 8, 8]},
			"faces": {
				"north": {"uv": [7.5, 5, 8, 5.5], "rotation": 180, "texture": "#voxels_atlas"},
				"east": {"uv": [8, 4, 7.5, 4.5], "rotation": 180, "texture": "#voxels_atlas"},
				"south": {"uv": [8, 5.5, 7.5, 6], "rotation": 180, "texture": "#voxels_atlas"},
				"west": {"uv": [7.5, 4.5, 8, 5], "rotation": 180, "texture": "#voxels_atlas"},
				"up": {"uv": [7.5, 6.5, 8, 7], "texture": "#voxels_atlas"},
				"down": {"uv": [7.5, 6.5, 8, 6], "texture": "#voxels_atlas"}
			}
		},
		{
			"name": "Voxels",
			"from": [11.26488, 7.73408, 12.5267],
			"to": [11.79821, 8.26741, 14.1267],
			"rotation": {"angle": 0, "axis": "x", "origin": [8, 8, 8]},
			"faces": {
				"north": {"uv": [7.5, 2, 8, 2.5], "rotation": 180, "texture": "#voxels_atlas"},
				"east": {"uv": [6, 12, 4.5, 12.5], "rotation": 180, "texture": "#voxels_atlas"},
				"south": {"uv": [8, 2.5, 7.5, 3], "rotation": 180, "texture": "#voxels_atlas"},
				"west": {"uv": [6, 12, 7.5, 12.5], "rotation": 180, "texture": "#voxels_atlas"},
				"up": {"uv": [2, 7.5, 2.5, 9], "texture": "#voxels_atlas"},
				"down": {"uv": [2.5, 9, 3, 7.5], "texture": "#voxels_atlas"}
			}
		},
		{
			"name": "Voxels",
			"from": [11.79828, 7.73408, 8.79337],
			"to": [12.33161, 8.26741, 9.3267],
			"rotation": {"angle": 0, "axis": "x", "origin": [8, 8, 8]},
			"faces": {
				"north": {"uv": [8.5, 7.5, 9, 8], "rotation": 180, "texture": "#voxels_atlas"},
				"east": {"uv": [10, 7.5, 9.5, 8], "rotation": 180, "texture": "#voxels_atlas"},
				"south": {"uv": [8.5, 7.5, 8, 8], "rotation": 180, "texture": "#voxels_atlas"},
				"west": {"uv": [9, 7.5, 9.5, 8], "rotation": 180, "texture": "#voxels_atlas"},
				"up": {"uv": [7.5, 0.5, 8, 1], "texture": "#voxels_atlas"},
				"down": {"uv": [7.5, 0.5, 8, 0], "texture": "#voxels_atlas"}
			}
		},
		{
			"name": "Voxels",
			"from": [8.59828, 7.73408, 8.79337],
			"to": [9.66495, 8.26741, 9.3267],
			"rotation": {"angle": 0, "axis": "x", "origin": [8, 8, 8]},
			"faces": {
				"north": {"uv": [7.5, 10.5, 8.5, 11], "rotation": 180, "texture": "#voxels_atlas"},
				"east": {"uv": [7, 3, 6.5, 3.5], "rotation": 180, "texture": "#voxels_atlas"},
				"south": {"uv": [7.5, 10.5, 6.5, 11], "rotation": 180, "texture": "#voxels_atlas"},
				"west": {"uv": [6.5, 3.5, 7, 4], "rotation": 180, "texture": "#voxels_atlas"},
				"up": {"uv": [4.5, 10.5, 5.5, 11], "texture": "#voxels_atlas"},
				"down": {"uv": [5.5, 11, 6.5, 10.5], "texture": "#voxels_atlas"}
			}
		},
		{
			"name": "Voxels",
			"from": [7.89715, 5.99524, 9.42042],
			"to": [8.43048, 8.12857, 9.95375],
			"rotation": {"angle": 0, "axis": "y", "origin": [8, 8, 8]},
			"faces": {
				"north": {"uv": [2, 13.5, 4, 14], "rotation": 90, "texture": "#voxels_atlas"},
				"east": {"uv": [10, 13.5, 12, 14], "rotation": 90, "texture": "#voxels_atlas"},
				"south": {"uv": [6, 13.5, 4, 14], "rotation": 270, "texture": "#voxels_atlas"},
				"west": {"uv": [6, 14, 8, 13.5], "rotation": 90, "texture": "#voxels_atlas"},
				"up": {"uv": [12, 9, 12.5, 9.5], "rotation": 270, "texture": "#voxels_atlas"},
				"down": {"uv": [13, 9, 12.5, 9.5], "rotation": 270, "texture": "#voxels_atlas"}
			}
		},
		{
			"name": "Voxels",
			"from": [8.43055, 6.5285, 9.42042],
			"to": [8.96388, 7.59517, 9.95375],
			"rotation": {"angle": 0, "axis": "y", "origin": [8, 8, 8]},
			"faces": {
				"north": {"uv": [12, 11, 13, 11.5], "rotation": 90, "texture": "#voxels_atlas"},
				"east": {"uv": [8.5, 10, 9.5, 10.5], "rotation": 90, "texture": "#voxels_atlas"},
				"south": {"uv": [12, 11, 11, 11.5], "rotation": 270, "texture": "#voxels_atlas"},
				"west": {"uv": [10, 11.5, 11, 11], "rotation": 90, "texture": "#voxels_atlas"},
				"up": {"uv": [15, 9, 15.5, 9.5], "rotation": 270, "texture": "#voxels_atlas"},
				"down": {"uv": [16, 9, 15.5, 9.5], "rotation": 270, "texture": "#voxels_atlas"}
			}
		},
		{
			"name": "Voxels",
			"from": [7.89715, 5.46184, 9.95372],
			"to": [8.43048, 7.59517, 10.48705],
			"rotation": {"angle": 0, "axis": "y", "origin": [8, 8, 8]},
			"faces": {
				"north": {"uv": [11, 13, 13, 13.5], "rotation": 90, "texture": "#voxels_atlas"},
				"east": {"uv": [12, 14.5, 14, 15], "rotation": 90, "texture": "#voxels_atlas"},
				"south": {"uv": [12, 14.5, 10, 15], "rotation": 270, "texture": "#voxels_atlas"},
				"west": {"uv": [10, 14.5, 12, 14], "rotation": 90, "texture": "#voxels_atlas"},
				"up": {"uv": [6.5, 6.5, 7, 7], "rotation": 270, "texture": "#voxels_atlas"},
				"down": {"uv": [7, 6, 6.5, 6.5], "rotation": 270, "texture": "#voxels_atlas"}
			}
		},
		{
			"name": "Voxels",
			"from": [7.36385, 6.5285, 9.42042],
			"to": [7.89718, 7.59517, 9.95375],
			"rotation": {"angle": 0, "axis": "y", "origin": [8, 8, 8]},
			"faces": {
				"north": {"uv": [11.5, 10.5, 12.5, 11], "rotation": 90, "texture": "#voxels_atlas"},
				"east": {"uv": [8.5, 10.5, 9.5, 11], "rotation": 90, "texture": "#voxels_atlas"},
				"south": {"uv": [11.5, 10.5, 10.5, 11], "rotation": 270, "texture": "#voxels_atlas"},
				"west": {"uv": [9.5, 11, 10.5, 10.5], "rotation": 90, "texture": "#voxels_atlas"},
				"up": {"uv": [6.5, 0.5, 7, 1], "rotation": 270, "texture": "#voxels_atlas"},
				"down": {"uv": [7, 0, 6.5, 0.5], "rotation": 270, "texture": "#voxels_atlas"}
			}
		},
		{
			"name": "Voxels",
			"from": [8.43055, 5.9952, 9.95372],
			"to": [8.96388, 7.06187, 10.48705],
			"rotation": {"angle": 0, "axis": "y", "origin": [8, 8, 8]},
			"faces": {
				"north": {"uv": [4.5, 10, 5.5, 10.5], "rotation": 90, "texture": "#voxels_atlas"},
				"east": {"uv": [12.5, 10.5, 13.5, 11], "rotation": 90, "texture": "#voxels_atlas"},
				"south": {"uv": [15.5, 10.5, 14.5, 11], "rotation": 270, "texture": "#voxels_atlas"},
				"west": {"uv": [13.5, 11, 14.5, 10.5], "rotation": 90, "texture": "#voxels_atlas"},
				"up": {"uv": [9, 8.5, 9.5, 9], "rotation": 270, "texture": "#voxels_atlas"},
				"down": {"uv": [10, 8.5, 9.5, 9], "rotation": 270, "texture": "#voxels_atlas"}
			}
		},
		{
			"name": "Voxels",
			"from": [7.89715, 4.92854, 10.48712],
			"to": [8.43048, 7.06187, 11.02045],
			"rotation": {"angle": 0, "axis": "y", "origin": [8, 8, 8]},
			"faces": {
				"north": {"uv": [14, 13.5, 16, 14], "rotation": 90, "texture": "#voxels_atlas"},
				"east": {"uv": [9, 13, 11, 13.5], "rotation": 90, "texture": "#voxels_atlas"},
				"south": {"uv": [14, 14, 12, 14.5], "rotation": 270, "texture": "#voxels_atlas"},
				"west": {"uv": [3, 13.5, 5, 13], "rotation": 90, "texture": "#voxels_atlas"},
				"up": {"uv": [12, 8.5, 12.5, 9], "rotation": 270, "texture": "#voxels_atlas"},
				"down": {"uv": [13, 8.5, 12.5, 9], "rotation": 270, "texture": "#voxels_atlas"}
			}
		},
		{
			"name": "Voxels",
			"from": [7.36385, 5.9952, 9.95372],
			"to": [7.89718, 7.06187, 10.48705],
			"rotation": {"angle": 0, "axis": "y", "origin": [8, 8, 8]},
			"faces": {
				"north": {"uv": [4.5, 6.5, 5.5, 7], "rotation": 90, "texture": "#voxels_atlas"},
				"east": {"uv": [4.5, 8, 5.5, 8.5], "rotation": 90, "texture": "#voxels_atlas"},
				"south": {"uv": [5.5, 7, 4.5, 7.5], "rotation": 270, "texture": "#voxels_atlas"},
				"west": {"uv": [4.5, 8, 5.5, 7.5], "rotation": 90, "texture": "#voxels_atlas"},
				"up": {"uv": [15, 8.5, 15.5, 9], "rotation": 270, "texture": "#voxels_atlas"},
				"down": {"uv": [16, 8.5, 15.5, 9], "rotation": 270, "texture": "#voxels_atlas"}
			}
		},
		{
			"name": "Voxels",
			"from": [8.43055, 5.46184, 10.48712],
			"to": [8.96388, 5.99517, 11.02045],
			"rotation": {"angle": 0, "axis": "y", "origin": [8, 8, 8]},
			"faces": {
				"north": {"uv": [7, 6.5, 7.5, 7], "rotation": 90, "texture": "#voxels_atlas"},
				"east": {"uv": [7, 8, 7.5, 8.5], "rotation": 90, "texture": "#voxels_atlas"},
				"south": {"uv": [7.5, 7, 7, 7.5], "rotation": 270, "texture": "#voxels_atlas"},
				"west": {"uv": [7, 8, 7.5, 7.5], "rotation": 90, "texture": "#voxels_atlas"},
				"up": {"uv": [7, 6, 7.5, 6.5], "rotation": 270, "texture": "#voxels_atlas"},
				"down": {"uv": [7.5, 5.5, 7, 6], "rotation": 270, "texture": "#voxels_atlas"}
			}
		},
		{
			"name": "Voxels",
			"from": [7.89715, 4.9285, 11.02042],
			"to": [8.43048, 5.99517, 11.55375],
			"rotation": {"angle": 0, "axis": "y", "origin": [8, 8, 8]},
			"faces": {
				"north": {"uv": [4.5, 5, 5.5, 5.5], "rotation": 90, "texture": "#voxels_atlas"},
				"east": {"uv": [4.5, 9.5, 5.5, 10], "rotation": 90, "texture": "#voxels_atlas"},
				"south": {"uv": [5.5, 5.5, 4.5, 6], "rotation": 270, "texture": "#voxels_atlas"},
				"west": {"uv": [4.5, 6.5, 5.5, 6], "rotation": 90, "texture": "#voxels_atlas"},
				"up": {"uv": [7, 3, 7.5, 3.5], "rotation": 270, "texture": "#voxels_atlas"},
				"down": {"uv": [7.5, 2.5, 7, 3], "rotation": 270, "texture": "#voxels_atlas"}
			}
		},
		{
			"name": "Voxels",
			"from": [7.36385, 5.46184, 10.48712],
			"to": [7.89718, 5.99517, 11.02045],
			"rotation": {"angle": 0, "axis": "y", "origin": [8, 8, 8]},
			"faces": {
				"north": {"uv": [7, 0.5, 7.5, 1], "rotation": 90, "texture": "#voxels_atlas"},
				"east": {"uv": [7, 2, 7.5, 2.5], "rotation": 90, "texture": "#voxels_atlas"},
				"south": {"uv": [7.5, 1, 7, 1.5], "rotation": 270, "texture": "#voxels_atlas"},
				"west": {"uv": [7, 2, 7.5, 1.5], "rotation": 90, "texture": "#voxels_atlas"},
				"up": {"uv": [7, 0, 7.5, 0.5], "rotation": 270, "texture": "#voxels_atlas"},
				"down": {"uv": [8, 8, 7.5, 8.5], "rotation": 270, "texture": "#voxels_atlas"}
			}
		},
		{
			"name": "Voxels",
			"from": [8.43055, 4.92854, 11.02042],
			"to": [8.96388, 5.46187, 11.55375],
			"rotation": {"angle": 0, "axis": "y", "origin": [8, 8, 8]},
			"faces": {
				"north": {"uv": [9.5, 8, 10, 8.5], "rotation": 90, "texture": "#voxels_atlas"},
				"east": {"uv": [8, 8, 8.5, 8.5], "rotation": 90, "texture": "#voxels_atlas"},
				"south": {"uv": [9.5, 8, 9, 8.5], "rotation": 270, "texture": "#voxels_atlas"},
				"west": {"uv": [8.5, 8.5, 9, 8], "rotation": 90, "texture": "#voxels_atlas"},
				"up": {"uv": [10, 8, 10.5, 8.5], "rotation": 270, "texture": "#voxels_atlas"},
				"down": {"uv": [11, 8, 10.5, 8.5], "rotation": 270, "texture": "#voxels_atlas"}
			}
		},
		{
			"name": "Voxels",
			"from": [7.89715, 4.3952, 11.55378],
			"to": [8.43048, 5.46187, 12.62045],
			"rotation": {"angle": 0, "axis": "y", "origin": [8, 8, 8]},
			"faces": {
				"north": {"uv": [4.5, 3, 5.5, 3.5], "rotation": 90, "texture": "#voxels_atlas"},
				"east": {"uv": [2, 12.5, 3, 13.5], "rotation": 90, "texture": "#voxels_atlas"},
				"south": {"uv": [5.5, 3.5, 4.5, 4], "rotation": 270, "texture": "#voxels_atlas"},
				"west": {"uv": [1, 2.5, 2, 1.5], "rotation": 90, "texture": "#voxels_atlas"},
				"up": {"uv": [4.5, 2.5, 5.5, 3], "rotation": 270, "texture": "#voxels_atlas"},
				"down": {"uv": [5.5, 2, 4.5, 2.5], "rotation": 270, "texture": "#voxels_atlas"}
			}
		},
		{
			"name": "Voxels",
			"from": [7.89715, 4.3952, 9.42042],
			"to": [8.43048, 5.46187, 9.95375],
			"rotation": {"angle": 0, "axis": "y", "origin": [8, 8, 8]},
			"faces": {
				"north": {"uv": [4.5, 0, 5.5, 0.5], "rotation": 90, "texture": "#voxels_atlas"},
				"east": {"uv": [4.5, 1.5, 5.5, 2], "rotation": 90, "texture": "#voxels_atlas"},
				"south": {"uv": [5.5, 0.5, 4.5, 1], "rotation": 270, "texture": "#voxels_atlas"},
				"west": {"uv": [4.5, 1.5, 5.5, 1], "rotation": 90, "texture": "#voxels_atlas"},
				"up": {"uv": [7.5, 7.5, 8, 8], "rotation": 270, "texture": "#voxels_atlas"},
				"down": {"uv": [8, 7, 7.5, 7.5], "rotation": 270, "texture": "#voxels_atlas"}
			}
		},
		{
			"name": "Voxels",
			"from": [7.36385, 4.92854, 11.02042],
			"to": [7.89718, 5.46187, 11.55375],
			"rotation": {"angle": 0, "axis": "y", "origin": [8, 8, 8]},
			"faces": {
				"north": {"uv": [7.5, 5, 8, 5.5], "rotation": 90, "texture": "#voxels_atlas"},
				"east": {"uv": [7.5, 6.5, 8, 7], "rotation": 90, "texture": "#voxels_atlas"},
				"south": {"uv": [8, 5.5, 7.5, 6], "rotation": 270, "texture": "#voxels_atlas"},
				"west": {"uv": [7.5, 6.5, 8, 6], "rotation": 90, "texture": "#voxels_atlas"},
				"up": {"uv": [7.5, 4.5, 8, 5], "rotation": 270, "texture": "#voxels_atlas"},
				"down": {"uv": [8, 4, 7.5, 4.5], "rotation": 270, "texture": "#voxels_atlas"}
			}
		},
		{
			"name": "Voxels",
			"from": [7.89715, 4.39524, 12.62045],
			"to": [8.43048, 4.92857, 14.22045],
			"rotation": {"angle": 0, "axis": "y", "origin": [8, 8, 8]},
			"faces": {
				"north": {"uv": [7.5, 2, 8, 2.5], "rotation": 90, "texture": "#voxels_atlas"},
				"east": {"uv": [2, 7.5, 2.5, 9], "rotation": 90, "texture": "#voxels_atlas"},
				"south": {"uv": [8, 2.5, 7.5, 3], "rotation": 270, "texture": "#voxels_atlas"},
				"west": {"uv": [2.5, 9, 3, 7.5], "rotation": 90, "texture": "#voxels_atlas"},
				"up": {"uv": [6, 12, 7.5, 12.5], "rotation": 270, "texture": "#voxels_atlas"},
				"down": {"uv": [6, 12, 4.5, 12.5], "rotation": 270, "texture": "#voxels_atlas"}
			}
		},
		{
			"name": "Voxels",
			"from": [7.89715, 3.86184, 8.88712],
			"to": [8.43048, 4.39517, 9.42045],
			"rotation": {"angle": 0, "axis": "y", "origin": [8, 8, 8]},
			"faces": {
				"north": {"uv": [8.5, 7.5, 9, 8], "rotation": 90, "texture": "#voxels_atlas"},
				"east": {"uv": [7.5, 0.5, 8, 1], "rotation": 90, "texture": "#voxels_atlas"},
				"south": {"uv": [8.5, 7.5, 8, 8], "rotation": 270, "texture": "#voxels_atlas"},
				"west": {"uv": [7.5, 0.5, 8, 0], "rotation": 90, "texture": "#voxels_atlas"},
				"up": {"uv": [9, 7.5, 9.5, 8], "rotation": 270, "texture": "#voxels_atlas"},
				"down": {"uv": [10, 7.5, 9.5, 8], "rotation": 270, "texture": "#voxels_atlas"}
			}
		},
		{
			"name": "Voxels",
			"from": [7.89715, 7.7785, 9.81521],
			"to": [8.43048, 8.31184, 10.88188],
			"rotation": {"angle": 0, "axis": "y", "origin": [8, 8, 8]},
			"faces": {
				"north": {"uv": [7.5, 7.5, 8, 8], "rotation": 90, "texture": "#voxels_atlas"},
				"east": {"uv": [4.5, 1.5, 5.5, 2], "rotation": 180, "texture": "#voxels_atlas"},
				"south": {"uv": [8, 7, 7.5, 7.5], "rotation": 270, "texture": "#voxels_atlas"},
				"west": {"uv": [4.5, 1.5, 5.5, 1], "texture": "#voxels_atlas"},
				"up": {"uv": [5.5, 0.5, 4.5, 1], "rotation": 270, "texture": "#voxels_atlas"},
				"down": {"uv": [4.5, 0, 5.5, 0.5], "rotation": 270, "texture": "#voxels_atlas"}
			}
		},
		{
			"name": "Voxels",
			"from": [7.89715, 7.2452, 10.88191],
			"to": [8.43048, 7.77854, 11.41524],
			"rotation": {"angle": 0, "axis": "y", "origin": [8, 8, 8]},
			"faces": {
				"north": {"uv": [9, 7.5, 9.5, 8], "rotation": 90, "texture": "#voxels_atlas"},
				"east": {"uv": [7.5, 0.5, 8, 1], "rotation": 180, "texture": "#voxels_atlas"},
				"south": {"uv": [10, 7.5, 9.5, 8], "rotation": 270, "texture": "#voxels_atlas"},
				"west": {"uv": [7.5, 0.5, 8, 0], "texture": "#voxels_atlas"},
				"up": {"uv": [8.5, 7.5, 8, 8], "rotation": 270, "texture": "#voxels_atlas"},
				"down": {"uv": [8.5, 7.5, 9, 8], "rotation": 270, "texture": "#voxels_atlas"}
			}
		},
		{
			"name": "Voxels",
			"from": [7.89715, 6.5285, 8.88712],
			"to": [8.43048, 7.59517, 9.42045],
			"rotation": {"angle": 0, "axis": "y", "origin": [8, 8, 8]},
			"faces": {
				"north": {"uv": [7.5, 10.5, 8.5, 11], "rotation": 90, "texture": "#voxels_atlas"},
				"east": {"uv": [4.5, 10.5, 5.5, 11], "rotation": 90, "texture": "#voxels_atlas"},
				"south": {"uv": [7.5, 10.5, 6.5, 11], "rotation": 270, "texture": "#voxels_atlas"},
				"west": {"uv": [5.5, 11, 6.5, 10.5], "rotation": 90, "texture": "#voxels_atlas"},
				"up": {"uv": [6.5, 3.5, 7, 4], "rotation": 270, "texture": "#voxels_atlas"},
				"down": {"uv": [7, 3, 6.5, 3.5], "rotation": 270, "texture": "#voxels_atlas"}
			}
		},
		{
			"name": "Voxels",
			"from": [6.08625, 7.83743, 9.38917],
			"to": [8.21958, 8.37077, 9.9225],
			"rotation": {"angle": 0, "axis": "y", "origin": [8, 8, 8]},
			"faces": {
				"north": {"uv": [2, 13.5, 4, 14], "texture": "#voxels_atlas"},
				"east": {"uv": [12, 9, 12.5, 9.5], "texture": "#voxels_atlas"},
				"south": {"uv": [6, 13.5, 4, 14], "texture": "#voxels_atlas"},
				"west": {"uv": [13, 9, 12.5, 9.5], "texture": "#voxels_atlas"},
				"up": {"uv": [6, 14, 8, 13.5], "rotation": 180, "texture": "#voxels_atlas"},
				"down": {"uv": [10, 13.5, 12, 14], "rotation": 180, "texture": "#voxels_atlas"}
			}
		},
		{
			"name": "Voxels",
			"from": [6.61951, 7.30403, 9.38917],
			"to": [7.68618, 7.83737, 9.9225],
			"rotation": {"angle": 0, "axis": "y", "origin": [8, 8, 8]},
			"faces": {
				"north": {"uv": [12, 11, 13, 11.5], "texture": "#voxels_atlas"},
				"east": {"uv": [15, 9, 15.5, 9.5], "texture": "#voxels_atlas"},
				"south": {"uv": [12, 11, 11, 11.5], "texture": "#voxels_atlas"},
				"west": {"uv": [16, 9, 15.5, 9.5], "texture": "#voxels_atlas"},
				"up": {"uv": [10, 11.5, 11, 11], "rotation": 180, "texture": "#voxels_atlas"},
				"down": {"uv": [8.5, 10, 9.5, 10.5], "rotation": 180, "texture": "#voxels_atlas"}
			}
		},
		{
			"name": "Voxels",
			"from": [5.55285, 7.83743, 9.92247],
			"to": [7.68618, 8.37077, 10.4558],
			"rotation": {"angle": 0, "axis": "y", "origin": [8, 8, 8]},
			"faces": {
				"north": {"uv": [11, 13, 13, 13.5], "texture": "#voxels_atlas"},
				"east": {"uv": [6.5, 6.5, 7, 7], "texture": "#voxels_atlas"},
				"south": {"uv": [12, 14.5, 10, 15], "texture": "#voxels_atlas"},
				"west": {"uv": [7, 6, 6.5, 6.5], "texture": "#voxels_atlas"},
				"up": {"uv": [10, 14.5, 12, 14], "rotation": 180, "texture": "#voxels_atlas"},
				"down": {"uv": [12, 14.5, 14, 15], "rotation": 180, "texture": "#voxels_atlas"}
			}
		},
		{
			"name": "Voxels",
			"from": [6.61951, 8.37073, 9.38917],
			"to": [7.68618, 8.90407, 9.9225],
			"rotation": {"angle": 0, "axis": "y", "origin": [8, 8, 8]},
			"faces": {
				"north": {"uv": [11.5, 10.5, 12.5, 11], "texture": "#voxels_atlas"},
				"east": {"uv": [6.5, 0.5, 7, 1], "texture": "#voxels_atlas"},
				"south": {"uv": [11.5, 10.5, 10.5, 11], "texture": "#voxels_atlas"},
				"west": {"uv": [7, 0, 6.5, 0.5], "texture": "#voxels_atlas"},
				"up": {"uv": [9.5, 11, 10.5, 10.5], "rotation": 180, "texture": "#voxels_atlas"},
				"down": {"uv": [8.5, 10.5, 9.5, 11], "rotation": 180, "texture": "#voxels_atlas"}
			}
		},
		{
			"name": "Voxels",
			"from": [6.08621, 7.30403, 9.92247],
			"to": [7.15288, 7.83737, 10.4558],
			"rotation": {"angle": 0, "axis": "y", "origin": [8, 8, 8]},
			"faces": {
				"north": {"uv": [4.5, 10, 5.5, 10.5], "texture": "#voxels_atlas"},
				"east": {"uv": [9, 8.5, 9.5, 9], "texture": "#voxels_atlas"},
				"south": {"uv": [15.5, 10.5, 14.5, 11], "texture": "#voxels_atlas"},
				"west": {"uv": [10, 8.5, 9.5, 9], "texture": "#voxels_atlas"},
				"up": {"uv": [13.5, 11, 14.5, 10.5], "rotation": 180, "texture": "#voxels_atlas"},
				"down": {"uv": [12.5, 10.5, 13.5, 11], "rotation": 180, "texture": "#voxels_atlas"}
			}
		},
		{
			"name": "Voxels",
			"from": [5.01955, 7.83743, 10.45587],
			"to": [7.15288, 8.37077, 10.9892],
			"rotation": {"angle": 0, "axis": "y", "origin": [8, 8, 8]},
			"faces": {
				"north": {"uv": [14, 13.5, 16, 14], "texture": "#voxels_atlas"},
				"east": {"uv": [12, 8.5, 12.5, 9], "texture": "#voxels_atlas"},
				"south": {"uv": [14, 14, 12, 14.5], "texture": "#voxels_atlas"},
				"west": {"uv": [13, 8.5, 12.5, 9], "texture": "#voxels_atlas"},
				"up": {"uv": [3, 13.5, 5, 13], "rotation": 180, "texture": "#voxels_atlas"},
				"down": {"uv": [9, 13, 11, 13.5], "rotation": 180, "texture": "#voxels_atlas"}
			}
		},
		{
			"name": "Voxels",
			"from": [6.08621, 8.37073, 9.92247],
			"to": [7.15288, 8.90407, 10.4558],
			"rotation": {"angle": 0, "axis": "y", "origin": [8, 8, 8]},
			"faces": {
				"north": {"uv": [4.5, 6.5, 5.5, 7], "texture": "#voxels_atlas"},
				"east": {"uv": [15, 8.5, 15.5, 9], "texture": "#voxels_atlas"},
				"south": {"uv": [5.5, 7, 4.5, 7.5], "texture": "#voxels_atlas"},
				"west": {"uv": [16, 8.5, 15.5, 9], "texture": "#voxels_atlas"},
				"up": {"uv": [4.5, 8, 5.5, 7.5], "rotation": 180, "texture": "#voxels_atlas"},
				"down": {"uv": [4.5, 8, 5.5, 8.5], "rotation": 180, "texture": "#voxels_atlas"}
			}
		},
		{
			"name": "Voxels",
			"from": [5.55285, 7.30403, 10.45587],
			"to": [6.08618, 7.83737, 10.9892],
			"rotation": {"angle": 0, "axis": "y", "origin": [8, 8, 8]},
			"faces": {
				"north": {"uv": [7, 6.5, 7.5, 7], "texture": "#voxels_atlas"},
				"east": {"uv": [7, 6, 7.5, 6.5], "texture": "#voxels_atlas"},
				"south": {"uv": [7.5, 7, 7, 7.5], "texture": "#voxels_atlas"},
				"west": {"uv": [7.5, 5.5, 7, 6], "texture": "#voxels_atlas"},
				"up": {"uv": [7, 8, 7.5, 7.5], "rotation": 180, "texture": "#voxels_atlas"},
				"down": {"uv": [7, 8, 7.5, 8.5], "rotation": 180, "texture": "#voxels_atlas"}
			}
		},
		{
			"name": "Voxels",
			"from": [5.01951, 7.83743, 10.98917],
			"to": [6.08618, 8.37077, 11.5225],
			"rotation": {"angle": 0, "axis": "y", "origin": [8, 8, 8]},
			"faces": {
				"north": {"uv": [4.5, 5, 5.5, 5.5], "texture": "#voxels_atlas"},
				"east": {"uv": [7, 3, 7.5, 3.5], "texture": "#voxels_atlas"},
				"south": {"uv": [5.5, 5.5, 4.5, 6], "texture": "#voxels_atlas"},
				"west": {"uv": [7.5, 2.5, 7, 3], "texture": "#voxels_atlas"},
				"up": {"uv": [4.5, 6.5, 5.5, 6], "rotation": 180, "texture": "#voxels_atlas"},
				"down": {"uv": [4.5, 9.5, 5.5, 10], "rotation": 180, "texture": "#voxels_atlas"}
			}
		},
		{
			"name": "Voxels",
			"from": [5.55285, 8.37073, 10.45587],
			"to": [6.08618, 8.90407, 10.9892],
			"rotation": {"angle": 0, "axis": "y", "origin": [8, 8, 8]},
			"faces": {
				"north": {"uv": [7, 0.5, 7.5, 1], "texture": "#voxels_atlas"},
				"east": {"uv": [7, 0, 7.5, 0.5], "texture": "#voxels_atlas"},
				"south": {"uv": [7.5, 1, 7, 1.5], "texture": "#voxels_atlas"},
				"west": {"uv": [8, 8, 7.5, 8.5], "texture": "#voxels_atlas"},
				"up": {"uv": [7, 2, 7.5, 1.5], "rotation": 180, "texture": "#voxels_atlas"},
				"down": {"uv": [7, 2, 7.5, 2.5], "rotation": 180, "texture": "#voxels_atlas"}
			}
		},
		{
			"name": "Voxels",
			"from": [5.01955, 7.30403, 10.98917],
			"to": [5.55288, 7.83737, 11.5225],
			"rotation": {"angle": 0, "axis": "y", "origin": [8, 8, 8]},
			"faces": {
				"north": {"uv": [9.5, 8, 10, 8.5], "texture": "#voxels_atlas"},
				"east": {"uv": [10, 8, 10.5, 8.5], "texture": "#voxels_atlas"},
				"south": {"uv": [9.5, 8, 9, 8.5], "texture": "#voxels_atlas"},
				"west": {"uv": [11, 8, 10.5, 8.5], "texture": "#voxels_atlas"},
				"up": {"uv": [8.5, 8.5, 9, 8], "rotation": 180, "texture": "#voxels_atlas"},
				"down": {"uv": [8, 8, 8.5, 8.5], "rotation": 180, "texture": "#voxels_atlas"}
			}
		},
		{
			"name": "Voxels",
			"from": [4.48621, 7.83743, 11.52253],
			"to": [5.55288, 8.37077, 12.5892],
			"rotation": {"angle": 0, "axis": "y", "origin": [8, 8, 8]},
			"faces": {
				"north": {"uv": [4.5, 3, 5.5, 3.5], "texture": "#voxels_atlas"},
				"east": {"uv": [4.5, 2.5, 5.5, 3], "texture": "#voxels_atlas"},
				"south": {"uv": [5.5, 3.5, 4.5, 4], "texture": "#voxels_atlas"},
				"west": {"uv": [5.5, 2, 4.5, 2.5], "texture": "#voxels_atlas"},
				"up": {"uv": [1, 2.5, 2, 1.5], "rotation": 180, "texture": "#voxels_atlas"},
				"down": {"uv": [2, 12.5, 3, 13.5], "rotation": 180, "texture": "#voxels_atlas"}
			}
		},
		{
			"name": "Voxels",
			"from": [4.48621, 7.83743, 9.38917],
			"to": [5.55288, 8.37077, 9.9225],
			"rotation": {"angle": 0, "axis": "y", "origin": [8, 8, 8]},
			"faces": {
				"north": {"uv": [4.5, 0, 5.5, 0.5], "texture": "#voxels_atlas"},
				"east": {"uv": [7.5, 7.5, 8, 8], "texture": "#voxels_atlas"},
				"south": {"uv": [5.5, 0.5, 4.5, 1], "texture": "#voxels_atlas"},
				"west": {"uv": [8, 7, 7.5, 7.5], "texture": "#voxels_atlas"},
				"up": {"uv": [4.5, 1.5, 5.5, 1], "rotation": 180, "texture": "#voxels_atlas"},
				"down": {"uv": [4.5, 1.5, 5.5, 2], "rotation": 180, "texture": "#voxels_atlas"}
			}
		},
		{
			"name": "Voxels",
			"from": [5.01955, 8.37073, 10.98917],
			"to": [5.55288, 8.90407, 11.5225],
			"rotation": {"angle": 0, "axis": "y", "origin": [8, 8, 8]},
			"faces": {
				"north": {"uv": [7.5, 5, 8, 5.5], "texture": "#voxels_atlas"},
				"east": {"uv": [7.5, 4.5, 8, 5], "texture": "#voxels_atlas"},
				"south": {"uv": [8, 5.5, 7.5, 6], "texture": "#voxels_atlas"},
				"west": {"uv": [8, 4, 7.5, 4.5], "texture": "#voxels_atlas"},
				"up": {"uv": [7.5, 6.5, 8, 6], "rotation": 180, "texture": "#voxels_atlas"},
				"down": {"uv": [7.5, 6.5, 8, 7], "rotation": 180, "texture": "#voxels_atlas"}
			}
		},
		{
			"name": "Voxels",
			"from": [4.48625, 7.83743, 12.5892],
			"to": [5.01958, 8.37077, 14.1892],
			"rotation": {"angle": 0, "axis": "y", "origin": [8, 8, 8]},
			"faces": {
				"north": {"uv": [7.5, 2, 8, 2.5], "texture": "#voxels_atlas"},
				"east": {"uv": [6, 12, 7.5, 12.5], "texture": "#voxels_atlas"},
				"south": {"uv": [8, 2.5, 7.5, 3], "texture": "#voxels_atlas"},
				"west": {"uv": [6, 12, 4.5, 12.5], "texture": "#voxels_atlas"},
				"up": {"uv": [2.5, 9, 3, 7.5], "rotation": 180, "texture": "#voxels_atlas"},
				"down": {"uv": [2, 7.5, 2.5, 9], "rotation": 180, "texture": "#voxels_atlas"}
			}
		},
		{
			"name": "Voxels",
			"from": [3.95285, 7.83743, 8.85587],
			"to": [4.48618, 8.37077, 9.3892],
			"rotation": {"angle": 0, "axis": "y", "origin": [8, 8, 8]},
			"faces": {
				"north": {"uv": [8.5, 7.5, 9, 8], "texture": "#voxels_atlas"},
				"east": {"uv": [9, 7.5, 9.5, 8], "texture": "#voxels_atlas"},
				"south": {"uv": [8.5, 7.5, 8, 8], "texture": "#voxels_atlas"},
				"west": {"uv": [10, 7.5, 9.5, 8], "texture": "#voxels_atlas"},
				"up": {"uv": [7.5, 0.5, 8, 0], "rotation": 180, "texture": "#voxels_atlas"},
				"down": {"uv": [7.5, 0.5, 8, 1], "rotation": 180, "texture": "#voxels_atlas"}
			}
		},
		{
			"name": "Voxels",
			"from": [6.61951, 7.83743, 8.85587],
			"to": [7.68618, 8.37077, 9.3892],
			"rotation": {"angle": 0, "axis": "y", "origin": [8, 8, 8]},
			"faces": {
				"north": {"uv": [7.5, 10.5, 8.5, 11], "texture": "#voxels_atlas"},
				"east": {"uv": [6.5, 3.5, 7, 4], "texture": "#voxels_atlas"},
				"south": {"uv": [7.5, 10.5, 6.5, 11], "texture": "#voxels_atlas"},
				"west": {"uv": [7, 3, 6.5, 3.5], "texture": "#voxels_atlas"},
				"up": {"uv": [5.5, 11, 6.5, 10.5], "rotation": 180, "texture": "#voxels_atlas"},
				"down": {"uv": [4.5, 10.5, 5.5, 11], "rotation": 180, "texture": "#voxels_atlas"}
			}
		},
		{
			"name": "Voxels",
			"from": [7.69407, 7.84521, 9.38917],
			"to": [8.2274, 9.97854, 9.9225],
			"rotation": {"angle": 0, "axis": "y", "origin": [8, 8, 8]},
			"faces": {
				"north": {"uv": [2, 13.5, 4, 14], "rotation": 270, "texture": "#voxels_atlas"},
				"east": {"uv": [6, 14, 8, 13.5], "rotation": 270, "texture": "#voxels_atlas"},
				"south": {"uv": [6, 13.5, 4, 14], "rotation": 90, "texture": "#voxels_atlas"},
				"west": {"uv": [10, 13.5, 12, 14], "rotation": 270, "texture": "#voxels_atlas"},
				"up": {"uv": [13, 9, 12.5, 9.5], "rotation": 90, "texture": "#voxels_atlas"},
				"down": {"uv": [12, 9, 12.5, 9.5], "rotation": 90, "texture": "#voxels_atlas"}
			}
		},
		{
			"name": "Voxels",
			"from": [7.16067, 8.37861, 9.38917],
			"to": [7.694, 9.44528, 9.9225],
			"rotation": {"angle": 0, "axis": "y", "origin": [8, 8, 8]},
			"faces": {
				"north": {"uv": [12, 11, 13, 11.5], "rotation": 270, "texture": "#voxels_atlas"},
				"east": {"uv": [10, 11.5, 11, 11], "rotation": 270, "texture": "#voxels_atlas"},
				"south": {"uv": [12, 11, 11, 11.5], "rotation": 90, "texture": "#voxels_atlas"},
				"west": {"uv": [8.5, 10, 9.5, 10.5], "rotation": 270, "texture": "#voxels_atlas"},
				"up": {"uv": [16, 9, 15.5, 9.5], "rotation": 90, "texture": "#voxels_atlas"},
				"down": {"uv": [15, 9, 15.5, 9.5], "rotation": 90, "texture": "#voxels_atlas"}
			}
		},
		{
			"name": "Voxels",
			"from": [7.69407, 8.37861, 9.92247],
			"to": [8.2274, 10.51194, 10.4558],
			"rotation": {"angle": 0, "axis": "y", "origin": [8, 8, 8]},
			"faces": {
				"north": {"uv": [11, 13, 13, 13.5], "rotation": 270, "texture": "#voxels_atlas"},
				"east": {"uv": [10, 14.5, 12, 14], "rotation": 270, "texture": "#voxels_atlas"},
				"south": {"uv": [12, 14.5, 10, 15], "rotation": 90, "texture": "#voxels_atlas"},
				"west": {"uv": [12, 14.5, 14, 15], "rotation": 270, "texture": "#voxels_atlas"},
				"up": {"uv": [7, 6, 6.5, 6.5], "rotation": 90, "texture": "#voxels_atlas"},
				"down": {"uv": [6.5, 6.5, 7, 7], "rotation": 90, "texture": "#voxels_atlas"}
			}
		},
		{
			"name": "Voxels",
			"from": [8.22737, 8.37861, 9.38917],
			"to": [8.7607, 9.44528, 9.9225],
			"rotation": {"angle": 0, "axis": "y", "origin": [8, 8, 8]},
			"faces": {
				"north": {"uv": [11.5, 10.5, 12.5, 11], "rotation": 270, "texture": "#voxels_atlas"},
				"east": {"uv": [9.5, 11, 10.5, 10.5], "rotation": 270, "texture": "#voxels_atlas"},
				"south": {"uv": [11.5, 10.5, 10.5, 11], "rotation": 90, "texture": "#voxels_atlas"},
				"west": {"uv": [8.5, 10.5, 9.5, 11], "rotation": 270, "texture": "#voxels_atlas"},
				"up": {"uv": [7, 0, 6.5, 0.5], "rotation": 90, "texture": "#voxels_atlas"},
				"down": {"uv": [6.5, 0.5, 7, 1], "rotation": 90, "texture": "#voxels_atlas"}
			}
		},
		{
			"name": "Voxels",
			"from": [7.16067, 8.91191, 9.92247],
			"to": [7.694, 9.97858, 10.4558],
			"rotation": {"angle": 0, "axis": "y", "origin": [8, 8, 8]},
			"faces": {
				"north": {"uv": [4.5, 10, 5.5, 10.5], "rotation": 270, "texture": "#voxels_atlas"},
				"east": {"uv": [13.5, 11, 14.5, 10.5], "rotation": 270, "texture": "#voxels_atlas"},
				"south": {"uv": [15.5, 10.5, 14.5, 11], "rotation": 90, "texture": "#voxels_atlas"},
				"west": {"uv": [12.5, 10.5, 13.5, 11], "rotation": 270, "texture": "#voxels_atlas"},
				"up": {"uv": [10, 8.5, 9.5, 9], "rotation": 90, "texture": "#voxels_atlas"},
				"down": {"uv": [9, 8.5, 9.5, 9], "rotation": 90, "texture": "#voxels_atlas"}
			}
		},
		{
			"name": "Voxels",
			"from": [7.69407, 8.91191, 10.45587],
			"to": [8.2274, 11.04524, 10.9892],
			"rotation": {"angle": 0, "axis": "y", "origin": [8, 8, 8]},
			"faces": {
				"north": {"uv": [14, 13.5, 16, 14], "rotation": 270, "texture": "#voxels_atlas"},
				"east": {"uv": [3, 13.5, 5, 13], "rotation": 270, "texture": "#voxels_atlas"},
				"south": {"uv": [14, 14, 12, 14.5], "rotation": 90, "texture": "#voxels_atlas"},
				"west": {"uv": [9, 13, 11, 13.5], "rotation": 270, "texture": "#voxels_atlas"},
				"up": {"uv": [13, 8.5, 12.5, 9], "rotation": 90, "texture": "#voxels_atlas"},
				"down": {"uv": [12, 8.5, 12.5, 9], "rotation": 90, "texture": "#voxels_atlas"}
			}
		},
		{
			"name": "Voxels",
			"from": [8.22737, 8.91191, 9.92247],
			"to": [8.7607, 9.97858, 10.4558],
			"rotation": {"angle": 0, "axis": "y", "origin": [8, 8, 8]},
			"faces": {
				"north": {"uv": [4.5, 6.5, 5.5, 7], "rotation": 270, "texture": "#voxels_atlas"},
				"east": {"uv": [4.5, 8, 5.5, 7.5], "rotation": 270, "texture": "#voxels_atlas"},
				"south": {"uv": [5.5, 7, 4.5, 7.5], "rotation": 90, "texture": "#voxels_atlas"},
				"west": {"uv": [4.5, 8, 5.5, 8.5], "rotation": 270, "texture": "#voxels_atlas"},
				"up": {"uv": [16, 8.5, 15.5, 9], "rotation": 90, "texture": "#voxels_atlas"},
				"down": {"uv": [15, 8.5, 15.5, 9], "rotation": 90, "texture": "#voxels_atlas"}
			}
		},
		{
			"name": "Voxels",
			"from": [7.16067, 9.97861, 10.45587],
			"to": [7.694, 10.51194, 10.9892],
			"rotation": {"angle": 0, "axis": "y", "origin": [8, 8, 8]},
			"faces": {
				"north": {"uv": [7, 6.5, 7.5, 7], "rotation": 270, "texture": "#voxels_atlas"},
				"east": {"uv": [7, 8, 7.5, 7.5], "rotation": 270, "texture": "#voxels_atlas"},
				"south": {"uv": [7.5, 7, 7, 7.5], "rotation": 90, "texture": "#voxels_atlas"},
				"west": {"uv": [7, 8, 7.5, 8.5], "rotation": 270, "texture": "#voxels_atlas"},
				"up": {"uv": [7.5, 5.5, 7, 6], "rotation": 90, "texture": "#voxels_atlas"},
				"down": {"uv": [7, 6, 7.5, 6.5], "rotation": 90, "texture": "#voxels_atlas"}
			}
		},
		{
			"name": "Voxels",
			"from": [7.69407, 9.97861, 10.98917],
			"to": [8.2274, 11.04528, 11.5225],
			"rotation": {"angle": 0, "axis": "y", "origin": [8, 8, 8]},
			"faces": {
				"north": {"uv": [4.5, 5, 5.5, 5.5], "rotation": 270, "texture": "#voxels_atlas"},
				"east": {"uv": [4.5, 6.5, 5.5, 6], "rotation": 270, "texture": "#voxels_atlas"},
				"south": {"uv": [5.5, 5.5, 4.5, 6], "rotation": 90, "texture": "#voxels_atlas"},
				"west": {"uv": [4.5, 9.5, 5.5, 10], "rotation": 270, "texture": "#voxels_atlas"},
				"up": {"uv": [7.5, 2.5, 7, 3], "rotation": 90, "texture": "#voxels_atlas"},
				"down": {"uv": [7, 3, 7.5, 3.5], "rotation": 90, "texture": "#voxels_atlas"}
			}
		},
		{
			"name": "Voxels",
			"from": [8.22737, 9.97861, 10.45587],
			"to": [8.7607, 10.51194, 10.9892],
			"rotation": {"angle": 0, "axis": "y", "origin": [8, 8, 8]},
			"faces": {
				"north": {"uv": [7, 0.5, 7.5, 1], "rotation": 270, "texture": "#voxels_atlas"},
				"east": {"uv": [7, 2, 7.5, 1.5], "rotation": 270, "texture": "#voxels_atlas"},
				"south": {"uv": [7.5, 1, 7, 1.5], "rotation": 90, "texture": "#voxels_atlas"},
				"west": {"uv": [7, 2, 7.5, 2.5], "rotation": 270, "texture": "#voxels_atlas"},
				"up": {"uv": [8, 8, 7.5, 8.5], "rotation": 90, "texture": "#voxels_atlas"},
				"down": {"uv": [7, 0, 7.5, 0.5], "rotation": 90, "texture": "#voxels_atlas"}
			}
		},
		{
			"name": "Voxels",
			"from": [7.16067, 10.51191, 10.98917],
			"to": [7.694, 11.04524, 11.5225],
			"rotation": {"angle": 0, "axis": "y", "origin": [8, 8, 8]},
			"faces": {
				"north": {"uv": [9.5, 8, 10, 8.5], "rotation": 270, "texture": "#voxels_atlas"},
				"east": {"uv": [8.5, 8.5, 9, 8], "rotation": 270, "texture": "#voxels_atlas"},
				"south": {"uv": [9.5, 8, 9, 8.5], "rotation": 90, "texture": "#voxels_atlas"},
				"west": {"uv": [8, 8, 8.5, 8.5], "rotation": 270, "texture": "#voxels_atlas"},
				"up": {"uv": [11, 8, 10.5, 8.5], "rotation": 90, "texture": "#voxels_atlas"},
				"down": {"uv": [10, 8, 10.5, 8.5], "rotation": 90, "texture": "#voxels_atlas"}
			}
		},
		{
			"name": "Voxels",
			"from": [7.69407, 10.51191, 11.52253],
			"to": [8.2274, 11.57858, 12.5892],
			"rotation": {"angle": 0, "axis": "y", "origin": [8, 8, 8]},
			"faces": {
				"north": {"uv": [4.5, 3, 5.5, 3.5], "rotation": 270, "texture": "#voxels_atlas"},
				"east": {"uv": [1, 2.5, 2, 1.5], "rotation": 270, "texture": "#voxels_atlas"},
				"south": {"uv": [5.5, 3.5, 4.5, 4], "rotation": 90, "texture": "#voxels_atlas"},
				"west": {"uv": [2, 12.5, 3, 13.5], "rotation": 270, "texture": "#voxels_atlas"},
				"up": {"uv": [5.5, 2, 4.5, 2.5], "rotation": 90, "texture": "#voxels_atlas"},
				"down": {"uv": [4.5, 2.5, 5.5, 3], "rotation": 90, "texture": "#voxels_atlas"}
			}
		},
		{
			"name": "Voxels",
			"from": [7.69407, 10.51191, 9.38917],
			"to": [8.2274, 11.57858, 9.9225],
			"rotation": {"angle": 0, "axis": "y", "origin": [8, 8, 8]},
			"faces": {
				"north": {"uv": [4.5, 0, 5.5, 0.5], "rotation": 270, "texture": "#voxels_atlas"},
				"east": {"uv": [4.5, 1.5, 5.5, 1], "rotation": 270, "texture": "#voxels_atlas"},
				"south": {"uv": [5.5, 0.5, 4.5, 1], "rotation": 90, "texture": "#voxels_atlas"},
				"west": {"uv": [4.5, 1.5, 5.5, 2], "rotation": 270, "texture": "#voxels_atlas"},
				"up": {"uv": [8, 7, 7.5, 7.5], "rotation": 90, "texture": "#voxels_atlas"},
				"down": {"uv": [7.5, 7.5, 8, 8], "rotation": 90, "texture": "#voxels_atlas"}
			}
		},
		{
			"name": "Voxels",
			"from": [8.22737, 10.51191, 10.98917],
			"to": [8.7607, 11.04524, 11.5225],
			"rotation": {"angle": 0, "axis": "y", "origin": [8, 8, 8]},
			"faces": {
				"north": {"uv": [7.5, 5, 8, 5.5], "rotation": 270, "texture": "#voxels_atlas"},
				"east": {"uv": [7.5, 6.5, 8, 6], "rotation": 270, "texture": "#voxels_atlas"},
				"south": {"uv": [8, 5.5, 7.5, 6], "rotation": 90, "texture": "#voxels_atlas"},
				"west": {"uv": [7.5, 6.5, 8, 7], "rotation": 270, "texture": "#voxels_atlas"},
				"up": {"uv": [8, 4, 7.5, 4.5], "rotation": 90, "texture": "#voxels_atlas"},
				"down": {"uv": [7.5, 4.5, 8, 5], "rotation": 90, "texture": "#voxels_atlas"}
			}
		},
		{
			"name": "Voxels",
			"from": [7.69407, 11.04521, 12.5892],
			"to": [8.2274, 11.57854, 14.1892],
			"rotation": {"angle": 0, "axis": "y", "origin": [8, 8, 8]},
			"faces": {
				"north": {"uv": [7.5, 2, 8, 2.5], "rotation": 270, "texture": "#voxels_atlas"},
				"east": {"uv": [2.5, 9, 3, 7.5], "rotation": 270, "texture": "#voxels_atlas"},
				"south": {"uv": [8, 2.5, 7.5, 3], "rotation": 90, "texture": "#voxels_atlas"},
				"west": {"uv": [2, 7.5, 2.5, 9], "rotation": 270, "texture": "#voxels_atlas"},
				"up": {"uv": [6, 12, 4.5, 12.5], "rotation": 90, "texture": "#voxels_atlas"},
				"down": {"uv": [6, 12, 7.5, 12.5], "rotation": 90, "texture": "#voxels_atlas"}
			}
		},
		{
			"name": "Voxels",
			"from": [7.69407, 11.57861, 8.85587],
			"to": [8.2274, 12.11194, 9.3892],
			"rotation": {"angle": 0, "axis": "y", "origin": [8, 8, 8]},
			"faces": {
				"north": {"uv": [8.5, 7.5, 9, 8], "rotation": 270, "texture": "#voxels_atlas"},
				"east": {"uv": [7.5, 0.5, 8, 0], "rotation": 270, "texture": "#voxels_atlas"},
				"south": {"uv": [8.5, 7.5, 8, 8], "rotation": 90, "texture": "#voxels_atlas"},
				"west": {"uv": [7.5, 0.5, 8, 1], "rotation": 270, "texture": "#voxels_atlas"},
				"up": {"uv": [10, 7.5, 9.5, 8], "rotation": 90, "texture": "#voxels_atlas"},
				"down": {"uv": [9, 7.5, 9.5, 8], "rotation": 90, "texture": "#voxels_atlas"}
			}
		},
		{
			"name": "Voxels",
			"from": [7.69407, 8.37861, 8.85587],
			"to": [8.2274, 9.44528, 9.3892],
			"rotation": {"angle": 0, "axis": "y", "origin": [8, 8, 8]},
			"faces": {
				"north": {"uv": [7.5, 10.5, 8.5, 11], "rotation": 270, "texture": "#voxels_atlas"},
				"east": {"uv": [5.5, 11, 6.5, 10.5], "rotation": 270, "texture": "#voxels_atlas"},
				"south": {"uv": [7.5, 10.5, 6.5, 11], "rotation": 90, "texture": "#voxels_atlas"},
				"west": {"uv": [4.5, 10.5, 5.5, 11], "rotation": 270, "texture": "#voxels_atlas"},
				"up": {"uv": [7, 3, 6.5, 3.5], "rotation": 90, "texture": "#voxels_atlas"},
				"down": {"uv": [6.5, 3.5, 7, 4], "rotation": 90, "texture": "#voxels_atlas"}
			}
		}
	],
	"gui_light": "front",
	"display": {
		"thirdperson_righthand": {
			"rotation": [-90, 0, 90],
			"translation": [0, 10.5, 1.5],
			"scale": [1.7, 1.7, 1.7]
		},
		"thirdperson_lefthand": {
			"rotation": [-90, 0, 90],
			"translation": [0, 10.5, 1.5],
			"scale": [1.7, 1.7, 1.7]
		},
		"firstperson_righthand": {
			"rotation": [-90, 0, 90],
			"translation": [2.75, 9, -1.5],
			"scale": [1.7, 1.7, 1.7]
		},
		"firstperson_lefthand": {
			"rotation": [-90, 0, 90],
			"translation": [2.75, 9, -1.5],
			"scale": [1.7, 1.7, 1.7]
		},
		"ground": {
			"scale": [1.7, 1.7, 1.7]
		},
		"gui": {
			"rotation": [-69, 45, 0],
			"translation": [2.5, 1.25, -1.25]
		},
		"fixed": {
			"rotation": [-90, -45, 0],
			"translation": [-2.5, 2.5, -1.25],
			"scale": [1.2, 1.2, 1.2]
		}
	},
	"groups": [
		0,
		1,
		2,
		3,
		4,
		5,
		6,
		7,
		8,
		9,
		10,
		11,
		12,
		13,
		14,
		15,
		16,
		17,
		18,
		19,
		20,
		21,
		22,
		23,
		24,
		25,
		26,
		27,
		28,
		29,
		30,
		31,
		32,
		33,
		34,
		35,
		36,
		37,
		38,
		39,
		40,
		41,
		42,
		43,
		44,
		45,
		{
			"name": "group",
			"origin": [6.78942, 7.95345, 7.70794],
			"color": 0,
			"children": [46, 47, 48, 49, 50, 51, 52, 53, 54, 55, 56, 57, 58, 59, 60, 61, 62]
		},
		{
			"name": "group",
			"origin": [6.78942, 7.95345, 7.70794],
			"color": 0,
			"children": [63, 64, 65, 66, 67, 68, 69, 70, 71, 72, 73, 74, 75, 76, 77, 78, 79, 80, 81]
		},
		{
			"name": "group",
			"origin": [6.78942, 7.95345, 7.70794],
			"color": 0,
			"children": [82, 83, 84, 85, 86, 87, 88, 89, 90, 91, 92, 93, 94, 95, 96, 97, 98]
		},
		{
			"name": "group",
			"origin": [6.78942, 7.95345, 7.70794],
			"color": 0,
			"children": [99, 100, 101, 102, 103, 104, 105, 106, 107, 108, 109, 110, 111, 112, 113, 114, 115]
		}
	]
}