{
	"credit": "Made with Blockbench",
	"texture_size": [32, 32],
	"textures": {
		"0": "forest_pack:stump",
		"particle": "forest_pack:stump"
	},
	"elements": [
		{
			"from": [4.5, 3.75, 4.5],
			"to": [11.5, 9.75, 11.5],
			"rotation": {"angle": 0, "axis": "y", "origin": [8, 8, 8]},
			"faces": {
				"north": {"uv": [3.5, 0, 7, 3], "texture": "#0"},
				"east": {"uv": [3.5, 3, 7, 6], "texture": "#0"},
				"south": {"uv": [3.5, 0, 7, 3], "texture": "#0"},
				"west": {"uv": [3.5, 3, 7, 6], "texture": "#0"},
				"up": {"uv": [3.5, 3.5, 0, 0], "texture": "#0"},
				"down": {"uv": [3.5, 3.5, 0, 7], "texture": "#0"}
			}
		},
		{
			"name": "Voxels",
			"from": [4.03814, 2.0856, 7.73331],
			"to": [4.57147, 4.21893, 8.26664],
			"rotation": {"angle": -22.5, "axis": "z", "origin": [8.06763, 4.25254, 7.76473]},
			"faces": {
				"north": {"uv": [7, 0, 7.25, 1], "texture": "#0"},
				"east": {"uv": [7, 1, 7.25, 2], "texture": "#0"},
				"south": {"uv": [7, 2, 7.25, 3], "texture": "#0"},
				"west": {"uv": [7, 3, 7.25, 4], "texture": "#0"},
				"up": {"uv": [8.75, 5.75, 8.5, 5.5], "texture": "#0"},
				"down": {"uv": [8.75, 6, 8.5, 6.25], "texture": "#0"}
			}
		},
		{
			"name": "Voxels",
			"from": [4.03814, 2.61886, 8.26671],
			"to": [4.57147, 3.68553, 8.80004],
			"rotation": {"angle": -22.5, "axis": "z", "origin": [8.06763, 4.25254, 7.76473]},
			"faces": {
				"north": {"uv": [7.5, 7, 7.75, 7.5], "texture": "#0"},
				"east": {"uv": [7.5, 7.5, 7.75, 8], "texture": "#0"},
				"south": {"uv": [8, 0, 8.25, 0.5], "texture": "#0"},
				"west": {"uv": [8, 0.5, 8.25, 1], "texture": "#0"},
				"up": {"uv": [8.75, 6.75, 8.5, 6.5], "texture": "#0"},
				"down": {"uv": [7.25, 8.5, 7, 8.75], "texture": "#0"}
			}
		},
		{
			"name": "Voxels",
			"from": [3.50484, 1.5522, 7.73331],
			"to": [4.03817, 3.68553, 8.26664],
			"rotation": {"angle": -22.5, "axis": "z", "origin": [8.06763, 4.25254, 7.76473]},
			"faces": {
				"north": {"uv": [7, 4, 7.25, 5], "texture": "#0"},
				"east": {"uv": [7, 5, 7.25, 6], "texture": "#0"},
				"south": {"uv": [7, 6, 7.25, 7], "texture": "#0"},
				"west": {"uv": [7, 7, 7.25, 8], "texture": "#0"},
				"up": {"uv": [8.75, 7.25, 8.5, 7], "texture": "#0"},
				"down": {"uv": [7.75, 8.5, 7.5, 8.75], "texture": "#0"}
			}
		},
		{
			"name": "Voxels",
			"from": [4.03814, 2.61886, 7.20001],
			"to": [4.57147, 3.68553, 7.73334],
			"rotation": {"angle": -22.5, "axis": "z", "origin": [8.06763, 4.25254, 7.76473]},
			"faces": {
				"north": {"uv": [8, 1, 8.25, 1.5], "texture": "#0"},
				"east": {"uv": [8, 1.5, 8.25, 2], "texture": "#0"},
				"south": {"uv": [8, 2, 8.25, 2.5], "texture": "#0"},
				"west": {"uv": [8, 2.5, 8.25, 3], "texture": "#0"},
				"up": {"uv": [8.75, 7.75, 8.5, 7.5], "texture": "#0"},
				"down": {"uv": [8.25, 8.5, 8, 8.75], "texture": "#0"}
			}
		},
		{
			"name": "Voxels",
			"from": [3.50484, 2.08556, 8.26671],
			"to": [4.03817, 3.15223, 8.80004],
			"rotation": {"angle": -22.5, "axis": "z", "origin": [8.06763, 4.25254, 7.76473]},
			"faces": {
				"north": {"uv": [8, 3, 8.25, 3.5], "texture": "#0"},
				"east": {"uv": [8, 3.5, 8.25, 4], "texture": "#0"},
				"south": {"uv": [8, 4, 8.25, 4.5], "texture": "#0"},
				"west": {"uv": [8, 4.5, 8.25, 5], "texture": "#0"},
				"up": {"uv": [8.75, 8.25, 8.5, 8], "texture": "#0"},
				"down": {"uv": [8.75, 8.5, 8.5, 8.75], "texture": "#0"}
			}
		},
		{
			"name": "Voxels",
			"from": [2.97144, 1.0189, 7.73331],
			"to": [3.50477, 3.15223, 8.26664],
			"rotation": {"angle": -22.5, "axis": "z", "origin": [8.06763, 4.25254, 7.76473]},
			"faces": {
				"north": {"uv": [7.5, 0, 7.75, 1], "texture": "#0"},
				"east": {"uv": [7.5, 1, 7.75, 2], "texture": "#0"},
				"south": {"uv": [7.5, 2, 7.75, 3], "texture": "#0"},
				"west": {"uv": [7.5, 3, 7.75, 4], "texture": "#0"},
				"up": {"uv": [9.25, 0.25, 9, 0], "texture": "#0"},
				"down": {"uv": [9.25, 0.5, 9, 0.75], "texture": "#0"}
			}
		},
		{
			"name": "Voxels",
			"from": [3.50484, 2.08556, 7.20001],
			"to": [4.03817, 3.15223, 7.73334],
			"rotation": {"angle": -22.5, "axis": "z", "origin": [8.06763, 4.25254, 7.76473]},
			"faces": {
				"north": {"uv": [7, 8, 7.25, 8.5], "texture": "#0"},
				"east": {"uv": [8, 7, 8.25, 7.5], "texture": "#0"},
				"south": {"uv": [7.5, 8, 7.75, 8.5], "texture": "#0"},
				"west": {"uv": [8, 7.5, 8.25, 8], "texture": "#0"},
				"up": {"uv": [9.25, 1.25, 9, 1], "texture": "#0"},
				"down": {"uv": [9.25, 1.5, 9, 1.75], "texture": "#0"}
			}
		},
		{
			"name": "Voxels",
			"from": [2.97144, 1.5522, 8.26671],
			"to": [3.50477, 2.08553, 8.80004],
			"rotation": {"angle": -22.5, "axis": "z", "origin": [8.06763, 4.25254, 7.76473]},
			"faces": {
				"north": {"uv": [9, 2, 9.25, 2.25], "texture": "#0"},
				"east": {"uv": [9, 2.5, 9.25, 2.75], "texture": "#0"},
				"south": {"uv": [9, 3, 9.25, 3.25], "texture": "#0"},
				"west": {"uv": [3.5, 9, 3.75, 9.25], "texture": "#0"},
				"up": {"uv": [9.25, 3.75, 9, 3.5], "texture": "#0"},
				"down": {"uv": [4.25, 9, 4, 9.25], "texture": "#0"}
			}
		},
		{
			"name": "Voxels",
			"from": [2.43814, 1.01886, 7.73331],
			"to": [2.97147, 2.08553, 8.26664],
			"rotation": {"angle": -22.5, "axis": "z", "origin": [8.06763, 4.25254, 7.76473]},
			"faces": {
				"north": {"uv": [8, 8, 8.25, 8.5], "texture": "#0"},
				"east": {"uv": [8.5, 0, 8.75, 0.5], "texture": "#0"},
				"south": {"uv": [8.5, 0.5, 8.75, 1], "texture": "#0"},
				"west": {"uv": [8.5, 1, 8.75, 1.5], "texture": "#0"},
				"up": {"uv": [9.25, 4.25, 9, 4], "texture": "#0"},
				"down": {"uv": [4.75, 9, 4.5, 9.25], "texture": "#0"}
			}
		},
		{
			"name": "Voxels",
			"from": [2.97144, 1.5522, 7.20001],
			"to": [3.50477, 2.08553, 7.73334],
			"rotation": {"angle": -22.5, "axis": "z", "origin": [8.06763, 4.25254, 7.76473]},
			"faces": {
				"north": {"uv": [9, 4.5, 9.25, 4.75], "texture": "#0"},
				"east": {"uv": [5, 9, 5.25, 9.25], "texture": "#0"},
				"south": {"uv": [9, 5, 9.25, 5.25], "texture": "#0"},
				"west": {"uv": [5.5, 9, 5.75, 9.25], "texture": "#0"},
				"up": {"uv": [9.25, 5.75, 9, 5.5], "texture": "#0"},
				"down": {"uv": [6.25, 9, 6, 9.25], "texture": "#0"}
			}
		},
		{
			"name": "Voxels",
			"from": [2.43814, 1.0189, 8.26671],
			"to": [2.97147, 1.55223, 8.80004],
			"rotation": {"angle": -22.5, "axis": "z", "origin": [8.06763, 4.25254, 7.76473]},
			"faces": {
				"north": {"uv": [9, 6, 9.25, 6.25], "texture": "#0"},
				"east": {"uv": [6.5, 9, 6.75, 9.25], "texture": "#0"},
				"south": {"uv": [9, 6.5, 9.25, 6.75], "texture": "#0"},
				"west": {"uv": [7, 9, 7.25, 9.25], "texture": "#0"},
				"up": {"uv": [9.25, 7.25, 9, 7], "texture": "#0"},
				"down": {"uv": [7.75, 9, 7.5, 9.25], "texture": "#0"}
			}
		},
		{
			"name": "Voxels",
			"from": [1.37144, 0.48556, 7.73331],
			"to": [2.43811, 1.55223, 8.26664],
			"rotation": {"angle": -22.5, "axis": "z", "origin": [8.06763, 4.25254, 7.76473]},
			"faces": {
				"north": {"uv": [7.5, 4, 8, 4.5], "texture": "#0"},
				"east": {"uv": [8.5, 1.5, 8.75, 2], "texture": "#0"},
				"south": {"uv": [7.5, 4.5, 8, 5], "texture": "#0"},
				"west": {"uv": [8.5, 2, 8.75, 2.5], "texture": "#0"},
				"up": {"uv": [9, 2.75, 8.5, 2.5], "texture": "#0"},
				"down": {"uv": [9, 3, 8.5, 3.25], "texture": "#0"}
			}
		},
		{
			"name": "Voxels",
			"from": [2.43814, 1.0189, 7.20001],
			"to": [2.97147, 1.55223, 7.73334],
			"rotation": {"angle": -22.5, "axis": "z", "origin": [8.06763, 4.25254, 7.76473]},
			"faces": {
				"north": {"uv": [9, 7.5, 9.25, 7.75], "texture": "#0"},
				"east": {"uv": [8, 9, 8.25, 9.25], "texture": "#0"},
				"south": {"uv": [9, 8, 9.25, 8.25], "texture": "#0"},
				"west": {"uv": [8.5, 9, 8.75, 9.25], "texture": "#0"},
				"up": {"uv": [9.25, 8.75, 9, 8.5], "texture": "#0"},
				"down": {"uv": [9.25, 9, 9, 9.25], "texture": "#0"}
			}
		},
		{
			"name": "Voxels",
			"from": [-0.22856, 0.4856, 7.73331],
			"to": [1.37144, 1.01893, 8.26664],
			"rotation": {"angle": -22.5, "axis": "z", "origin": [8.06763, 4.25254, 7.76473]},
			"faces": {
				"north": {"uv": [7.5, 5, 8.25, 5.25], "texture": "#0"},
				"east": {"uv": [9.5, 0, 9.75, 0.25], "texture": "#0"},
				"south": {"uv": [7.5, 5.5, 8.25, 5.75], "texture": "#0"},
				"west": {"uv": [9.5, 0.5, 9.75, 0.75], "texture": "#0"},
				"up": {"uv": [8.25, 6.25, 7.5, 6], "texture": "#0"},
				"down": {"uv": [8.25, 6.5, 7.5, 6.75], "texture": "#0"}
			}
		},
		{
			"name": "Voxels",
			"from": [4.57144, 2.61886, 7.73331],
			"to": [5.10477, 3.68553, 8.26664],
			"rotation": {"angle": -22.5, "axis": "z", "origin": [8.06763, 4.25254, 7.76473]},
			"faces": {
				"north": {"uv": [8.5, 3.5, 8.75, 4], "texture": "#0"},
				"east": {"uv": [8.5, 4, 8.75, 4.5], "texture": "#0"},
				"south": {"uv": [8.5, 4.5, 8.75, 5], "texture": "#0"},
				"west": {"uv": [8.5, 5, 8.75, 5.5], "texture": "#0"},
				"up": {"uv": [9.75, 1.25, 9.5, 1], "texture": "#0"},
				"down": {"uv": [9.75, 1.5, 9.5, 1.75], "texture": "#0"}
			}
		},
		{
			"name": "Voxels",
			"from": [7.56573, 2.0856, 3.73524],
			"to": [8.09906, 4.21893, 4.26857],
			"rotation": {"angle": 22.5, "axis": "x", "origin": [8.06763, 4.25254, 7.76473]},
			"faces": {
				"north": {"uv": [7, 3, 7.25, 4], "texture": "#0"},
				"east": {"uv": [7, 0, 7.25, 1], "texture": "#0"},
				"south": {"uv": [7, 1, 7.25, 2], "texture": "#0"},
				"west": {"uv": [7, 2, 7.25, 3], "texture": "#0"},
				"up": {"uv": [8.75, 5.75, 8.5, 5.5], "rotation": 90, "texture": "#0"},
				"down": {"uv": [8.75, 6, 8.5, 6.25], "rotation": 270, "texture": "#0"}
			}
		},
		{
			"name": "Voxels",
			"from": [7.03233, 2.61886, 3.73524],
			"to": [7.56566, 3.68553, 4.26857],
			"rotation": {"angle": 22.5, "axis": "x", "origin": [8.06763, 4.25254, 7.76473]},
			"faces": {
				"north": {"uv": [8, 0.5, 8.25, 1], "texture": "#0"},
				"east": {"uv": [7.5, 7, 7.75, 7.5], "texture": "#0"},
				"south": {"uv": [7.5, 7.5, 7.75, 8], "texture": "#0"},
				"west": {"uv": [8, 0, 8.25, 0.5], "texture": "#0"},
				"up": {"uv": [8.75, 6.75, 8.5, 6.5], "rotation": 90, "texture": "#0"},
				"down": {"uv": [7.25, 8.5, 7, 8.75], "rotation": 270, "texture": "#0"}
			}
		},
		{
			"name": "Voxels",
			"from": [7.56573, 1.5522, 3.20194],
			"to": [8.09906, 3.68553, 3.73527],
			"rotation": {"angle": 22.5, "axis": "x", "origin": [8.06763, 4.25254, 7.76473]},
			"faces": {
				"north": {"uv": [7, 7, 7.25, 8], "texture": "#0"},
				"east": {"uv": [7, 4, 7.25, 5], "texture": "#0"},
				"south": {"uv": [7, 5, 7.25, 6], "texture": "#0"},
				"west": {"uv": [7, 6, 7.25, 7], "texture": "#0"},
				"up": {"uv": [8.75, 7.25, 8.5, 7], "rotation": 90, "texture": "#0"},
				"down": {"uv": [7.75, 8.5, 7.5, 8.75], "rotation": 270, "texture": "#0"}
			}
		},
		{
			"name": "Voxels",
			"from": [8.09903, 2.61886, 3.73524],
			"to": [8.63236, 3.68553, 4.26857],
			"rotation": {"angle": 22.5, "axis": "x", "origin": [8.06763, 4.25254, 7.76473]},
			"faces": {
				"north": {"uv": [8, 2.5, 8.25, 3], "texture": "#0"},
				"east": {"uv": [8, 1, 8.25, 1.5], "texture": "#0"},
				"south": {"uv": [8, 1.5, 8.25, 2], "texture": "#0"},
				"west": {"uv": [8, 2, 8.25, 2.5], "texture": "#0"},
				"up": {"uv": [8.75, 7.75, 8.5, 7.5], "rotation": 90, "texture": "#0"},
				"down": {"uv": [8.25, 8.5, 8, 8.75], "rotation": 270, "texture": "#0"}
			}
		},
		{
			"name": "Voxels",
			"from": [7.03233, 2.08556, 3.20194],
			"to": [7.56566, 3.15223, 3.73527],
			"rotation": {"angle": 22.5, "axis": "x", "origin": [8.06763, 4.25254, 7.76473]},
			"faces": {
				"north": {"uv": [8, 4.5, 8.25, 5], "texture": "#0"},
				"east": {"uv": [8, 3, 8.25, 3.5], "texture": "#0"},
				"south": {"uv": [8, 3.5, 8.25, 4], "texture": "#0"},
				"west": {"uv": [8, 4, 8.25, 4.5], "texture": "#0"},
				"up": {"uv": [8.75, 8.25, 8.5, 8], "rotation": 90, "texture": "#0"},
				"down": {"uv": [8.75, 8.5, 8.5, 8.75], "rotation": 270, "texture": "#0"}
			}
		},
		{
			"name": "Voxels",
			"from": [7.56573, 1.0189, 2.66854],
			"to": [8.09906, 3.15223, 3.20187],
			"rotation": {"angle": 22.5, "axis": "x", "origin": [8.06763, 4.25254, 7.76473]},
			"faces": {
				"north": {"uv": [7.5, 3, 7.75, 4], "texture": "#0"},
				"east": {"uv": [7.5, 0, 7.75, 1], "texture": "#0"},
				"south": {"uv": [7.5, 1, 7.75, 2], "texture": "#0"},
				"west": {"uv": [7.5, 2, 7.75, 3], "texture": "#0"},
				"up": {"uv": [9.25, 0.25, 9, 0], "rotation": 90, "texture": "#0"},
				"down": {"uv": [9.25, 0.5, 9, 0.75], "rotation": 270, "texture": "#0"}
			}
		},
		{
			"name": "Voxels",
			"from": [8.09903, 2.08556, 3.20194],
			"to": [8.63236, 3.15223, 3.73527],
			"rotation": {"angle": 22.5, "axis": "x", "origin": [8.06763, 4.25254, 7.76473]},
			"faces": {
				"north": {"uv": [8, 7.5, 8.25, 8], "texture": "#0"},
				"east": {"uv": [7, 8, 7.25, 8.5], "texture": "#0"},
				"south": {"uv": [8, 7, 8.25, 7.5], "texture": "#0"},
				"west": {"uv": [7.5, 8, 7.75, 8.5], "texture": "#0"},
				"up": {"uv": [9.25, 1.25, 9, 1], "rotation": 90, "texture": "#0"},
				"down": {"uv": [9.25, 1.5, 9, 1.75], "rotation": 270, "texture": "#0"}
			}
		},
		{
			"name": "Voxels",
			"from": [7.03233, 1.5522, 2.66854],
			"to": [7.56566, 2.08553, 3.20187],
			"rotation": {"angle": 22.5, "axis": "x", "origin": [8.06763, 4.25254, 7.76473]},
			"faces": {
				"north": {"uv": [3.5, 9, 3.75, 9.25], "texture": "#0"},
				"east": {"uv": [9, 2, 9.25, 2.25], "texture": "#0"},
				"south": {"uv": [9, 2.5, 9.25, 2.75], "texture": "#0"},
				"west": {"uv": [9, 3, 9.25, 3.25], "texture": "#0"},
				"up": {"uv": [9.25, 3.75, 9, 3.5], "rotation": 90, "texture": "#0"},
				"down": {"uv": [4.25, 9, 4, 9.25], "rotation": 270, "texture": "#0"}
			}
		},
		{
			"name": "Voxels",
			"from": [7.56573, 1.01886, 2.13524],
			"to": [8.09906, 2.08553, 2.66857],
			"rotation": {"angle": 22.5, "axis": "x", "origin": [8.06763, 4.25254, 7.76473]},
			"faces": {
				"north": {"uv": [8.5, 1, 8.75, 1.5], "texture": "#0"},
				"east": {"uv": [8, 8, 8.25, 8.5], "texture": "#0"},
				"south": {"uv": [8.5, 0, 8.75, 0.5], "texture": "#0"},
				"west": {"uv": [8.5, 0.5, 8.75, 1], "texture": "#0"},
				"up": {"uv": [9.25, 4.25, 9, 4], "rotation": 90, "texture": "#0"},
				"down": {"uv": [4.75, 9, 4.5, 9.25], "rotation": 270, "texture": "#0"}
			}
		},
		{
			"name": "Voxels",
			"from": [8.09903, 1.5522, 2.66854],
			"to": [8.63236, 2.08553, 3.20187],
			"rotation": {"angle": 22.5, "axis": "x", "origin": [8.06763, 4.25254, 7.76473]},
			"faces": {
				"north": {"uv": [5.5, 9, 5.75, 9.25], "texture": "#0"},
				"east": {"uv": [9, 4.5, 9.25, 4.75], "texture": "#0"},
				"south": {"uv": [5, 9, 5.25, 9.25], "texture": "#0"},
				"west": {"uv": [9, 5, 9.25, 5.25], "texture": "#0"},
				"up": {"uv": [9.25, 5.75, 9, 5.5], "rotation": 90, "texture": "#0"},
				"down": {"uv": [6.25, 9, 6, 9.25], "rotation": 270, "texture": "#0"}
			}
		},
		{
			"name": "Voxels",
			"from": [7.03233, 1.0189, 2.13524],
			"to": [7.56566, 1.55223, 2.66857],
			"rotation": {"angle": 22.5, "axis": "x", "origin": [8.06763, 4.25254, 7.76473]},
			"faces": {
				"north": {"uv": [7, 9, 7.25, 9.25], "texture": "#0"},
				"east": {"uv": [9, 6, 9.25, 6.25], "texture": "#0"},
				"south": {"uv": [6.5, 9, 6.75, 9.25], "texture": "#0"},
				"west": {"uv": [9, 6.5, 9.25, 6.75], "texture": "#0"},
				"up": {"uv": [9.25, 7.25, 9, 7], "rotation": 90, "texture": "#0"},
				"down": {"uv": [7.75, 9, 7.5, 9.25], "rotation": 270, "texture": "#0"}
			}
		},
		{
			"name": "Voxels",
			"from": [7.56573, 0.48556, 1.06854],
			"to": [8.09906, 1.55223, 2.13521],
			"rotation": {"angle": 22.5, "axis": "x", "origin": [8.06763, 4.25254, 7.76473]},
			"faces": {
				"north": {"uv": [8.5, 2, 8.75, 2.5], "texture": "#0"},
				"east": {"uv": [7.5, 4, 8, 4.5], "texture": "#0"},
				"south": {"uv": [8.5, 1.5, 8.75, 2], "texture": "#0"},
				"west": {"uv": [7.5, 4.5, 8, 5], "texture": "#0"},
				"up": {"uv": [9, 2.75, 8.5, 2.5], "rotation": 90, "texture": "#0"},
				"down": {"uv": [9, 3, 8.5, 3.25], "rotation": 270, "texture": "#0"}
			}
		},
		{
			"name": "Voxels",
			"from": [8.09903, 1.0189, 2.13524],
			"to": [8.63236, 1.55223, 2.66857],
			"rotation": {"angle": 22.5, "axis": "x", "origin": [8.06763, 4.25254, 7.76473]},
			"faces": {
				"north": {"uv": [8.5, 9, 8.75, 9.25], "texture": "#0"},
				"east": {"uv": [9, 7.5, 9.25, 7.75], "texture": "#0"},
				"south": {"uv": [8, 9, 8.25, 9.25], "texture": "#0"},
				"west": {"uv": [9, 8, 9.25, 8.25], "texture": "#0"},
				"up": {"uv": [9.25, 8.75, 9, 8.5], "rotation": 90, "texture": "#0"},
				"down": {"uv": [9.25, 9, 9, 9.25], "rotation": 270, "texture": "#0"}
			}
		},
		{
			"name": "Voxels",
			"from": [7.56573, 0.4856, -0.53146],
			"to": [8.09906, 1.01893, 1.06854],
			"rotation": {"angle": 22.5, "axis": "x", "origin": [8.06763, 4.25254, 7.76473]},
			"faces": {
				"north": {"uv": [9.5, 0.5, 9.75, 0.75], "texture": "#0"},
				"east": {"uv": [7.5, 5, 8.25, 5.25], "texture": "#0"},
				"south": {"uv": [9.5, 0, 9.75, 0.25], "texture": "#0"},
				"west": {"uv": [7.5, 5.5, 8.25, 5.75], "texture": "#0"},
				"up": {"uv": [8.25, 6.25, 7.5, 6], "rotation": 90, "texture": "#0"},
				"down": {"uv": [8.25, 6.5, 7.5, 6.75], "rotation": 270, "texture": "#0"}
			}
		},
		{
			"name": "Voxels",
			"from": [7.56573, 2.61886, 4.26854],
			"to": [8.09906, 3.68553, 4.80187],
			"rotation": {"angle": 22.5, "axis": "x", "origin": [8.06763, 4.25254, 7.76473]},
			"faces": {
				"north": {"uv": [8.5, 5, 8.75, 5.5], "texture": "#0"},
				"east": {"uv": [8.5, 3.5, 8.75, 4], "texture": "#0"},
				"south": {"uv": [8.5, 4, 8.75, 4.5], "texture": "#0"},
				"west": {"uv": [8.5, 4.5, 8.75, 5], "texture": "#0"},
				"up": {"uv": [9.75, 1.25, 9.5, 1], "rotation": 90, "texture": "#0"},
				"down": {"uv": [9.75, 1.5, 9.5, 1.75], "rotation": 270, "texture": "#0"}
			}
		},
		{
			"name": "Voxels",
			"from": [11.56379, 2.0856, 7.26283],
			"to": [12.09712, 4.21893, 7.79616],
			"rotation": {"angle": 22.5, "axis": "z", "origin": [8.06763, 4.25254, 7.76473]},
			"faces": {
				"north": {"uv": [7, 2, 7.25, 3], "texture": "#0"},
				"east": {"uv": [7, 3, 7.25, 4], "texture": "#0"},
				"south": {"uv": [7, 0, 7.25, 1], "texture": "#0"},
				"west": {"uv": [7, 1, 7.25, 2], "texture": "#0"},
				"up": {"uv": [8.75, 5.75, 8.5, 5.5], "rotation": 180, "texture": "#0"},
				"down": {"uv": [8.75, 6, 8.5, 6.25], "rotation": 180, "texture": "#0"}
			}
		},
		{
			"name": "Voxels",
			"from": [11.56379, 2.61886, 6.72943],
			"to": [12.09712, 3.68553, 7.26276],
			"rotation": {"angle": 22.5, "axis": "z", "origin": [8.06763, 4.25254, 7.76473]},
			"faces": {
				"north": {"uv": [8, 0, 8.25, 0.5], "texture": "#0"},
				"east": {"uv": [8, 0.5, 8.25, 1], "texture": "#0"},
				"south": {"uv": [7.5, 7, 7.75, 7.5], "texture": "#0"},
				"west": {"uv": [7.5, 7.5, 7.75, 8], "texture": "#0"},
				"up": {"uv": [8.75, 6.75, 8.5, 6.5], "rotation": 180, "texture": "#0"},
				"down": {"uv": [7.25, 8.5, 7, 8.75], "rotation": 180, "texture": "#0"}
			}
		},
		{
			"name": "Voxels",
			"from": [12.09709, 1.5522, 7.26283],
			"to": [12.63042, 3.68553, 7.79616],
			"rotation": {"angle": 22.5, "axis": "z", "origin": [8.06763, 4.25254, 7.76473]},
			"faces": {
				"north": {"uv": [7, 6, 7.25, 7], "texture": "#0"},
				"east": {"uv": [7, 7, 7.25, 8], "texture": "#0"},
				"south": {"uv": [7, 4, 7.25, 5], "texture": "#0"},
				"west": {"uv": [7, 5, 7.25, 6], "texture": "#0"},
				"up": {"uv": [8.75, 7.25, 8.5, 7], "rotation": 180, "texture": "#0"},
				"down": {"uv": [7.75, 8.5, 7.5, 8.75], "rotation": 180, "texture": "#0"}
			}
		},
		{
			"name": "Voxels",
			"from": [11.56379, 2.61886, 7.79613],
			"to": [12.09712, 3.68553, 8.32946],
			"rotation": {"angle": 22.5, "axis": "z", "origin": [8.06763, 4.25254, 7.76473]},
			"faces": {
				"north": {"uv": [8, 2, 8.25, 2.5], "texture": "#0"},
				"east": {"uv": [8, 2.5, 8.25, 3], "texture": "#0"},
				"south": {"uv": [8, 1, 8.25, 1.5], "texture": "#0"},
				"west": {"uv": [8, 1.5, 8.25, 2], "texture": "#0"},
				"up": {"uv": [8.75, 7.75, 8.5, 7.5], "rotation": 180, "texture": "#0"},
				"down": {"uv": [8.25, 8.5, 8, 8.75], "rotation": 180, "texture": "#0"}
			}
		},
		{
			"name": "Voxels",
			"from": [12.09709, 2.08556, 6.72943],
			"to": [12.63042, 3.15223, 7.26276],
			"rotation": {"angle": 22.5, "axis": "z", "origin": [8.06763, 4.25254, 7.76473]},
			"faces": {
				"north": {"uv": [8, 4, 8.25, 4.5], "texture": "#0"},
				"east": {"uv": [8, 4.5, 8.25, 5], "texture": "#0"},
				"south": {"uv": [8, 3, 8.25, 3.5], "texture": "#0"},
				"west": {"uv": [8, 3.5, 8.25, 4], "texture": "#0"},
				"up": {"uv": [8.75, 8.25, 8.5, 8], "rotation": 180, "texture": "#0"},
				"down": {"uv": [8.75, 8.5, 8.5, 8.75], "rotation": 180, "texture": "#0"}
			}
		},
		{
			"name": "Voxels",
			"from": [12.63049, 1.0189, 7.26283],
			"to": [13.16382, 3.15223, 7.79616],
			"rotation": {"angle": 22.5, "axis": "z", "origin": [8.06763, 4.25254, 7.76473]},
			"faces": {
				"north": {"uv": [7.5, 2, 7.75, 3], "texture": "#0"},
				"east": {"uv": [7.5, 3, 7.75, 4], "texture": "#0"},
				"south": {"uv": [7.5, 0, 7.75, 1], "texture": "#0"},
				"west": {"uv": [7.5, 1, 7.75, 2], "texture": "#0"},
				"up": {"uv": [9.25, 0.25, 9, 0], "rotation": 180, "texture": "#0"},
				"down": {"uv": [9.25, 0.5, 9, 0.75], "rotation": 180, "texture": "#0"}
			}
		},
		{
			"name": "Voxels",
			"from": [12.09709, 2.08556, 7.79613],
			"to": [12.63042, 3.15223, 8.32946],
			"rotation": {"angle": 22.5, "axis": "z", "origin": [8.06763, 4.25254, 7.76473]},
			"faces": {
				"north": {"uv": [7.5, 8, 7.75, 8.5], "texture": "#0"},
				"east": {"uv": [8, 7.5, 8.25, 8], "texture": "#0"},
				"south": {"uv": [7, 8, 7.25, 8.5], "texture": "#0"},
				"west": {"uv": [8, 7, 8.25, 7.5], "texture": "#0"},
				"up": {"uv": [9.25, 1.25, 9, 1], "rotation": 180, "texture": "#0"},
				"down": {"uv": [9.25, 1.5, 9, 1.75], "rotation": 180, "texture": "#0"}
			}
		},
		{
			"name": "Voxels",
			"from": [12.63049, 1.5522, 6.72943],
			"to": [13.16382, 2.08553, 7.26276],
			"rotation": {"angle": 22.5, "axis": "z", "origin": [8.06763, 4.25254, 7.76473]},
			"faces": {
				"north": {"uv": [9, 3, 9.25, 3.25], "texture": "#0"},
				"east": {"uv": [3.5, 9, 3.75, 9.25], "texture": "#0"},
				"south": {"uv": [9, 2, 9.25, 2.25], "texture": "#0"},
				"west": {"uv": [9, 2.5, 9.25, 2.75], "texture": "#0"},
				"up": {"uv": [9.25, 3.75, 9, 3.5], "rotation": 180, "texture": "#0"},
				"down": {"uv": [4.25, 9, 4, 9.25], "rotation": 180, "texture": "#0"}
			}
		},
		{
			"name": "Voxels",
			"from": [13.16379, 1.01886, 7.26283],
			"to": [13.69712, 2.08553, 7.79616],
			"rotation": {"angle": 22.5, "axis": "z", "origin": [8.06763, 4.25254, 7.76473]},
			"faces": {
				"north": {"uv": [8.5, 0.5, 8.75, 1], "texture": "#0"},
				"east": {"uv": [8.5, 1, 8.75, 1.5], "texture": "#0"},
				"south": {"uv": [8, 8, 8.25, 8.5], "texture": "#0"},
				"west": {"uv": [8.5, 0, 8.75, 0.5], "texture": "#0"},
				"up": {"uv": [9.25, 4.25, 9, 4], "rotation": 180, "texture": "#0"},
				"down": {"uv": [4.75, 9, 4.5, 9.25], "rotation": 180, "texture": "#0"}
			}
		},
		{
			"name": "Voxels",
			"from": [12.63049, 1.5522, 7.79613],
			"to": [13.16382, 2.08553, 8.32946],
			"rotation": {"angle": 22.5, "axis": "z", "origin": [8.06763, 4.25254, 7.76473]},
			"faces": {
				"north": {"uv": [9, 5, 9.25, 5.25], "texture": "#0"},
				"east": {"uv": [5.5, 9, 5.75, 9.25], "texture": "#0"},
				"south": {"uv": [9, 4.5, 9.25, 4.75], "texture": "#0"},
				"west": {"uv": [5, 9, 5.25, 9.25], "texture": "#0"},
				"up": {"uv": [9.25, 5.75, 9, 5.5], "rotation": 180, "texture": "#0"},
				"down": {"uv": [6.25, 9, 6, 9.25], "rotation": 180, "texture": "#0"}
			}
		},
		{
			"name": "Voxels",
			"from": [13.16379, 1.0189, 6.72943],
			"to": [13.69712, 1.55223, 7.26276],
			"rotation": {"angle": 22.5, "axis": "z", "origin": [8.06763, 4.25254, 7.76473]},
			"faces": {
				"north": {"uv": [9, 6.5, 9.25, 6.75], "texture": "#0"},
				"east": {"uv": [7, 9, 7.25, 9.25], "texture": "#0"},
				"south": {"uv": [9, 6, 9.25, 6.25], "texture": "#0"},
				"west": {"uv": [6.5, 9, 6.75, 9.25], "texture": "#0"},
				"up": {"uv": [9.25, 7.25, 9, 7], "rotation": 180, "texture": "#0"},
				"down": {"uv": [7.75, 9, 7.5, 9.25], "rotation": 180, "texture": "#0"}
			}
		},
		{
			"name": "Voxels",
			"from": [13.69715, 0.48556, 7.26283],
			"to": [14.76382, 1.55223, 7.79616],
			"rotation": {"angle": 22.5, "axis": "z", "origin": [8.06763, 4.25254, 7.76473]},
			"faces": {
				"north": {"uv": [7.5, 4.5, 8, 5], "texture": "#0"},
				"east": {"uv": [8.5, 2, 8.75, 2.5], "texture": "#0"},
				"south": {"uv": [7.5, 4, 8, 4.5], "texture": "#0"},
				"west": {"uv": [8.5, 1.5, 8.75, 2], "texture": "#0"},
				"up": {"uv": [9, 2.75, 8.5, 2.5], "rotation": 180, "texture": "#0"},
				"down": {"uv": [9, 3, 8.5, 3.25], "rotation": 180, "texture": "#0"}
			}
		},
		{
			"name": "Voxels",
			"from": [13.16379, 1.0189, 7.79613],
			"to": [13.69712, 1.55223, 8.32946],
			"rotation": {"angle": 22.5, "axis": "z", "origin": [8.06763, 4.25254, 7.76473]},
			"faces": {
				"north": {"uv": [9, 8, 9.25, 8.25], "texture": "#0"},
				"east": {"uv": [8.5, 9, 8.75, 9.25], "texture": "#0"},
				"south": {"uv": [9, 7.5, 9.25, 7.75], "texture": "#0"},
				"west": {"uv": [8, 9, 8.25, 9.25], "texture": "#0"},
				"up": {"uv": [9.25, 8.75, 9, 8.5], "rotation": 180, "texture": "#0"},
				"down": {"uv": [9.25, 9, 9, 9.25], "rotation": 180, "texture": "#0"}
			}
		},
		{
			"name": "Voxels",
			"from": [14.76382, 0.4856, 7.26283],
			"to": [16.36382, 1.01893, 7.79616],
			"rotation": {"angle": 22.5, "axis": "z", "origin": [8.06763, 4.25254, 7.76473]},
			"faces": {
				"north": {"uv": [7.5, 5.5, 8.25, 5.75], "texture": "#0"},
				"east": {"uv": [9.5, 0.5, 9.75, 0.75], "texture": "#0"},
				"south": {"uv": [7.5, 5, 8.25, 5.25], "texture": "#0"},
				"west": {"uv": [9.5, 0, 9.75, 0.25], "texture": "#0"},
				"up": {"uv": [8.25, 6.25, 7.5, 6], "rotation": 180, "texture": "#0"},
				"down": {"uv": [8.25, 6.5, 7.5, 6.75], "rotation": 180, "texture": "#0"}
			}
		},
		{
			"name": "Voxels",
			"from": [11.03049, 2.61886, 7.26283],
			"to": [11.56382, 3.68553, 7.79616],
			"rotation": {"angle": 22.5, "axis": "z", "origin": [8.06763, 4.25254, 7.76473]},
			"faces": {
				"north": {"uv": [8.5, 4.5, 8.75, 5], "texture": "#0"},
				"east": {"uv": [8.5, 5, 8.75, 5.5], "texture": "#0"},
				"south": {"uv": [8.5, 3.5, 8.75, 4], "texture": "#0"},
				"west": {"uv": [8.5, 4, 8.75, 4.5], "texture": "#0"},
				"up": {"uv": [9.75, 1.25, 9.5, 1], "rotation": 180, "texture": "#0"},
				"down": {"uv": [9.75, 1.5, 9.5, 1.75], "rotation": 180, "texture": "#0"}
			}
		},
		{
			"name": "Voxels",
			"from": [8.03621, 2.0856, 11.26089],
			"to": [8.56954, 4.21893, 11.79422],
			"rotation": {"angle": -22.5, "axis": "x", "origin": [8.06763, 4.25254, 7.76473]},
			"faces": {
				"north": {"uv": [7, 1, 7.25, 2], "texture": "#0"},
				"east": {"uv": [7, 2, 7.25, 3], "texture": "#0"},
				"south": {"uv": [7, 3, 7.25, 4], "texture": "#0"},
				"west": {"uv": [7, 0, 7.25, 1], "texture": "#0"},
				"up": {"uv": [8.75, 5.75, 8.5, 5.5], "rotation": 270, "texture": "#0"},
				"down": {"uv": [8.75, 6, 8.5, 6.25], "rotation": 90, "texture": "#0"}
			}
		},
		{
			"name": "Voxels",
			"from": [8.56961, 2.61886, 11.26089],
			"to": [9.10294, 3.68553, 11.79422],
			"rotation": {"angle": -22.5, "axis": "x", "origin": [8.06763, 4.25254, 7.76473]},
			"faces": {
				"north": {"uv": [7.5, 7.5, 7.75, 8], "texture": "#0"},
				"east": {"uv": [8, 0, 8.25, 0.5], "texture": "#0"},
				"south": {"uv": [8, 0.5, 8.25, 1], "texture": "#0"},
				"west": {"uv": [7.5, 7, 7.75, 7.5], "texture": "#0"},
				"up": {"uv": [8.75, 6.75, 8.5, 6.5], "rotation": 270, "texture": "#0"},
				"down": {"uv": [7.25, 8.5, 7, 8.75], "rotation": 90, "texture": "#0"}
			}
		},
		{
			"name": "Voxels",
			"from": [8.03621, 1.5522, 11.79419],
			"to": [8.56954, 3.68553, 12.32752],
			"rotation": {"angle": -22.5, "axis": "x", "origin": [8.06763, 4.25254, 7.76473]},
			"faces": {
				"north": {"uv": [7, 5, 7.25, 6], "texture": "#0"},
				"east": {"uv": [7, 6, 7.25, 7], "texture": "#0"},
				"south": {"uv": [7, 7, 7.25, 8], "texture": "#0"},
				"west": {"uv": [7, 4, 7.25, 5], "texture": "#0"},
				"up": {"uv": [8.75, 7.25, 8.5, 7], "rotation": 270, "texture": "#0"},
				"down": {"uv": [7.75, 8.5, 7.5, 8.75], "rotation": 90, "texture": "#0"}
			}
		},
		{
			"name": "Voxels",
			"from": [7.50291, 2.61886, 11.26089],
			"to": [8.03624, 3.68553, 11.79422],
			"rotation": {"angle": -22.5, "axis": "x", "origin": [8.06763, 4.25254, 7.76473]},
			"faces": {
				"north": {"uv": [8, 1.5, 8.25, 2], "texture": "#0"},
				"east": {"uv": [8, 2, 8.25, 2.5], "texture": "#0"},
				"south": {"uv": [8, 2.5, 8.25, 3], "texture": "#0"},
				"west": {"uv": [8, 1, 8.25, 1.5], "texture": "#0"},
				"up": {"uv": [8.75, 7.75, 8.5, 7.5], "rotation": 270, "texture": "#0"},
				"down": {"uv": [8.25, 8.5, 8, 8.75], "rotation": 90, "texture": "#0"}
			}
		},
		{
			"name": "Voxels",
			"from": [8.56961, 2.08556, 11.79419],
			"to": [9.10294, 3.15223, 12.32752],
			"rotation": {"angle": -22.5, "axis": "x", "origin": [8.06763, 4.25254, 7.76473]},
			"faces": {
				"north": {"uv": [8, 3.5, 8.25, 4], "texture": "#0"},
				"east": {"uv": [8, 4, 8.25, 4.5], "texture": "#0"},
				"south": {"uv": [8, 4.5, 8.25, 5], "texture": "#0"},
				"west": {"uv": [8, 3, 8.25, 3.5], "texture": "#0"},
				"up": {"uv": [8.75, 8.25, 8.5, 8], "rotation": 270, "texture": "#0"},
				"down": {"uv": [8.75, 8.5, 8.5, 8.75], "rotation": 90, "texture": "#0"}
			}
		},
		{
			"name": "Voxels",
			"from": [8.03621, 1.0189, 12.32759],
			"to": [8.56954, 3.15223, 12.86092],
			"rotation": {"angle": -22.5, "axis": "x", "origin": [8.06763, 4.25254, 7.76473]},
			"faces": {
				"north": {"uv": [7.5, 1, 7.75, 2], "texture": "#0"},
				"east": {"uv": [7.5, 2, 7.75, 3], "texture": "#0"},
				"south": {"uv": [7.5, 3, 7.75, 4], "texture": "#0"},
				"west": {"uv": [7.5, 0, 7.75, 1], "texture": "#0"},
				"up": {"uv": [9.25, 0.25, 9, 0], "rotation": 270, "texture": "#0"},
				"down": {"uv": [9.25, 0.5, 9, 0.75], "rotation": 90, "texture": "#0"}
			}
		},
		{
			"name": "Voxels",
			"from": [7.50291, 2.08556, 11.79419],
			"to": [8.03624, 3.15223, 12.32752],
			"rotation": {"angle": -22.5, "axis": "x", "origin": [8.06763, 4.25254, 7.76473]},
			"faces": {
				"north": {"uv": [8, 7, 8.25, 7.5], "texture": "#0"},
				"east": {"uv": [7.5, 8, 7.75, 8.5], "texture": "#0"},
				"south": {"uv": [8, 7.5, 8.25, 8], "texture": "#0"},
				"west": {"uv": [7, 8, 7.25, 8.5], "texture": "#0"},
				"up": {"uv": [9.25, 1.25, 9, 1], "rotation": 270, "texture": "#0"},
				"down": {"uv": [9.25, 1.5, 9, 1.75], "rotation": 90, "texture": "#0"}
			}
		},
		{
			"name": "Voxels",
			"from": [8.56961, 1.5522, 12.32759],
			"to": [9.10294, 2.08553, 12.86092],
			"rotation": {"angle": -22.5, "axis": "x", "origin": [8.06763, 4.25254, 7.76473]},
			"faces": {
				"north": {"uv": [9, 2.5, 9.25, 2.75], "texture": "#0"},
				"east": {"uv": [9, 3, 9.25, 3.25], "texture": "#0"},
				"south": {"uv": [3.5, 9, 3.75, 9.25], "texture": "#0"},
				"west": {"uv": [9, 2, 9.25, 2.25], "texture": "#0"},
				"up": {"uv": [9.25, 3.75, 9, 3.5], "rotation": 270, "texture": "#0"},
				"down": {"uv": [4.25, 9, 4, 9.25], "rotation": 90, "texture": "#0"}
			}
		},
		{
			"name": "Voxels",
			"from": [8.03621, 1.01886, 12.86089],
			"to": [8.56954, 2.08553, 13.39422],
			"rotation": {"angle": -22.5, "axis": "x", "origin": [8.06763, 4.25254, 7.76473]},
			"faces": {
				"north": {"uv": [8.5, 0, 8.75, 0.5], "texture": "#0"},
				"east": {"uv": [8.5, 0.5, 8.75, 1], "texture": "#0"},
				"south": {"uv": [8.5, 1, 8.75, 1.5], "texture": "#0"},
				"west": {"uv": [8, 8, 8.25, 8.5], "texture": "#0"},
				"up": {"uv": [9.25, 4.25, 9, 4], "rotation": 270, "texture": "#0"},
				"down": {"uv": [4.75, 9, 4.5, 9.25], "rotation": 90, "texture": "#0"}
			}
		},
		{
			"name": "Voxels",
			"from": [7.50291, 1.5522, 12.32759],
			"to": [8.03624, 2.08553, 12.86092],
			"rotation": {"angle": -22.5, "axis": "x", "origin": [8.06763, 4.25254, 7.76473]},
			"faces": {
				"north": {"uv": [5, 9, 5.25, 9.25], "texture": "#0"},
				"east": {"uv": [9, 5, 9.25, 5.25], "texture": "#0"},
				"south": {"uv": [5.5, 9, 5.75, 9.25], "texture": "#0"},
				"west": {"uv": [9, 4.5, 9.25, 4.75], "texture": "#0"},
				"up": {"uv": [9.25, 5.75, 9, 5.5], "rotation": 270, "texture": "#0"},
				"down": {"uv": [6.25, 9, 6, 9.25], "rotation": 90, "texture": "#0"}
			}
		},
		{
			"name": "Voxels",
			"from": [8.56961, 1.0189, 12.86089],
			"to": [9.10294, 1.55223, 13.39422],
			"rotation": {"angle": -22.5, "axis": "x", "origin": [8.06763, 4.25254, 7.76473]},
			"faces": {
				"north": {"uv": [6.5, 9, 6.75, 9.25], "texture": "#0"},
				"east": {"uv": [9, 6.5, 9.25, 6.75], "texture": "#0"},
				"south": {"uv": [7, 9, 7.25, 9.25], "texture": "#0"},
				"west": {"uv": [9, 6, 9.25, 6.25], "texture": "#0"},
				"up": {"uv": [9.25, 7.25, 9, 7], "rotation": 270, "texture": "#0"},
				"down": {"uv": [7.75, 9, 7.5, 9.25], "rotation": 90, "texture": "#0"}
			}
		},
		{
			"name": "Voxels",
			"from": [8.03621, 0.48556, 13.39425],
			"to": [8.56954, 1.55223, 14.46092],
			"rotation": {"angle": -22.5, "axis": "x", "origin": [8.06763, 4.25254, 7.76473]},
			"faces": {
				"north": {"uv": [8.5, 1.5, 8.75, 2], "texture": "#0"},
				"east": {"uv": [7.5, 4.5, 8, 5], "texture": "#0"},
				"south": {"uv": [8.5, 2, 8.75, 2.5], "texture": "#0"},
				"west": {"uv": [7.5, 4, 8, 4.5], "texture": "#0"},
				"up": {"uv": [9, 2.75, 8.5, 2.5], "rotation": 270, "texture": "#0"},
				"down": {"uv": [9, 3, 8.5, 3.25], "rotation": 90, "texture": "#0"}
			}
		},
		{
			"name": "Voxels",
			"from": [7.50291, 1.0189, 12.86089],
			"to": [8.03624, 1.55223, 13.39422],
			"rotation": {"angle": -22.5, "axis": "x", "origin": [8.06763, 4.25254, 7.76473]},
			"faces": {
				"north": {"uv": [8, 9, 8.25, 9.25], "texture": "#0"},
				"east": {"uv": [9, 8, 9.25, 8.25], "texture": "#0"},
				"south": {"uv": [8.5, 9, 8.75, 9.25], "texture": "#0"},
				"west": {"uv": [9, 7.5, 9.25, 7.75], "texture": "#0"},
				"up": {"uv": [9.25, 8.75, 9, 8.5], "rotation": 270, "texture": "#0"},
				"down": {"uv": [9.25, 9, 9, 9.25], "rotation": 90, "texture": "#0"}
			}
		},
		{
			"name": "Voxels",
			"from": [8.03621, 0.4856, 14.46092],
			"to": [8.56954, 1.01893, 16.06092],
			"rotation": {"angle": -22.5, "axis": "x", "origin": [8.06763, 4.25254, 7.76473]},
			"faces": {
				"north": {"uv": [9.5, 0, 9.75, 0.25], "texture": "#0"},
				"east": {"uv": [7.5, 5.5, 8.25, 5.75], "texture": "#0"},
				"south": {"uv": [9.5, 0.5, 9.75, 0.75], "texture": "#0"},
				"west": {"uv": [7.5, 5, 8.25, 5.25], "texture": "#0"},
				"up": {"uv": [8.25, 6.25, 7.5, 6], "rotation": 270, "texture": "#0"},
				"down": {"uv": [8.25, 6.5, 7.5, 6.75], "rotation": 90, "texture": "#0"}
			}
		},
		{
			"name": "Voxels",
			"from": [8.03621, 2.61886, 10.72759],
			"to": [8.56954, 3.68553, 11.26092],
			"rotation": {"angle": -22.5, "axis": "x", "origin": [8.06763, 4.25254, 7.76473]},
			"faces": {
				"north": {"uv": [8.5, 4, 8.75, 4.5], "texture": "#0"},
				"east": {"uv": [8.5, 4.5, 8.75, 5], "texture": "#0"},
				"south": {"uv": [8.5, 5, 8.75, 5.5], "texture": "#0"},
				"west": {"uv": [8.5, 3.5, 8.75, 4], "texture": "#0"},
				"up": {"uv": [9.75, 1.25, 9.5, 1], "rotation": 270, "texture": "#0"},
				"down": {"uv": [9.75, 1.5, 9.5, 1.75], "rotation": 90, "texture": "#0"}
			}
		},
		{
			"name": "Voxels",
			"from": [2.72911, 4.32426, 7.62086],
			"to": [3.26244, 6.45759, 8.15419],
			"rotation": {"angle": 45, "axis": "y", "origin": [8.06763, 4.25254, 7.76473]},
			"faces": {
				"north": {"uv": [7, 0, 7.25, 1], "texture": "#0"},
				"east": {"uv": [7, 1, 7.25, 2], "texture": "#0"},
				"south": {"uv": [7, 2, 7.25, 3], "texture": "#0"},
				"west": {"uv": [7, 3, 7.25, 4], "texture": "#0"},
				"up": {"uv": [8.75, 5.75, 8.5, 5.5], "texture": "#0"},
				"down": {"uv": [8.75, 6, 8.5, 6.25], "texture": "#0"}
			}
		},
		{
			"name": "Voxels",
			"from": [2.72911, 4.85752, 8.15426],
			"to": [3.26244, 5.92419, 8.68759],
			"rotation": {"angle": 45, "axis": "y", "origin": [8.06763, 4.25254, 7.76473]},
			"faces": {
				"north": {"uv": [7.5, 7, 7.75, 7.5], "texture": "#0"},
				"east": {"uv": [7.5, 7.5, 7.75, 8], "texture": "#0"},
				"south": {"uv": [8, 0, 8.25, 0.5], "texture": "#0"},
				"west": {"uv": [8, 0.5, 8.25, 1], "texture": "#0"},
				"up": {"uv": [8.75, 6.75, 8.5, 6.5], "texture": "#0"},
				"down": {"uv": [7.25, 8.5, 7, 8.75], "texture": "#0"}
			}
		},
		{
			"name": "Voxels",
			"from": [2.19581, 3.79086, 7.62086],
			"to": [2.72914, 5.92419, 8.15419],
			"rotation": {"angle": 45, "axis": "y", "origin": [8.06763, 4.25254, 7.76473]},
			"faces": {
				"north": {"uv": [7, 4, 7.25, 5], "texture": "#0"},
				"east": {"uv": [7, 5, 7.25, 6], "texture": "#0"},
				"south": {"uv": [7, 6, 7.25, 7], "texture": "#0"},
				"west": {"uv": [7, 7, 7.25, 8], "texture": "#0"},
				"up": {"uv": [8.75, 7.25, 8.5, 7], "texture": "#0"},
				"down": {"uv": [7.75, 8.5, 7.5, 8.75], "texture": "#0"}
			}
		},
		{
			"name": "Voxels",
			"from": [2.72911, 4.85752, 7.08756],
			"to": [3.26244, 5.92419, 7.62089],
			"rotation": {"angle": 45, "axis": "y", "origin": [8.06763, 4.25254, 7.76473]},
			"faces": {
				"north": {"uv": [8, 1, 8.25, 1.5], "texture": "#0"},
				"east": {"uv": [8, 1.5, 8.25, 2], "texture": "#0"},
				"south": {"uv": [8, 2, 8.25, 2.5], "texture": "#0"},
				"west": {"uv": [8, 2.5, 8.25, 3], "texture": "#0"},
				"up": {"uv": [8.75, 7.75, 8.5, 7.5], "texture": "#0"},
				"down": {"uv": [8.25, 8.5, 8, 8.75], "texture": "#0"}
			}
		},
		{
			"name": "Voxels",
			"from": [2.19581, 4.32422, 8.15426],
			"to": [2.72914, 5.39089, 8.68759],
			"rotation": {"angle": 45, "axis": "y", "origin": [8.06763, 4.25254, 7.76473]},
			"faces": {
				"north": {"uv": [8, 3, 8.25, 3.5], "texture": "#0"},
				"east": {"uv": [8, 3.5, 8.25, 4], "texture": "#0"},
				"south": {"uv": [8, 4, 8.25, 4.5], "texture": "#0"},
				"west": {"uv": [8, 4.5, 8.25, 5], "texture": "#0"},
				"up": {"uv": [8.75, 8.25, 8.5, 8], "texture": "#0"},
				"down": {"uv": [8.75, 8.5, 8.5, 8.75], "texture": "#0"}
			}
		},
		{
			"name": "Voxels",
			"from": [1.66241, 3.25756, 7.62086],
			"to": [2.19574, 5.39089, 8.15419],
			"rotation": {"angle": 45, "axis": "y", "origin": [8.06763, 4.25254, 7.76473]},
			"faces": {
				"north": {"uv": [7.5, 0, 7.75, 1], "texture": "#0"},
				"east": {"uv": [7.5, 1, 7.75, 2], "texture": "#0"},
				"south": {"uv": [7.5, 2, 7.75, 3], "texture": "#0"},
				"west": {"uv": [7.5, 3, 7.75, 4], "texture": "#0"},
				"up": {"uv": [9.25, 0.25, 9, 0], "texture": "#0"},
				"down": {"uv": [9.25, 0.5, 9, 0.75], "texture": "#0"}
			}
		},
		{
			"name": "Voxels",
			"from": [2.19581, 4.32422, 7.08756],
			"to": [2.72914, 5.39089, 7.62089],
			"rotation": {"angle": 45, "axis": "y", "origin": [8.06763, 4.25254, 7.76473]},
			"faces": {
				"north": {"uv": [7, 8, 7.25, 8.5], "texture": "#0"},
				"east": {"uv": [8, 7, 8.25, 7.5], "texture": "#0"},
				"south": {"uv": [7.5, 8, 7.75, 8.5], "texture": "#0"},
				"west": {"uv": [8, 7.5, 8.25, 8], "texture": "#0"},
				"up": {"uv": [9.25, 1.25, 9, 1], "texture": "#0"},
				"down": {"uv": [9.25, 1.5, 9, 1.75], "texture": "#0"}
			}
		},
		{
			"name": "Voxels",
			"from": [1.66241, 3.79086, 8.15426],
			"to": [2.19574, 4.32419, 8.68759],
			"rotation": {"angle": 45, "axis": "y", "origin": [8.06763, 4.25254, 7.76473]},
			"faces": {
				"north": {"uv": [9, 2, 9.25, 2.25], "texture": "#0"},
				"east": {"uv": [9, 2.5, 9.25, 2.75], "texture": "#0"},
				"south": {"uv": [9, 3, 9.25, 3.25], "texture": "#0"},
				"west": {"uv": [3.5, 9, 3.75, 9.25], "texture": "#0"},
				"up": {"uv": [9.25, 3.75, 9, 3.5], "texture": "#0"},
				"down": {"uv": [4.25, 9, 4, 9.25], "texture": "#0"}
			}
		},
		{
			"name": "Voxels",
			"from": [1.12911, 3.25752, 7.62086],
			"to": [1.66244, 4.32419, 8.15419],
			"rotation": {"angle": 45, "axis": "y", "origin": [8.06763, 4.25254, 7.76473]},
			"faces": {
				"north": {"uv": [8, 8, 8.25, 8.5], "texture": "#0"},
				"east": {"uv": [8.5, 0, 8.75, 0.5], "texture": "#0"},
				"south": {"uv": [8.5, 0.5, 8.75, 1], "texture": "#0"},
				"west": {"uv": [8.5, 1, 8.75, 1.5], "texture": "#0"},
				"up": {"uv": [9.25, 4.25, 9, 4], "texture": "#0"},
				"down": {"uv": [4.75, 9, 4.5, 9.25], "texture": "#0"}
			}
		},
		{
			"name": "Voxels",
			"from": [1.66241, 3.79086, 7.08756],
			"to": [2.19574, 4.32419, 7.62089],
			"rotation": {"angle": 45, "axis": "y", "origin": [8.06763, 4.25254, 7.76473]},
			"faces": {
				"north": {"uv": [9, 4.5, 9.25, 4.75], "texture": "#0"},
				"east": {"uv": [5, 9, 5.25, 9.25], "texture": "#0"},
				"south": {"uv": [9, 5, 9.25, 5.25], "texture": "#0"},
				"west": {"uv": [5.5, 9, 5.75, 9.25], "texture": "#0"},
				"up": {"uv": [9.25, 5.75, 9, 5.5], "texture": "#0"},
				"down": {"uv": [6.25, 9, 6, 9.25], "texture": "#0"}
			}
		},
		{
			"name": "Voxels",
			"from": [1.12911, 3.25756, 8.15426],
			"to": [1.66244, 3.79089, 8.68759],
			"rotation": {"angle": 45, "axis": "y", "origin": [8.06763, 4.25254, 7.76473]},
			"faces": {
				"north": {"uv": [9, 6, 9.25, 6.25], "texture": "#0"},
				"east": {"uv": [6.5, 9, 6.75, 9.25], "texture": "#0"},
				"south": {"uv": [9, 6.5, 9.25, 6.75], "texture": "#0"},
				"west": {"uv": [7, 9, 7.25, 9.25], "texture": "#0"},
				"up": {"uv": [9.25, 7.25, 9, 7], "texture": "#0"},
				"down": {"uv": [7.75, 9, 7.5, 9.25], "texture": "#0"}
			}
		},
		{
			"name": "Voxels",
			"from": [0.06241, 2.72422, 7.62086],
			"to": [1.12908, 3.79089, 8.15419],
			"rotation": {"angle": 45, "axis": "y", "origin": [8.06763, 4.25254, 7.76473]},
			"faces": {
				"north": {"uv": [7.5, 4, 8, 4.5], "texture": "#0"},
				"east": {"uv": [8.5, 1.5, 8.75, 2], "texture": "#0"},
				"south": {"uv": [7.5, 4.5, 8, 5], "texture": "#0"},
				"west": {"uv": [8.5, 2, 8.75, 2.5], "texture": "#0"},
				"up": {"uv": [9, 2.75, 8.5, 2.5], "texture": "#0"},
				"down": {"uv": [9, 3, 8.5, 3.25], "texture": "#0"}
			}
		},
		{
			"name": "Voxels",
			"from": [1.12911, 3.25756, 7.08756],
			"to": [1.66244, 3.79089, 7.62089],
			"rotation": {"angle": 45, "axis": "y", "origin": [8.06763, 4.25254, 7.76473]},
			"faces": {
				"north": {"uv": [9, 7.5, 9.25, 7.75], "texture": "#0"},
				"east": {"uv": [8, 9, 8.25, 9.25], "texture": "#0"},
				"south": {"uv": [9, 8, 9.25, 8.25], "texture": "#0"},
				"west": {"uv": [8.5, 9, 8.75, 9.25], "texture": "#0"},
				"up": {"uv": [9.25, 8.75, 9, 8.5], "texture": "#0"},
				"down": {"uv": [9.25, 9, 9, 9.25], "texture": "#0"}
			}
		},
		{
			"name": "Voxels",
			"from": [-1.53759, 2.72426, 7.62086],
			"to": [0.06241, 3.25759, 8.15419],
			"rotation": {"angle": 45, "axis": "y", "origin": [8.06763, 4.25254, 7.76473]},
			"faces": {
				"north": {"uv": [7.5, 5, 8.25, 5.25], "texture": "#0"},
				"east": {"uv": [9.5, 0, 9.75, 0.25], "texture": "#0"},
				"south": {"uv": [7.5, 5.5, 8.25, 5.75], "texture": "#0"},
				"west": {"uv": [9.5, 0.5, 9.75, 0.75], "texture": "#0"},
				"up": {"uv": [8.25, 6.25, 7.5, 6], "texture": "#0"},
				"down": {"uv": [8.25, 6.5, 7.5, 6.75], "texture": "#0"}
			}
		},
		{
			"name": "Voxels",
			"from": [3.26241, 4.85752, 7.62086],
			"to": [3.79574, 5.92419, 8.15419],
			"rotation": {"angle": 45, "axis": "y", "origin": [8.06763, 4.25254, 7.76473]},
			"faces": {
				"north": {"uv": [8.5, 3.5, 8.75, 4], "texture": "#0"},
				"east": {"uv": [8.5, 4, 8.75, 4.5], "texture": "#0"},
				"south": {"uv": [8.5, 4.5, 8.75, 5], "texture": "#0"},
				"west": {"uv": [8.5, 5, 8.75, 5.5], "texture": "#0"},
				"up": {"uv": [9.75, 1.25, 9.5, 1], "texture": "#0"},
				"down": {"uv": [9.75, 1.5, 9.5, 1.75], "texture": "#0"}
			}
		},
		{
			"name": "Voxels",
			"from": [7.67818, 4.32426, 2.42621],
			"to": [8.21151, 6.45759, 2.95954],
			"rotation": {"angle": 45, "axis": "y", "origin": [8.06763, 4.25254, 7.76473]},
			"faces": {
				"north": {"uv": [7, 3, 7.25, 4], "texture": "#0"},
				"east": {"uv": [7, 0, 7.25, 1], "texture": "#0"},
				"south": {"uv": [7, 1, 7.25, 2], "texture": "#0"},
				"west": {"uv": [7, 2, 7.25, 3], "texture": "#0"},
				"up": {"uv": [8.75, 5.75, 8.5, 5.5], "rotation": 90, "texture": "#0"},
				"down": {"uv": [8.75, 6, 8.5, 6.25], "rotation": 270, "texture": "#0"}
			}
		},
		{
			"name": "Voxels",
			"from": [7.14478, 4.85752, 2.42621],
			"to": [7.67811, 5.92419, 2.95954],
			"rotation": {"angle": 45, "axis": "y", "origin": [8.06763, 4.25254, 7.76473]},
			"faces": {
				"north": {"uv": [8, 0.5, 8.25, 1], "texture": "#0"},
				"east": {"uv": [7.5, 7, 7.75, 7.5], "texture": "#0"},
				"south": {"uv": [7.5, 7.5, 7.75, 8], "texture": "#0"},
				"west": {"uv": [8, 0, 8.25, 0.5], "texture": "#0"},
				"up": {"uv": [8.75, 6.75, 8.5, 6.5], "rotation": 90, "texture": "#0"},
				"down": {"uv": [7.25, 8.5, 7, 8.75], "rotation": 270, "texture": "#0"}
			}
		},
		{
			"name": "Voxels",
			"from": [7.67818, 3.79086, 1.89291],
			"to": [8.21151, 5.92419, 2.42624],
			"rotation": {"angle": 45, "axis": "y", "origin": [8.06763, 4.25254, 7.76473]},
			"faces": {
				"north": {"uv": [7, 7, 7.25, 8], "texture": "#0"},
				"east": {"uv": [7, 4, 7.25, 5], "texture": "#0"},
				"south": {"uv": [7, 5, 7.25, 6], "texture": "#0"},
				"west": {"uv": [7, 6, 7.25, 7], "texture": "#0"},
				"up": {"uv": [8.75, 7.25, 8.5, 7], "rotation": 90, "texture": "#0"},
				"down": {"uv": [7.75, 8.5, 7.5, 8.75], "rotation": 270, "texture": "#0"}
			}
		},
		{
			"name": "Voxels",
			"from": [8.21148, 4.85752, 2.42621],
			"to": [8.74481, 5.92419, 2.95954],
			"rotation": {"angle": 45, "axis": "y", "origin": [8.06763, 4.25254, 7.76473]},
			"faces": {
				"north": {"uv": [8, 2.5, 8.25, 3], "texture": "#0"},
				"east": {"uv": [8, 1, 8.25, 1.5], "texture": "#0"},
				"south": {"uv": [8, 1.5, 8.25, 2], "texture": "#0"},
				"west": {"uv": [8, 2, 8.25, 2.5], "texture": "#0"},
				"up": {"uv": [8.75, 7.75, 8.5, 7.5], "rotation": 90, "texture": "#0"},
				"down": {"uv": [8.25, 8.5, 8, 8.75], "rotation": 270, "texture": "#0"}
			}
		},
		{
			"name": "Voxels",
			"from": [7.14478, 4.32422, 1.89291],
			"to": [7.67811, 5.39089, 2.42624],
			"rotation": {"angle": 45, "axis": "y", "origin": [8.06763, 4.25254, 7.76473]},
			"faces": {
				"north": {"uv": [8, 4.5, 8.25, 5], "texture": "#0"},
				"east": {"uv": [8, 3, 8.25, 3.5], "texture": "#0"},
				"south": {"uv": [8, 3.5, 8.25, 4], "texture": "#0"},
				"west": {"uv": [8, 4, 8.25, 4.5], "texture": "#0"},
				"up": {"uv": [8.75, 8.25, 8.5, 8], "rotation": 90, "texture": "#0"},
				"down": {"uv": [8.75, 8.5, 8.5, 8.75], "rotation": 270, "texture": "#0"}
			}
		},
		{
			"name": "Voxels",
			"from": [7.67818, 3.25756, 1.35951],
			"to": [8.21151, 5.39089, 1.89284],
			"rotation": {"angle": 45, "axis": "y", "origin": [8.06763, 4.25254, 7.76473]},
			"faces": {
				"north": {"uv": [7.5, 3, 7.75, 4], "texture": "#0"},
				"east": {"uv": [7.5, 0, 7.75, 1], "texture": "#0"},
				"south": {"uv": [7.5, 1, 7.75, 2], "texture": "#0"},
				"west": {"uv": [7.5, 2, 7.75, 3], "texture": "#0"},
				"up": {"uv": [9.25, 0.25, 9, 0], "rotation": 90, "texture": "#0"},
				"down": {"uv": [9.25, 0.5, 9, 0.75], "rotation": 270, "texture": "#0"}
			}
		},
		{
			"name": "Voxels",
			"from": [8.21148, 4.32422, 1.89291],
			"to": [8.74481, 5.39089, 2.42624],
			"rotation": {"angle": 45, "axis": "y", "origin": [8.06763, 4.25254, 7.76473]},
			"faces": {
				"north": {"uv": [8, 7.5, 8.25, 8], "texture": "#0"},
				"east": {"uv": [7, 8, 7.25, 8.5], "texture": "#0"},
				"south": {"uv": [8, 7, 8.25, 7.5], "texture": "#0"},
				"west": {"uv": [7.5, 8, 7.75, 8.5], "texture": "#0"},
				"up": {"uv": [9.25, 1.25, 9, 1], "rotation": 90, "texture": "#0"},
				"down": {"uv": [9.25, 1.5, 9, 1.75], "rotation": 270, "texture": "#0"}
			}
		},
		{
			"name": "Voxels",
			"from": [7.14478, 3.79086, 1.35951],
			"to": [7.67811, 4.32419, 1.89284],
			"rotation": {"angle": 45, "axis": "y", "origin": [8.06763, 4.25254, 7.76473]},
			"faces": {
				"north": {"uv": [3.5, 9, 3.75, 9.25], "texture": "#0"},
				"east": {"uv": [9, 2, 9.25, 2.25], "texture": "#0"},
				"south": {"uv": [9, 2.5, 9.25, 2.75], "texture": "#0"},
				"west": {"uv": [9, 3, 9.25, 3.25], "texture": "#0"},
				"up": {"uv": [9.25, 3.75, 9, 3.5], "rotation": 90, "texture": "#0"},
				"down": {"uv": [4.25, 9, 4, 9.25], "rotation": 270, "texture": "#0"}
			}
		},
		{
			"name": "Voxels",
			"from": [7.67818, 3.25752, 0.82621],
			"to": [8.21151, 4.32419, 1.35954],
			"rotation": {"angle": 45, "axis": "y", "origin": [8.06763, 4.25254, 7.76473]},
			"faces": {
				"north": {"uv": [8.5, 1, 8.75, 1.5], "texture": "#0"},
				"east": {"uv": [8, 8, 8.25, 8.5], "texture": "#0"},
				"south": {"uv": [8.5, 0, 8.75, 0.5], "texture": "#0"},
				"west": {"uv": [8.5, 0.5, 8.75, 1], "texture": "#0"},
				"up": {"uv": [9.25, 4.25, 9, 4], "rotation": 90, "texture": "#0"},
				"down": {"uv": [4.75, 9, 4.5, 9.25], "rotation": 270, "texture": "#0"}
			}
		},
		{
			"name": "Voxels",
			"from": [8.21148, 3.79086, 1.35951],
			"to": [8.74481, 4.32419, 1.89284],
			"rotation": {"angle": 45, "axis": "y", "origin": [8.06763, 4.25254, 7.76473]},
			"faces": {
				"north": {"uv": [5.5, 9, 5.75, 9.25], "texture": "#0"},
				"east": {"uv": [9, 4.5, 9.25, 4.75], "texture": "#0"},
				"south": {"uv": [5, 9, 5.25, 9.25], "texture": "#0"},
				"west": {"uv": [9, 5, 9.25, 5.25], "texture": "#0"},
				"up": {"uv": [9.25, 5.75, 9, 5.5], "rotation": 90, "texture": "#0"},
				"down": {"uv": [6.25, 9, 6, 9.25], "rotation": 270, "texture": "#0"}
			}
		},
		{
			"name": "Voxels",
			"from": [7.14478, 3.25756, 0.82621],
			"to": [7.67811, 3.79089, 1.35954],
			"rotation": {"angle": 45, "axis": "y", "origin": [8.06763, 4.25254, 7.76473]},
			"faces": {
				"north": {"uv": [7, 9, 7.25, 9.25], "texture": "#0"},
				"east": {"uv": [9, 6, 9.25, 6.25], "texture": "#0"},
				"south": {"uv": [6.5, 9, 6.75, 9.25], "texture": "#0"},
				"west": {"uv": [9, 6.5, 9.25, 6.75], "texture": "#0"},
				"up": {"uv": [9.25, 7.25, 9, 7], "rotation": 90, "texture": "#0"},
				"down": {"uv": [7.75, 9, 7.5, 9.25], "rotation": 270, "texture": "#0"}
			}
		},
		{
			"name": "Voxels",
			"from": [7.67818, 2.72422, -0.24049],
			"to": [8.21151, 3.79089, 0.82618],
			"rotation": {"angle": 45, "axis": "y", "origin": [8.06763, 4.25254, 7.76473]},
			"faces": {
				"north": {"uv": [8.5, 2, 8.75, 2.5], "texture": "#0"},
				"east": {"uv": [7.5, 4, 8, 4.5], "texture": "#0"},
				"south": {"uv": [8.5, 1.5, 8.75, 2], "texture": "#0"},
				"west": {"uv": [7.5, 4.5, 8, 5], "texture": "#0"},
				"up": {"uv": [9, 2.75, 8.5, 2.5], "rotation": 90, "texture": "#0"},
				"down": {"uv": [9, 3, 8.5, 3.25], "rotation": 270, "texture": "#0"}
			}
		},
		{
			"name": "Voxels",
			"from": [8.21148, 3.25756, 0.82621],
			"to": [8.74481, 3.79089, 1.35954],
			"rotation": {"angle": 45, "axis": "y", "origin": [8.06763, 4.25254, 7.76473]},
			"faces": {
				"north": {"uv": [8.5, 9, 8.75, 9.25], "texture": "#0"},
				"east": {"uv": [9, 7.5, 9.25, 7.75], "texture": "#0"},
				"south": {"uv": [8, 9, 8.25, 9.25], "texture": "#0"},
				"west": {"uv": [9, 8, 9.25, 8.25], "texture": "#0"},
				"up": {"uv": [9.25, 8.75, 9, 8.5], "rotation": 90, "texture": "#0"},
				"down": {"uv": [9.25, 9, 9, 9.25], "rotation": 270, "texture": "#0"}
			}
		},
		{
			"name": "Voxels",
			"from": [7.67818, 2.72426, -1.84049],
			"to": [8.21151, 3.25759, -0.24049],
			"rotation": {"angle": 45, "axis": "y", "origin": [8.06763, 4.25254, 7.76473]},
			"faces": {
				"north": {"uv": [9.5, 0.5, 9.75, 0.75], "texture": "#0"},
				"east": {"uv": [7.5, 5, 8.25, 5.25], "texture": "#0"},
				"south": {"uv": [9.5, 0, 9.75, 0.25], "texture": "#0"},
				"west": {"uv": [7.5, 5.5, 8.25, 5.75], "texture": "#0"},
				"up": {"uv": [8.25, 6.25, 7.5, 6], "rotation": 90, "texture": "#0"},
				"down": {"uv": [8.25, 6.5, 7.5, 6.75], "rotation": 270, "texture": "#0"}
			}
		},
		{
			"name": "Voxels",
			"from": [7.67818, 4.85752, 2.95951],
			"to": [8.21151, 5.92419, 3.49284],
			"rotation": {"angle": 45, "axis": "y", "origin": [8.06763, 4.25254, 7.76473]},
			"faces": {
				"north": {"uv": [8.5, 5, 8.75, 5.5], "texture": "#0"},
				"east": {"uv": [8.5, 3.5, 8.75, 4], "texture": "#0"},
				"south": {"uv": [8.5, 4, 8.75, 4.5], "texture": "#0"},
				"west": {"uv": [8.5, 4.5, 8.75, 5], "texture": "#0"},
				"up": {"uv": [9.75, 1.25, 9.5, 1], "rotation": 90, "texture": "#0"},
				"down": {"uv": [9.75, 1.5, 9.5, 1.75], "rotation": 270, "texture": "#0"}
			}
		},
		{
			"name": "Voxels",
			"from": [12.87283, 4.32426, 7.37528],
			"to": [13.40616, 6.45759, 7.90861],
			"rotation": {"angle": 45, "axis": "y", "origin": [8.06763, 4.25254, 7.76473]},
			"faces": {
				"north": {"uv": [7, 2, 7.25, 3], "texture": "#0"},
				"east": {"uv": [7, 3, 7.25, 4], "texture": "#0"},
				"south": {"uv": [7, 0, 7.25, 1], "texture": "#0"},
				"west": {"uv": [7, 1, 7.25, 2], "texture": "#0"},
				"up": {"uv": [8.75, 5.75, 8.5, 5.5], "rotation": 180, "texture": "#0"},
				"down": {"uv": [8.75, 6, 8.5, 6.25], "rotation": 180, "texture": "#0"}
			}
		},
		{
			"name": "Voxels",
			"from": [12.87283, 4.85752, 6.84188],
			"to": [13.40616, 5.92419, 7.37521],
			"rotation": {"angle": 45, "axis": "y", "origin": [8.06763, 4.25254, 7.76473]},
			"faces": {
				"north": {"uv": [8, 0, 8.25, 0.5], "texture": "#0"},
				"east": {"uv": [8, 0.5, 8.25, 1], "texture": "#0"},
				"south": {"uv": [7.5, 7, 7.75, 7.5], "texture": "#0"},
				"west": {"uv": [7.5, 7.5, 7.75, 8], "texture": "#0"},
				"up": {"uv": [8.75, 6.75, 8.5, 6.5], "rotation": 180, "texture": "#0"},
				"down": {"uv": [7.25, 8.5, 7, 8.75], "rotation": 180, "texture": "#0"}
			}
		},
		{
			"name": "Voxels",
			"from": [13.40613, 3.79086, 7.37528],
			"to": [13.93946, 5.92419, 7.90861],
			"rotation": {"angle": 45, "axis": "y", "origin": [8.06763, 4.25254, 7.76473]},
			"faces": {
				"north": {"uv": [7, 6, 7.25, 7], "texture": "#0"},
				"east": {"uv": [7, 7, 7.25, 8], "texture": "#0"},
				"south": {"uv": [7, 4, 7.25, 5], "texture": "#0"},
				"west": {"uv": [7, 5, 7.25, 6], "texture": "#0"},
				"up": {"uv": [8.75, 7.25, 8.5, 7], "rotation": 180, "texture": "#0"},
				"down": {"uv": [7.75, 8.5, 7.5, 8.75], "rotation": 180, "texture": "#0"}
			}
		},
		{
			"name": "Voxels",
			"from": [12.87283, 4.85752, 7.90858],
			"to": [13.40616, 5.92419, 8.44191],
			"rotation": {"angle": 45, "axis": "y", "origin": [8.06763, 4.25254, 7.76473]},
			"faces": {
				"north": {"uv": [8, 2, 8.25, 2.5], "texture": "#0"},
				"east": {"uv": [8, 2.5, 8.25, 3], "texture": "#0"},
				"south": {"uv": [8, 1, 8.25, 1.5], "texture": "#0"},
				"west": {"uv": [8, 1.5, 8.25, 2], "texture": "#0"},
				"up": {"uv": [8.75, 7.75, 8.5, 7.5], "rotation": 180, "texture": "#0"},
				"down": {"uv": [8.25, 8.5, 8, 8.75], "rotation": 180, "texture": "#0"}
			}
		},
		{
			"name": "Voxels",
			"from": [13.40613, 4.32422, 6.84188],
			"to": [13.93946, 5.39089, 7.37521],
			"rotation": {"angle": 45, "axis": "y", "origin": [8.06763, 4.25254, 7.76473]},
			"faces": {
				"north": {"uv": [8, 4, 8.25, 4.5], "texture": "#0"},
				"east": {"uv": [8, 4.5, 8.25, 5], "texture": "#0"},
				"south": {"uv": [8, 3, 8.25, 3.5], "texture": "#0"},
				"west": {"uv": [8, 3.5, 8.25, 4], "texture": "#0"},
				"up": {"uv": [8.75, 8.25, 8.5, 8], "rotation": 180, "texture": "#0"},
				"down": {"uv": [8.75, 8.5, 8.5, 8.75], "rotation": 180, "texture": "#0"}
			}
		},
		{
			"name": "Voxels",
			"from": [13.93953, 3.25756, 7.37528],
			"to": [14.47286, 5.39089, 7.90861],
			"rotation": {"angle": 45, "axis": "y", "origin": [8.06763, 4.25254, 7.76473]},
			"faces": {
				"north": {"uv": [7.5, 2, 7.75, 3], "texture": "#0"},
				"east": {"uv": [7.5, 3, 7.75, 4], "texture": "#0"},
				"south": {"uv": [7.5, 0, 7.75, 1], "texture": "#0"},
				"west": {"uv": [7.5, 1, 7.75, 2], "texture": "#0"},
				"up": {"uv": [9.25, 0.25, 9, 0], "rotation": 180, "texture": "#0"},
				"down": {"uv": [9.25, 0.5, 9, 0.75], "rotation": 180, "texture": "#0"}
			}
		},
		{
			"name": "Voxels",
			"from": [13.40613, 4.32422, 7.90858],
			"to": [13.93946, 5.39089, 8.44191],
			"rotation": {"angle": 45, "axis": "y", "origin": [8.06763, 4.25254, 7.76473]},
			"faces": {
				"north": {"uv": [7.5, 8, 7.75, 8.5], "texture": "#0"},
				"east": {"uv": [8, 7.5, 8.25, 8], "texture": "#0"},
				"south": {"uv": [7, 8, 7.25, 8.5], "texture": "#0"},
				"west": {"uv": [8, 7, 8.25, 7.5], "texture": "#0"},
				"up": {"uv": [9.25, 1.25, 9, 1], "rotation": 180, "texture": "#0"},
				"down": {"uv": [9.25, 1.5, 9, 1.75], "rotation": 180, "texture": "#0"}
			}
		},
		{
			"name": "Voxels",
			"from": [13.93953, 3.79086, 6.84188],
			"to": [14.47286, 4.32419, 7.37521],
			"rotation": {"angle": 45, "axis": "y", "origin": [8.06763, 4.25254, 7.76473]},
			"faces": {
				"north": {"uv": [9, 3, 9.25, 3.25], "texture": "#0"},
				"east": {"uv": [3.5, 9, 3.75, 9.25], "texture": "#0"},
				"south": {"uv": [9, 2, 9.25, 2.25], "texture": "#0"},
				"west": {"uv": [9, 2.5, 9.25, 2.75], "texture": "#0"},
				"up": {"uv": [9.25, 3.75, 9, 3.5], "rotation": 180, "texture": "#0"},
				"down": {"uv": [4.25, 9, 4, 9.25], "rotation": 180, "texture": "#0"}
			}
		},
		{
			"name": "Voxels",
			"from": [14.47283, 3.25752, 7.37528],
			"to": [15.00616, 4.32419, 7.90861],
			"rotation": {"angle": 45, "axis": "y", "origin": [8.06763, 4.25254, 7.76473]},
			"faces": {
				"north": {"uv": [8.5, 0.5, 8.75, 1], "texture": "#0"},
				"east": {"uv": [8.5, 1, 8.75, 1.5], "texture": "#0"},
				"south": {"uv": [8, 8, 8.25, 8.5], "texture": "#0"},
				"west": {"uv": [8.5, 0, 8.75, 0.5], "texture": "#0"},
				"up": {"uv": [9.25, 4.25, 9, 4], "rotation": 180, "texture": "#0"},
				"down": {"uv": [4.75, 9, 4.5, 9.25], "rotation": 180, "texture": "#0"}
			}
		},
		{
			"name": "Voxels",
			"from": [13.93953, 3.79086, 7.90858],
			"to": [14.47286, 4.32419, 8.44191],
			"rotation": {"angle": 45, "axis": "y", "origin": [8.06763, 4.25254, 7.76473]},
			"faces": {
				"north": {"uv": [9, 5, 9.25, 5.25], "texture": "#0"},
				"east": {"uv": [5.5, 9, 5.75, 9.25], "texture": "#0"},
				"south": {"uv": [9, 4.5, 9.25, 4.75], "texture": "#0"},
				"west": {"uv": [5, 9, 5.25, 9.25], "texture": "#0"},
				"up": {"uv": [9.25, 5.75, 9, 5.5], "rotation": 180, "texture": "#0"},
				"down": {"uv": [6.25, 9, 6, 9.25], "rotation": 180, "texture": "#0"}
			}
		},
		{
			"name": "Voxels",
			"from": [14.47283, 3.25756, 6.84188],
			"to": [15.00616, 3.79089, 7.37521],
			"rotation": {"angle": 45, "axis": "y", "origin": [8.06763, 4.25254, 7.76473]},
			"faces": {
				"north": {"uv": [9, 6.5, 9.25, 6.75], "texture": "#0"},
				"east": {"uv": [7, 9, 7.25, 9.25], "texture": "#0"},
				"south": {"uv": [9, 6, 9.25, 6.25], "texture": "#0"},
				"west": {"uv": [6.5, 9, 6.75, 9.25], "texture": "#0"},
				"up": {"uv": [9.25, 7.25, 9, 7], "rotation": 180, "texture": "#0"},
				"down": {"uv": [7.75, 9, 7.5, 9.25], "rotation": 180, "texture": "#0"}
			}
		},
		{
			"name": "Voxels",
			"from": [15.00619, 2.72422, 7.37528],
			"to": [16.07286, 3.79089, 7.90861],
			"rotation": {"angle": 45, "axis": "y", "origin": [8.06763, 4.25254, 7.76473]},
			"faces": {
				"north": {"uv": [7.5, 4.5, 8, 5], "texture": "#0"},
				"east": {"uv": [8.5, 2, 8.75, 2.5], "texture": "#0"},
				"south": {"uv": [7.5, 4, 8, 4.5], "texture": "#0"},
				"west": {"uv": [8.5, 1.5, 8.75, 2], "texture": "#0"},
				"up": {"uv": [9, 2.75, 8.5, 2.5], "rotation": 180, "texture": "#0"},
				"down": {"uv": [9, 3, 8.5, 3.25], "rotation": 180, "texture": "#0"}
			}
		},
		{
			"name": "Voxels",
			"from": [14.47283, 3.25756, 7.90858],
			"to": [15.00616, 3.79089, 8.44191],
			"rotation": {"angle": 45, "axis": "y", "origin": [8.06763, 4.25254, 7.76473]},
			"faces": {
				"north": {"uv": [9, 8, 9.25, 8.25], "texture": "#0"},
				"east": {"uv": [8.5, 9, 8.75, 9.25], "texture": "#0"},
				"south": {"uv": [9, 7.5, 9.25, 7.75], "texture": "#0"},
				"west": {"uv": [8, 9, 8.25, 9.25], "texture": "#0"},
				"up": {"uv": [9.25, 8.75, 9, 8.5], "rotation": 180, "texture": "#0"},
				"down": {"uv": [9.25, 9, 9, 9.25], "rotation": 180, "texture": "#0"}
			}
		},
		{
			"name": "Voxels",
			"from": [16.07286, 2.72426, 7.37528],
			"to": [17.67286, 3.25759, 7.90861],
			"rotation": {"angle": 45, "axis": "y", "origin": [8.06763, 4.25254, 7.76473]},
			"faces": {
				"north": {"uv": [7.5, 5.5, 8.25, 5.75], "texture": "#0"},
				"east": {"uv": [9.5, 0.5, 9.75, 0.75], "texture": "#0"},
				"south": {"uv": [7.5, 5, 8.25, 5.25], "texture": "#0"},
				"west": {"uv": [9.5, 0, 9.75, 0.25], "texture": "#0"},
				"up": {"uv": [8.25, 6.25, 7.5, 6], "rotation": 180, "texture": "#0"},
				"down": {"uv": [8.25, 6.5, 7.5, 6.75], "rotation": 180, "texture": "#0"}
			}
		},
		{
			"name": "Voxels",
			"from": [12.33953, 4.85752, 7.37528],
			"to": [12.87286, 5.92419, 7.90861],
			"rotation": {"angle": 45, "axis": "y", "origin": [8.06763, 4.25254, 7.76473]},
			"faces": {
				"north": {"uv": [8.5, 4.5, 8.75, 5], "texture": "#0"},
				"east": {"uv": [8.5, 5, 8.75, 5.5], "texture": "#0"},
				"south": {"uv": [8.5, 3.5, 8.75, 4], "texture": "#0"},
				"west": {"uv": [8.5, 4, 8.75, 4.5], "texture": "#0"},
				"up": {"uv": [9.75, 1.25, 9.5, 1], "rotation": 180, "texture": "#0"},
				"down": {"uv": [9.75, 1.5, 9.5, 1.75], "rotation": 180, "texture": "#0"}
			}
		},
		{
			"name": "Voxels",
			"from": [7.92376, 4.32426, 12.56993],
			"to": [8.45709, 6.45759, 13.10326],
			"rotation": {"angle": 45, "axis": "y", "origin": [8.06763, 4.25254, 7.76473]},
			"faces": {
				"north": {"uv": [7, 1, 7.25, 2], "texture": "#0"},
				"east": {"uv": [7, 2, 7.25, 3], "texture": "#0"},
				"south": {"uv": [7, 3, 7.25, 4], "texture": "#0"},
				"west": {"uv": [7, 0, 7.25, 1], "texture": "#0"},
				"up": {"uv": [8.75, 5.75, 8.5, 5.5], "rotation": 270, "texture": "#0"},
				"down": {"uv": [8.75, 6, 8.5, 6.25], "rotation": 90, "texture": "#0"}
			}
		},
		{
			"name": "Voxels",
			"from": [8.45716, 4.85752, 12.56993],
			"to": [8.99049, 5.92419, 13.10326],
			"rotation": {"angle": 45, "axis": "y", "origin": [8.06763, 4.25254, 7.76473]},
			"faces": {
				"north": {"uv": [7.5, 7.5, 7.75, 8], "texture": "#0"},
				"east": {"uv": [8, 0, 8.25, 0.5], "texture": "#0"},
				"south": {"uv": [8, 0.5, 8.25, 1], "texture": "#0"},
				"west": {"uv": [7.5, 7, 7.75, 7.5], "texture": "#0"},
				"up": {"uv": [8.75, 6.75, 8.5, 6.5], "rotation": 270, "texture": "#0"},
				"down": {"uv": [7.25, 8.5, 7, 8.75], "rotation": 90, "texture": "#0"}
			}
		},
		{
			"name": "Voxels",
			"from": [7.92376, 3.79086, 13.10323],
			"to": [8.45709, 5.92419, 13.63656],
			"rotation": {"angle": 45, "axis": "y", "origin": [8.06763, 4.25254, 7.76473]},
			"faces": {
				"north": {"uv": [7, 5, 7.25, 6], "texture": "#0"},
				"east": {"uv": [7, 6, 7.25, 7], "texture": "#0"},
				"south": {"uv": [7, 7, 7.25, 8], "texture": "#0"},
				"west": {"uv": [7, 4, 7.25, 5], "texture": "#0"},
				"up": {"uv": [8.75, 7.25, 8.5, 7], "rotation": 270, "texture": "#0"},
				"down": {"uv": [7.75, 8.5, 7.5, 8.75], "rotation": 90, "texture": "#0"}
			}
		},
		{
			"name": "Voxels",
			"from": [7.39046, 4.85752, 12.56993],
			"to": [7.92379, 5.92419, 13.10326],
			"rotation": {"angle": 45, "axis": "y", "origin": [8.06763, 4.25254, 7.76473]},
			"faces": {
				"north": {"uv": [8, 1.5, 8.25, 2], "texture": "#0"},
				"east": {"uv": [8, 2, 8.25, 2.5], "texture": "#0"},
				"south": {"uv": [8, 2.5, 8.25, 3], "texture": "#0"},
				"west": {"uv": [8, 1, 8.25, 1.5], "texture": "#0"},
				"up": {"uv": [8.75, 7.75, 8.5, 7.5], "rotation": 270, "texture": "#0"},
				"down": {"uv": [8.25, 8.5, 8, 8.75], "rotation": 90, "texture": "#0"}
			}
		},
		{
			"name": "Voxels",
			"from": [8.45716, 4.32422, 13.10323],
			"to": [8.99049, 5.39089, 13.63656],
			"rotation": {"angle": 45, "axis": "y", "origin": [8.06763, 4.25254, 7.76473]},
			"faces": {
				"north": {"uv": [8, 3.5, 8.25, 4], "texture": "#0"},
				"east": {"uv": [8, 4, 8.25, 4.5], "texture": "#0"},
				"south": {"uv": [8, 4.5, 8.25, 5], "texture": "#0"},
				"west": {"uv": [8, 3, 8.25, 3.5], "texture": "#0"},
				"up": {"uv": [8.75, 8.25, 8.5, 8], "rotation": 270, "texture": "#0"},
				"down": {"uv": [8.75, 8.5, 8.5, 8.75], "rotation": 90, "texture": "#0"}
			}
		},
		{
			"name": "Voxels",
			"from": [7.92376, 3.25756, 13.63663],
			"to": [8.45709, 5.39089, 14.16996],
			"rotation": {"angle": 45, "axis": "y", "origin": [8.06763, 4.25254, 7.76473]},
			"faces": {
				"north": {"uv": [7.5, 1, 7.75, 2], "texture": "#0"},
				"east": {"uv": [7.5, 2, 7.75, 3], "texture": "#0"},
				"south": {"uv": [7.5, 3, 7.75, 4], "texture": "#0"},
				"west": {"uv": [7.5, 0, 7.75, 1], "texture": "#0"},
				"up": {"uv": [9.25, 0.25, 9, 0], "rotation": 270, "texture": "#0"},
				"down": {"uv": [9.25, 0.5, 9, 0.75], "rotation": 90, "texture": "#0"}
			}
		},
		{
			"name": "Voxels",
			"from": [7.39046, 4.32422, 13.10323],
			"to": [7.92379, 5.39089, 13.63656],
			"rotation": {"angle": 45, "axis": "y", "origin": [8.06763, 4.25254, 7.76473]},
			"faces": {
				"north": {"uv": [8, 7, 8.25, 7.5], "texture": "#0"},
				"east": {"uv": [7.5, 8, 7.75, 8.5], "texture": "#0"},
				"south": {"uv": [8, 7.5, 8.25, 8], "texture": "#0"},
				"west": {"uv": [7, 8, 7.25, 8.5], "texture": "#0"},
				"up": {"uv": [9.25, 1.25, 9, 1], "rotation": 270, "texture": "#0"},
				"down": {"uv": [9.25, 1.5, 9, 1.75], "rotation": 90, "texture": "#0"}
			}
		},
		{
			"name": "Voxels",
			"from": [8.45716, 3.79086, 13.63663],
			"to": [8.99049, 4.32419, 14.16996],
			"rotation": {"angle": 45, "axis": "y", "origin": [8.06763, 4.25254, 7.76473]},
			"faces": {
				"north": {"uv": [9, 2.5, 9.25, 2.75], "texture": "#0"},
				"east": {"uv": [9, 3, 9.25, 3.25], "texture": "#0"},
				"south": {"uv": [3.5, 9, 3.75, 9.25], "texture": "#0"},
				"west": {"uv": [9, 2, 9.25, 2.25], "texture": "#0"},
				"up": {"uv": [9.25, 3.75, 9, 3.5], "rotation": 270, "texture": "#0"},
				"down": {"uv": [4.25, 9, 4, 9.25], "rotation": 90, "texture": "#0"}
			}
		},
		{
			"name": "Voxels",
			"from": [7.92376, 3.25752, 14.16993],
			"to": [8.45709, 4.32419, 14.70326],
			"rotation": {"angle": 45, "axis": "y", "origin": [8.06763, 4.25254, 7.76473]},
			"faces": {
				"north": {"uv": [8.5, 0, 8.75, 0.5], "texture": "#0"},
				"east": {"uv": [8.5, 0.5, 8.75, 1], "texture": "#0"},
				"south": {"uv": [8.5, 1, 8.75, 1.5], "texture": "#0"},
				"west": {"uv": [8, 8, 8.25, 8.5], "texture": "#0"},
				"up": {"uv": [9.25, 4.25, 9, 4], "rotation": 270, "texture": "#0"},
				"down": {"uv": [4.75, 9, 4.5, 9.25], "rotation": 90, "texture": "#0"}
			}
		},
		{
			"name": "Voxels",
			"from": [7.39046, 3.79086, 13.63663],
			"to": [7.92379, 4.32419, 14.16996],
			"rotation": {"angle": 45, "axis": "y", "origin": [8.06763, 4.25254, 7.76473]},
			"faces": {
				"north": {"uv": [5, 9, 5.25, 9.25], "texture": "#0"},
				"east": {"uv": [9, 5, 9.25, 5.25], "texture": "#0"},
				"south": {"uv": [5.5, 9, 5.75, 9.25], "texture": "#0"},
				"west": {"uv": [9, 4.5, 9.25, 4.75], "texture": "#0"},
				"up": {"uv": [9.25, 5.75, 9, 5.5], "rotation": 270, "texture": "#0"},
				"down": {"uv": [6.25, 9, 6, 9.25], "rotation": 90, "texture": "#0"}
			}
		},
		{
			"name": "Voxels",
			"from": [8.45716, 3.25756, 14.16993],
			"to": [8.99049, 3.79089, 14.70326],
			"rotation": {"angle": 45, "axis": "y", "origin": [8.06763, 4.25254, 7.76473]},
			"faces": {
				"north": {"uv": [6.5, 9, 6.75, 9.25], "texture": "#0"},
				"east": {"uv": [9, 6.5, 9.25, 6.75], "texture": "#0"},
				"south": {"uv": [7, 9, 7.25, 9.25], "texture": "#0"},
				"west": {"uv": [9, 6, 9.25, 6.25], "texture": "#0"},
				"up": {"uv": [9.25, 7.25, 9, 7], "rotation": 270, "texture": "#0"},
				"down": {"uv": [7.75, 9, 7.5, 9.25], "rotation": 90, "texture": "#0"}
			}
		},
		{
			"name": "Voxels",
			"from": [7.92376, 2.72422, 14.70329],
			"to": [8.45709, 3.79089, 15.76996],
			"rotation": {"angle": 45, "axis": "y", "origin": [8.06763, 4.25254, 7.76473]},
			"faces": {
				"north": {"uv": [8.5, 1.5, 8.75, 2], "texture": "#0"},
				"east": {"uv": [7.5, 4.5, 8, 5], "texture": "#0"},
				"south": {"uv": [8.5, 2, 8.75, 2.5], "texture": "#0"},
				"west": {"uv": [7.5, 4, 8, 4.5], "texture": "#0"},
				"up": {"uv": [9, 2.75, 8.5, 2.5], "rotation": 270, "texture": "#0"},
				"down": {"uv": [9, 3, 8.5, 3.25], "rotation": 90, "texture": "#0"}
			}
		},
		{
			"name": "Voxels",
			"from": [7.39046, 3.25756, 14.16993],
			"to": [7.92379, 3.79089, 14.70326],
			"rotation": {"angle": 45, "axis": "y", "origin": [8.06763, 4.25254, 7.76473]},
			"faces": {
				"north": {"uv": [8, 9, 8.25, 9.25], "texture": "#0"},
				"east": {"uv": [9, 8, 9.25, 8.25], "texture": "#0"},
				"south": {"uv": [8.5, 9, 8.75, 9.25], "texture": "#0"},
				"west": {"uv": [9, 7.5, 9.25, 7.75], "texture": "#0"},
				"up": {"uv": [9.25, 8.75, 9, 8.5], "rotation": 270, "texture": "#0"},
				"down": {"uv": [9.25, 9, 9, 9.25], "rotation": 90, "texture": "#0"}
			}
		},
		{
			"name": "Voxels",
			"from": [7.92376, 2.72426, 15.76996],
			"to": [8.45709, 3.25759, 17.36996],
			"rotation": {"angle": 45, "axis": "y", "origin": [8.06763, 4.25254, 7.76473]},
			"faces": {
				"north": {"uv": [9.5, 0, 9.75, 0.25], "texture": "#0"},
				"east": {"uv": [7.5, 5.5, 8.25, 5.75], "texture": "#0"},
				"south": {"uv": [9.5, 0.5, 9.75, 0.75], "texture": "#0"},
				"west": {"uv": [7.5, 5, 8.25, 5.25], "texture": "#0"},
				"up": {"uv": [8.25, 6.25, 7.5, 6], "rotation": 270, "texture": "#0"},
				"down": {"uv": [8.25, 6.5, 7.5, 6.75], "rotation": 90, "texture": "#0"}
			}
		},
		{
			"name": "Voxels",
			"from": [7.92376, 4.85752, 12.03663],
			"to": [8.45709, 5.92419, 12.56996],
			"rotation": {"angle": 45, "axis": "y", "origin": [8.06763, 4.25254, 7.76473]},
			"faces": {
				"north": {"uv": [8.5, 4, 8.75, 4.5], "texture": "#0"},
				"east": {"uv": [8.5, 4.5, 8.75, 5], "texture": "#0"},
				"south": {"uv": [8.5, 5, 8.75, 5.5], "texture": "#0"},
				"west": {"uv": [8.5, 3.5, 8.75, 4], "texture": "#0"},
				"up": {"uv": [9.75, 1.25, 9.5, 1], "rotation": 270, "texture": "#0"},
				"down": {"uv": [9.75, 1.5, 9.5, 1.75], "rotation": 90, "texture": "#0"}
			}
		}
	],
	"gui_light": "front",
	"display": {
		"thirdperson_righthand": {
			"rotation": [66, 0, 0],
			"translation": [0, 1.25, 0],
			"scale": [0.7, 0.7, 0.71]
		},
		"thirdperson_lefthand": {
			"rotation": [66, 0, 0],
			"translation": [0, 1.25, 0],
			"scale": [0.7, 0.7, 0.71]
		},
		"firstperson_righthand": {
			"rotation": [5, 0, 0],
			"translation": [4.25, 1.25, 0]
		},
		"firstperson_lefthand": {
			"rotation": [5, 0, 0],
			"translation": [4.25, 1.25, 0]
		},
		"gui": {
			"rotation": [24, 39, 0],
			"translation": [0, 0.5, 0],
			"scale": [0.8, 0.8, 0.8]
		},
		"head": {
			"translation": [0, -30.75, 0],
			"scale": [3, 3, 3]
		},
		"fixed": {
			"translation": [0, 1, 0]
		}
	},
	"groups": [
		0,
		{
			"name": "group",
			"origin": [6.78942, 7.95345, 7.70794],
			"color": 0,
			"children": [1, 2, 3, 4, 5, 6, 7, 8, 9, 10, 11, 12, 13, 14, 15, 16, 17, 18, 19, 20, 21, 22, 23, 24, 25, 26, 27, 28, 29, 30, 31, 32, 33, 34, 35, 36, 37, 38, 39, 40, 41, 42, 43, 44, 45, 46, 47, 48, 49, 50, 51, 52, 53, 54, 55, 56, 57, 58, 59, 60]
		},
		{
			"name": "group",
			"origin": [6.78942, 7.95345, 7.70794],
			"color": 0,
			"children": [61, 62, 63, 64, 65, 66, 67, 68, 69, 70, 71, 72, 73, 74, 75, 76, 77, 78, 79, 80, 81, 82, 83, 84, 85, 86, 87, 88, 89, 90, 91, 92, 93, 94, 95, 96, 97, 98, 99, 100, 101, 102, 103, 104, 105, 106, 107, 108, 109, 110, 111, 112, 113, 114, 115, 116, 117, 118, 119, 120]
		}
	]
}