{"textures":{"0":"modelengine:entity/mushroom"},"elements":[{"name":"cube","from":[7.1,8.0,7.1],"to":[8.9,13.400001,8.9],"rotation":{"angle":0.0,"axis":"x","origin":[8.0,12.8,8.0]},"faces":{"down":{"uv":[6.5,5.75,5.75,6.5],"rotation":0,"texture":"#0","tintindex":0},"east":{"uv":[2.25,2.25,3.0,4.5],"rotation":0,"texture":"#0","tintindex":0},"north":{"uv":[2.25,0.0,3.0,2.25],"rotation":0,"texture":"#0","tintindex":0},"south":{"uv":[3.0,0.0,3.75,2.25],"rotation":0,"texture":"#0","tintindex":0},"up":{"uv":[6.5,5.75,5.75,5.0],"rotation":0,"texture":"#0","tintindex":0},"west":{"uv":[3.0,2.25,3.75,4.5],"rotation":0,"texture":"#0","tintindex":0}}},{"name":"cube","from":[5.3,13.400001,5.3],"to":[10.700001,14.6,10.700001],"rotation":{"angle":0.0,"axis":"x","origin":[8.0,12.8,8.0]},"faces":{"down":{"uv":[2.25,2.25,0.0,4.5],"rotation":0,"texture":"#0","tintindex":0},"east":{"uv":[1.25,5.75,3.5,6.25],"rotation":0,"texture":"#0","tintindex":0},"north":{"uv":[1.25,5.25,3.5,5.75],"rotation":0,"texture":"#0","tintindex":0},"south":{"uv":[3.5,5.75,5.75,6.25],"rotation":0,"texture":"#0","tintindex":0},"up":{"uv":[2.25,2.25,0.0,0.0],"rotation":0,"texture":"#0","tintindex":0},"west":{"uv":[5.75,4.5,8.0,5.0],"rotation":0,"texture":"#0","tintindex":0}}},{"name":"cube","from":[6.5,14.6,6.5],"to":[9.5,15.2,9.5],"rotation":{"angle":0.0,"axis":"x","origin":[8.0,12.8,8.0]},"faces":{"down":{"uv":[1.25,5.25,0.0,6.5],"rotation":0,"texture":"#0","tintindex":0},"east":{"uv":[6.0,3.5,7.25,3.75],"rotation":0,"texture":"#0","tintindex":0},"north":{"uv":[6.0,3.25,7.25,3.5],"rotation":0,"texture":"#0","tintindex":0},"south":{"uv":[6.0,3.75,7.25,4.0],"rotation":0,"texture":"#0","tintindex":0},"up":{"uv":[5.75,5.75,4.5,4.5],"rotation":0,"texture":"#0","tintindex":0},"west":{"uv":[6.0,4.0,7.25,4.25],"rotation":0,"texture":"#0","tintindex":0}}},{"name":"cube","from":[5.3,11.6,4.7],"to":[10.700001,13.400001,5.3],"rotation":{"angle":0.0,"axis":"x","origin":[8.0,12.8,8.0]},"faces":{"down":{"uv":[8.25,0.25,6.0,0.5],"rotation":0,"texture":"#0","tintindex":0},"east":{"uv":[1.75,6.25,2.0,7.0],"rotation":0,"texture":"#0","tintindex":0},"north":{"uv":[3.75,0.0,6.0,0.75],"rotation":0,"texture":"#0","tintindex":0},"south":{"uv":[3.75,0.75,6.0,1.5],"rotation":0,"texture":"#0","tintindex":0},"up":{"uv":[8.25,0.25,6.0,0.0],"rotation":0,"texture":"#0","tintindex":0},"west":{"uv":[2.0,6.25,2.25,7.0],"rotation":0,"texture":"#0","tintindex":0}}},{"name":"cube","from":[4.7,11.6,5.3],"to":[5.3,13.400001,10.700001],"rotation":{"angle":0.0,"axis":"x","origin":[8.0,12.8,8.0]},"faces":{"down":{"uv":[6.5,0.5,6.25,2.75],"rotation":0,"texture":"#0","tintindex":0},"east":{"uv":[3.75,1.5,6.0,2.25],"rotation":0,"texture":"#0","tintindex":0},"north":{"uv":[2.25,6.25,2.5,7.0],"rotation":0,"texture":"#0","tintindex":0},"south":{"uv":[2.5,6.25,2.75,7.0],"rotation":0,"texture":"#0","tintindex":0},"up":{"uv":[6.25,2.75,6.0,0.5],"rotation":0,"texture":"#0","tintindex":0},"west":{"uv":[3.75,2.25,6.0,3.0],"rotation":0,"texture":"#0","tintindex":0}}},{"name":"cube","from":[5.3,11.6,10.700001],"to":[10.700001,13.400001,11.3],"rotation":{"angle":0.0,"axis":"x","origin":[8.0,12.8,8.0]},"faces":{"down":{"uv":[8.25,3.0,6.0,3.25],"rotation":0,"texture":"#0","tintindex":0},"east":{"uv":[3.25,6.25,3.5,7.0],"rotation":0,"texture":"#0","tintindex":0},"north":{"uv":[0.0,4.5,2.25,5.25],"rotation":0,"texture":"#0","tintindex":0},"south":{"uv":[2.25,4.5,4.5,5.25],"rotation":0,"texture":"#0","tintindex":0},"up":{"uv":[8.25,3.0,6.0,2.75],"rotation":0,"texture":"#0","tintindex":0},"west":{"uv":[3.5,6.25,3.75,7.0],"rotation":0,"texture":"#0","tintindex":0}}},{"name":"cube","from":[10.700001,11.6,5.3],"to":[11.3,13.400001,10.700001],"rotation":{"angle":0.0,"axis":"x","origin":[8.0,12.8,8.0]},"faces":{"down":{"uv":[1.75,6.25,1.5,8.5],"rotation":0,"texture":"#0","tintindex":0},"east":{"uv":[3.75,3.0,6.0,3.75],"rotation":0,"texture":"#0","tintindex":0},"north":{"uv":[2.75,6.25,3.0,7.0],"rotation":0,"texture":"#0","tintindex":0},"south":{"uv":[3.0,6.25,3.25,7.0],"rotation":0,"texture":"#0","tintindex":0},"up":{"uv":[1.5,8.5,1.25,6.25],"rotation":0,"texture":"#0","tintindex":0},"west":{"uv":[3.75,3.75,6.0,4.5],"rotation":0,"texture":"#0","tintindex":0}}}],"display":{"head":{"translation":[0.0,-6.4,0.0],"rotation":[0.0,0.0,0.0],"scale":[3.8095,3.8095,3.8095]}}}