{
	"credit": "Made with Blockbench",
	"texture_size": [32, 32],
	"textures": {
		"0": "gempack:toffy_blackgem",
		"1": "gempack:toffy_blackgemanim",
		"particle": "gempack:toffy_blackgemanim"
	},
	"elements": [
		{
			"name": "gem",
			"from": [5.5, 8.625, 0.875],
			"to": [10.5, 13.625, 5.875],
			"rotation": {"angle": 0, "axis": "x", "origin": [7.875, 10, 7.875]},
			"faces": {
				"north": {"uv": [2.5, 8.5, 0, 6], "rotation": 180, "texture": "#0"},
				"east": {"uv": [0, 3, 2.5, 5.5], "rotation": 90, "texture": "#0"},
				"south": {"uv": [8.5, 0, 6, 2.5], "texture": "#0"},
				"west": {"uv": [3, 3, 5.5, 5.5], "rotation": 270, "texture": "#0"},
				"up": {"uv": [3, 0, 5.5, 2.5], "texture": "#0"},
				"down": {"uv": [0, 0, 2.5, 2.5], "rotation": 180, "texture": "#0"}
			}
		},
		{
			"name": "effect",
			"from": [-0.25, 3.125, -3.625],
			"to": [15.75, 19.125, -3.625],
			"rotation": {"angle": 0, "axis": "x", "origin": [7.875, 10, 7.875]},
			"faces": {
				"north": {"uv": [0, 0, 0.5, 0.5], "rotation": 90, "texture": "#1"},
				"east": {"uv": [0, 0, 8, 0], "rotation": 270, "texture": "#1"},
				"south": {"uv": [1, 0, 0, 1], "rotation": 270, "texture": "#1"},
				"west": {"uv": [0, 0, 8, 0], "rotation": 270, "texture": "#1"},
				"up": {"uv": [0, 0, 0, 8], "rotation": 270, "texture": "#1"},
				"down": {"uv": [0, 0, 0, 8], "rotation": 270, "texture": "#1"}
			}
		},
		{
			"name": "effect",
			"from": [7.75, -0.125, -14.625],
			"to": [7.75, 21.875, 7.375],
			"rotation": {"angle": 0, "axis": "x", "origin": [7.875, 10, 7.875]},
			"faces": {
				"north": {"uv": [0, 0, 8, 0], "rotation": 270, "texture": "#1"},
				"east": {"uv": [0, 0, 16, 16], "rotation": 90, "texture": "#1"},
				"south": {"uv": [0, 0, 8, 0], "rotation": 270, "texture": "#1"},
				"west": {"uv": [16, 0, 0, 16], "rotation": 270, "texture": "#1"},
				"up": {"uv": [0, 0, 0, 8], "texture": "#1"},
				"down": {"uv": [0, 0, 0, 8], "rotation": 180, "texture": "#1"}
			}
		},
		{
			"name": "effect",
			"from": [-3.25, 11.125, -14.625],
			"to": [18.75, 11.125, 7.375],
			"rotation": {"angle": 0, "axis": "x", "origin": [7.875, 10, 7.875]},
			"faces": {
				"north": {"uv": [0, 0, 8, 0], "rotation": 180, "texture": "#1"},
				"east": {"uv": [0, 0, 0, 8], "rotation": 90, "texture": "#1"},
				"south": {"uv": [0, 0, 8, 0], "texture": "#1"},
				"west": {"uv": [0, 0, 0, 8], "rotation": 270, "texture": "#1"},
				"up": {"uv": [16, 0, 0, 16], "texture": "#1"},
				"down": {"uv": [0, 0, 16, 16], "rotation": 180, "texture": "#1"}
			}
		}
	],
	"gui_light": "front",
	"display": {
		"thirdperson_righthand": {
			"translation": [-1.25, 0, -0.5],
			"scale": [0.64, 0.64, 0.64]
		},
		"thirdperson_lefthand": {
			"translation": [-1.25, 0, -0.5],
			"scale": [0.64, 0.64, 0.64]
		},
		"firstperson_righthand": {
			"translation": [0, 1.25, 0],
			"scale": [0.55, 0.55, 0.55]
		},
		"firstperson_lefthand": {
			"translation": [0, 1.25, 0],
			"scale": [0.55, 0.55, 0.55]
		},
		"ground": {
			"translation": [0, 2, 0],
			"scale": [0.35, 0.35, 0.35]
		},
		"gui": {
			"rotation": [24, 19, 0],
			"translation": [0, -3.5, 0],
			"scale": [0.7, 0.7, 0.7]
		},
		"head": {
			"translation": [0, 10.25, 0]
		},
		"fixed": {
			"translation": [0, -4.75, -1.75]
		}
	},
	"groups": [
		0,
		{
			"name": "group",
			"origin": [0, 0, 0],
			"color": 0,
			"children": [1, 2, 3]
		}
	]
}