{
	"credit": "Made with Blockbench",
	"texture_size": [32, 32],
	"textures": {
		"0": "gempack:toffy_purplegem",
		"1": "gempack:toffy_purplegemanim",
		"particle": "gempack:toffy_purplegemanim"
	},
	"elements": [
		{
			"name": "gem",
			"from": [5.5, 4.75, 1],
			"to": [10.5, 9.75, 6],
			"rotation": {"angle": 0, "axis": "x", "origin": [7.875, 7.125, 7.875]},
			"faces": {
				"north": {"uv": [2.5, 8.5, 0, 6], "rotation": 180, "texture": "#0"},
				"east": {"uv": [0, 3, 2.5, 5.5], "rotation": 90, "texture": "#0"},
				"south": {"uv": [8.5, 0, 6, 2.5], "texture": "#0"},
				"west": {"uv": [3, 3, 5.5, 5.5], "rotation": 270, "texture": "#0"},
				"up": {"uv": [3, 0, 5.5, 2.5], "texture": "#0"},
				"down": {"uv": [0, 0, 2.5, 2.5], "rotation": 180, "texture": "#0"}
			}
		},
		{
			"name": "effect",
			"from": [-0.25, -1, 2.25],
			"to": [15.75, 15, 2.25],
			"rotation": {"angle": 0, "axis": "x", "origin": [7.875, 7.125, 7.875]},
			"faces": {
				"north": {"uv": [0, 0, 0.5, 0.5], "rotation": 90, "texture": "#1"},
				"east": {"uv": [0, 0, 8, 0], "rotation": 270, "texture": "#1"},
				"south": {"uv": [1, 0, 0, 1], "rotation": 270, "texture": "#1"},
				"west": {"uv": [0, 0, 8, 0], "rotation": 270, "texture": "#1"},
				"up": {"uv": [0, 0, 0, 8], "rotation": 270, "texture": "#1"},
				"down": {"uv": [0, 0, 0, 8], "rotation": 270, "texture": "#1"}
			}
		},
		{
			"name": "effect",
			"from": [7.75, -4, -8.75],
			"to": [7.75, 18, 13.25],
			"rotation": {"angle": 0, "axis": "x", "origin": [7.875, 7.125, 7.875]},
			"faces": {
				"north": {"uv": [0, 0, 8, 0], "rotation": 270, "texture": "#1"},
				"east": {"uv": [0, 0, 16, 16], "rotation": 90, "texture": "#1"},
				"south": {"uv": [0, 0, 8, 0], "rotation": 270, "texture": "#1"},
				"west": {"uv": [16, 0, 0, 16], "rotation": 270, "texture": "#1"},
				"up": {"uv": [0, 0, 0, 8], "texture": "#1"},
				"down": {"uv": [0, 0, 0, 8], "rotation": 180, "texture": "#1"}
			}
		},
		{
			"name": "effect",
			"from": [-3.25, 7, -8.75],
			"to": [18.75, 7, 13.25],
			"rotation": {"angle": 0, "axis": "x", "origin": [7.875, 7.125, 7.875]},
			"faces": {
				"north": {"uv": [0, 0, 8, 0], "rotation": 180, "texture": "#1"},
				"east": {"uv": [0, 0, 0, 8], "rotation": 90, "texture": "#1"},
				"south": {"uv": [0, 0, 8, 0], "texture": "#1"},
				"west": {"uv": [0, 0, 0, 8], "rotation": 270, "texture": "#1"},
				"up": {"uv": [16, 0, 0, 16], "texture": "#1"},
				"down": {"uv": [0, 0, 16, 16], "rotation": 180, "texture": "#1"}
			}
		}
	],
	"gui_light": "front",
	"display": {
		"thirdperson_righthand": {
			"translation": [-1.25, 0, -0.5],
			"scale": [0.64, 0.64, 0.64]
		},
		"thirdperson_lefthand": {
			"translation": [-1.25, 0, -0.5],
			"scale": [0.64, 0.64, 0.64]
		},
		"firstperson_righthand": {
			"translation": [0, 1.25, 0],
			"scale": [0.55, 0.55, 0.55]
		},
		"firstperson_lefthand": {
			"translation": [0, 1.25, 0],
			"scale": [0.55, 0.55, 0.55]
		},
		"ground": {
			"translation": [0, 2, 0],
			"scale": [0.35, 0.35, 0.35]
		},
		"gui": {
			"rotation": [24, 19, 0],
			"translation": [0, 0.25, 0],
			"scale": [0.75, 0.75, 0.75]
		},
		"head": {
			"translation": [0, 10.25, 0]
		},
		"fixed": {
			"translation": [0, -1.25, -1.75]
		}
	},
	"groups": [
		0,
		{
			"name": "group",
			"origin": [0, 0, 0],
			"color": 0,
			"children": [1, 2, 3]
		}
	]
}