{
	"credit": "Made by LZLeon with Blockbench, Contact - Discord: LZBlocks#0261 - E-Mail: lzblocks@outlook.com",
	"texture_size": [128, 128],
	"textures": {
		"0": "custom/furniture/medieval_market/medieval_market_haybales",
		"particle": "custom/furniture/medieval_market/medieval_market_haybales"
	},
	"elements": [
		{
			"from": [0, 0, 8],
			"to": [16, 8, 18],
			"rotation": {"angle": 0, "axis": "y", "origin": [2, 0, 1]},
			"faces": {
				"north": {"uv": [1.25, 3.5, 3.25, 4.5], "texture": "#0"},
				"east": {"uv": [0, 3.5, 1.25, 4.5], "texture": "#0"},
				"south": {"uv": [4.5, 3.5, 6.5, 4.5], "texture": "#0"},
				"west": {"uv": [3.25, 3.5, 4.5, 4.5], "texture": "#0"},
				"up": {"uv": [3.25, 3.5, 1.25, 2.25], "texture": "#0"},
				"down": {"uv": [5.25, 2.25, 3.25, 3.5], "texture": "#0"}
			}
		},
		{
			"from": [-9.5, 0, -3],
			"to": [6.5, 8, 7],
			"rotation": {"angle": -22.5, "axis": "y", "origin": [2, 0, 1]},
			"faces": {
				"north": {"uv": [1.25, 3.5, 3.25, 4.5], "texture": "#0"},
				"east": {"uv": [0, 3.5, 1.25, 4.5], "texture": "#0"},
				"south": {"uv": [4.5, 3.5, 6.5, 4.5], "texture": "#0"},
				"west": {"uv": [3.25, 3.5, 4.5, 4.5], "texture": "#0"},
				"up": {"uv": [3.25, 3.5, 1.25, 2.25], "texture": "#0"},
				"down": {"uv": [5.25, 2.25, 3.25, 3.5], "texture": "#0"}
			}
		},
		{
			"from": [-2.5, 8, 4],
			"to": [4.5, 12, 4],
			"rotation": {"angle": -22.5, "axis": "y", "origin": [2, 0, 1]},
			"faces": {
				"north": {"uv": [5.25, 0, 6.125, 0.5], "texture": "#0"},
				"east": {"uv": [5.25, 0, 5.25, 0.5], "texture": "#0"},
				"south": {"uv": [6.125, 0, 7, 0.5], "texture": "#0"},
				"west": {"uv": [6.125, 0, 6.125, 0.5], "texture": "#0"},
				"up": {"uv": [6.125, 0, 5.25, 0], "texture": "#0"},
				"down": {"uv": [7, 0, 6.125, 0], "texture": "#0"}
			}
		},
		{
			"from": [0, 11, 3],
			"to": [2, 29, 5],
			"rotation": {"angle": -22.5, "axis": "y", "origin": [2, 0, 1]},
			"faces": {
				"north": {"uv": [6.75, 3.75, 7, 6], "texture": "#0"},
				"east": {"uv": [6.5, 3.75, 6.75, 6], "texture": "#0"},
				"south": {"uv": [7.25, 3.75, 7.5, 6], "texture": "#0"},
				"west": {"uv": [7, 3.75, 7.25, 6], "texture": "#0"},
				"up": {"uv": [7, 3.75, 6.75, 3.5], "texture": "#0"},
				"down": {"uv": [7.25, 3.5, 7, 3.75], "texture": "#0"}
			}
		},
		{
			"from": [2, 8, 6],
			"to": [18, 16, 16],
			"rotation": {"angle": 0, "axis": "y", "origin": [2, 0, 1]},
			"faces": {
				"north": {"uv": [1.25, 3.5, 3.25, 4.5], "texture": "#0"},
				"east": {"uv": [0, 3.5, 1.25, 4.5], "texture": "#0"},
				"south": {"uv": [4.5, 3.5, 6.5, 4.5], "texture": "#0"},
				"west": {"uv": [3.25, 3.5, 4.5, 4.5], "texture": "#0"},
				"up": {"uv": [3.25, 3.5, 1.25, 2.25], "texture": "#0"},
				"down": {"uv": [5.25, 2.25, 3.25, 3.5], "texture": "#0"}
			}
		},
		{
			"from": [7, 0.5, -0.3],
			"to": [23, 10.5, 7.7],
			"rotation": {"angle": 22.5, "axis": "x", "origin": [2, 0, 1]},
			"faces": {
				"north": {"uv": [6.5, 2.25, 8.5, 3.5], "texture": "#0"},
				"east": {"uv": [5.5, 2.25, 6.5, 3.5], "texture": "#0"},
				"south": {"uv": [9.5, 2.25, 11.5, 3.5], "texture": "#0"},
				"west": {"uv": [8.5, 2.25, 9.5, 3.5], "texture": "#0"},
				"up": {"uv": [8.5, 2.25, 6.5, 1.25], "texture": "#0"},
				"down": {"uv": [10.5, 1.25, 8.5, 2.25], "texture": "#0"}
			}
		}
	],
	"display": {
		"thirdperson_righthand": {
			"rotation": [60, -160, 0],
			"translation": [0, 3.25, 0],
			"scale": [0.6, 0.6, 0.6]
		},
		"thirdperson_lefthand": {
			"rotation": [60, -160, 0],
			"translation": [0, 3.25, 0],
			"scale": [0.6, 0.6, 0.6]
		},
		"firstperson_righthand": {
			"rotation": [0, -159, 6],
			"translation": [0, 1.5, 0],
			"scale": [0.4, 0.4, 0.4]
		},
		"firstperson_lefthand": {
			"rotation": [0, -66, 6],
			"translation": [0, 1.5, 0],
			"scale": [0.4, 0.4, 0.4]
		},
		"ground": {
			"translation": [0, 1.5, 0],
			"scale": [0.35, 0.35, 0.35]
		},
		"gui": {
			"rotation": [30, 158, 0],
			"translation": [0.25, 0.5, 0],
			"scale": [0.4, 0.4, 0.4]
		},
		"head": {
			"rotation": [0, -180, 0],
			"translation": [0, -30.4, 0],
			"scale": [1.6, 1.6, 1.6]
		},
		"fixed": {
			"rotation": [-90, 0, 0],
			"translation": [0, 0, -15],
			"scale": [2, 2, 2]
		}
	}
}