{
	"credit": "Made by LZLeon with Blockbench, Contact - Discord: LZBlocks#0261 - E-Mail: lzblocks@outlook.com",
	"texture_size": [128, 128],
	"textures": {
		"1": "custom/furniture/medieval_market/medieval_market_wagon_red"
	},
	"elements": [
		{
			"from": [0, 0, -14],
			"to": [16, 10, 14],
			"rotation": {"angle": 0, "axis": "y", "origin": [0, -8, 2]},
			"faces": {
				"north": {"uv": [3.5, 3.5, 5.5, 4.75], "texture": "#1"},
				"east": {"uv": [0, 3.5, 3.5, 4.75], "texture": "#1"},
				"south": {"uv": [9, 3.5, 11, 4.75], "texture": "#1"},
				"west": {"uv": [5.5, 3.5, 9, 4.75], "texture": "#1"},
				"up": {"uv": [5.5, 3.5, 3.5, 0], "texture": "#1"},
				"down": {"uv": [7.5, 0, 5.5, 3.5], "texture": "#1"}
			}
		},
		{
			"from": [3, 6, 0],
			"to": [13, 12, 11],
			"rotation": {"angle": 0, "axis": "y", "origin": [0, -8, 2]},
			"faces": {
				"north": {"uv": [8.375, 8.25, 9.625, 9], "texture": "#1"},
				"east": {"uv": [7, 8.25, 8.375, 9], "texture": "#1"},
				"south": {"uv": [11, 8.25, 12.25, 9], "texture": "#1"},
				"west": {"uv": [9.625, 8.25, 11, 9], "texture": "#1"},
				"up": {"uv": [9.625, 8.25, 8.375, 6.875], "texture": "#1"},
				"down": {"uv": [10.875, 6.875, 9.625, 8.25], "texture": "#1"}
			}
		},
		{
			"from": [3, 6, -11],
			"to": [13, 12, 0],
			"rotation": {"angle": 0, "axis": "y", "origin": [0, -8, 2]},
			"faces": {
				"north": {"uv": [8.375, 6.125, 9.625, 6.875], "texture": "#1"},
				"east": {"uv": [7, 6.125, 8.375, 6.875], "texture": "#1"},
				"south": {"uv": [11, 6.125, 12.25, 6.875], "texture": "#1"},
				"west": {"uv": [9.625, 6.125, 11, 6.875], "texture": "#1"},
				"up": {"uv": [9.625, 6.125, 8.375, 4.75], "texture": "#1"},
				"down": {"uv": [10.875, 4.75, 9.625, 6.125], "texture": "#1"}
			}
		},
		{
			"from": [1, -3, 9],
			"to": [4, 0, 12],
			"rotation": {"angle": 0, "axis": "y", "origin": [0, -8, 2]},
			"faces": {
				"north": {"uv": [7.875, 0.375, 8.25, 0.75], "texture": "#1"},
				"east": {"uv": [7.5, 0.375, 7.875, 0.75], "texture": "#1"},
				"south": {"uv": [8.625, 0.375, 9, 0.75], "texture": "#1"},
				"west": {"uv": [8.25, 0.375, 8.625, 0.75], "texture": "#1"},
				"up": {"uv": [8.25, 0.375, 7.875, 0], "texture": "#1"},
				"down": {"uv": [8.625, 0, 8.25, 0.375], "texture": "#1"}
			}
		},
		{
			"from": [1.5, -8, 9.5],
			"to": [3.5, -3, 11.5],
			"rotation": {"angle": 0, "axis": "y", "origin": [0, -8, 2]},
			"faces": {
				"north": {"uv": [4.25, 11.75, 4.5, 12.375], "texture": "#1"},
				"east": {"uv": [4, 11.75, 4.25, 12.375], "texture": "#1"},
				"south": {"uv": [4.75, 11.75, 5, 12.375], "texture": "#1"},
				"west": {"uv": [4.5, 11.75, 4.75, 12.375], "texture": "#1"},
				"up": {"uv": [4.5, 11.75, 4.25, 11.5], "texture": "#1"},
				"down": {"uv": [4.75, 11.5, 4.5, 11.75], "texture": "#1"}
			}
		},
		{
			"from": [12.5, -8, 9.5],
			"to": [14.5, -3, 11.5],
			"rotation": {"angle": 0, "axis": "y", "origin": [0, -8, 2]},
			"faces": {
				"north": {"uv": [3.25, 11.75, 3.5, 12.375], "texture": "#1"},
				"east": {"uv": [3, 11.75, 3.25, 12.375], "texture": "#1"},
				"south": {"uv": [3.75, 11.75, 4, 12.375], "texture": "#1"},
				"west": {"uv": [3.5, 11.75, 3.75, 12.375], "texture": "#1"},
				"up": {"uv": [3.5, 11.75, 3.25, 11.5], "texture": "#1"},
				"down": {"uv": [3.75, 11.5, 3.5, 11.75], "texture": "#1"}
			}
		},
		{
			"from": [12, -3, 9],
			"to": [15, 0, 12],
			"rotation": {"angle": 0, "axis": "y", "origin": [0, -8, 2]},
			"faces": {
				"north": {"uv": [2, 1.875, 2.375, 2.25], "texture": "#1"},
				"east": {"uv": [1.625, 1.875, 2, 2.25], "texture": "#1"},
				"south": {"uv": [2.75, 1.875, 3.125, 2.25], "texture": "#1"},
				"west": {"uv": [2.375, 1.875, 2.75, 2.25], "texture": "#1"},
				"up": {"uv": [2.375, 1.875, 2, 1.5], "texture": "#1"},
				"down": {"uv": [2.75, 1.5, 2.375, 1.875], "texture": "#1"}
			}
		},
		{
			"from": [1.5, 6.5, 19],
			"to": [3.5, 8.5, 32],
			"rotation": {"angle": 0, "axis": "y", "origin": [0, -8, 2]},
			"faces": {
				"north": {"uv": [1.625, 10.625, 1.875, 10.875], "texture": "#1"},
				"east": {"uv": [0, 10.625, 1.625, 10.875], "texture": "#1"},
				"south": {"uv": [3.5, 10.625, 3.75, 10.875], "texture": "#1"},
				"west": {"uv": [1.875, 10.625, 3.5, 10.875], "texture": "#1"},
				"up": {"uv": [1.875, 10.625, 1.625, 9], "texture": "#1"},
				"down": {"uv": [2.125, 9, 1.875, 10.625], "texture": "#1"}
			}
		},
		{
			"from": [1, 6, 14],
			"to": [4, 9, 19],
			"rotation": {"angle": 0, "axis": "y", "origin": [0, -8, 2]},
			"faces": {
				"north": {"uv": [11.625, 1, 12, 1.375], "texture": "#1"},
				"east": {"uv": [11, 1, 11.625, 1.375], "texture": "#1"},
				"south": {"uv": [12.625, 1, 13, 1.375], "texture": "#1"},
				"west": {"uv": [12, 1, 12.625, 1.375], "texture": "#1"},
				"up": {"uv": [12, 1, 11.625, 0.375], "texture": "#1"},
				"down": {"uv": [12.375, 0.375, 12, 1], "texture": "#1"}
			}
		},
		{
			"from": [12, 6, 14],
			"to": [15, 9, 19],
			"rotation": {"angle": 0, "axis": "y", "origin": [0, -8, 2]},
			"faces": {
				"north": {"uv": [11.5, 7.5, 11.875, 7.875], "texture": "#1"},
				"east": {"uv": [10.875, 7.5, 11.5, 7.875], "texture": "#1"},
				"south": {"uv": [12.5, 7.5, 12.875, 7.875], "texture": "#1"},
				"west": {"uv": [11.875, 7.5, 12.5, 7.875], "texture": "#1"},
				"up": {"uv": [11.875, 7.5, 11.5, 6.875], "texture": "#1"},
				"down": {"uv": [12.25, 6.875, 11.875, 7.5], "texture": "#1"}
			}
		},
		{
			"from": [12.5, 6.5, 19],
			"to": [14.5, 8.5, 32],
			"rotation": {"angle": 0, "axis": "y", "origin": [0, -8, 2]},
			"faces": {
				"north": {"uv": [9.125, 1.625, 9.375, 1.875], "texture": "#1"},
				"east": {"uv": [7.5, 1.625, 9.125, 1.875], "texture": "#1"},
				"south": {"uv": [11, 1.625, 11.25, 1.875], "texture": "#1"},
				"west": {"uv": [9.375, 1.625, 11, 1.875], "texture": "#1"},
				"up": {"uv": [9.375, 1.625, 9.125, 0], "texture": "#1"},
				"down": {"uv": [9.625, 0, 9.375, 1.625], "texture": "#1"}
			}
		},
		{
			"from": [4, 6.5, 16.5],
			"to": [12, 8.5, 18.5],
			"rotation": {"angle": 0, "axis": "y", "origin": [0, -8, 2]},
			"faces": {
				"north": {"uv": [0.25, 3.25, 1.25, 3.5], "texture": "#1"},
				"east": {"uv": [0, 3.25, 0.25, 3.5], "texture": "#1"},
				"south": {"uv": [1.5, 3.25, 2.5, 3.5], "texture": "#1"},
				"west": {"uv": [1.25, 3.25, 1.5, 3.5], "texture": "#1"},
				"up": {"uv": [1.25, 3.25, 0.25, 3], "texture": "#1"},
				"down": {"uv": [2.25, 3, 1.25, 3.25], "texture": "#1"}
			}
		},
		{
			"from": [1, 10, 11],
			"to": [3, 24, 13],
			"rotation": {"angle": 0, "axis": "y", "origin": [-1, 15, -2]},
			"faces": {
				"north": {"uv": [11.25, 3.625, 11.5, 5.375], "texture": "#1"},
				"east": {"uv": [11, 3.625, 11.25, 5.375], "texture": "#1"},
				"south": {"uv": [11.75, 3.625, 12, 5.375], "texture": "#1"},
				"west": {"uv": [11.5, 3.625, 11.75, 5.375], "texture": "#1"},
				"up": {"uv": [11.5, 3.625, 11.25, 3.375], "texture": "#1"},
				"down": {"uv": [11.75, 3.375, 11.5, 3.625], "texture": "#1"}
			}
		},
		{
			"from": [-9.00264, -9.54647, 11.00391],
			"to": [-7.00264, 4.45353, 13.00391],
			"rotation": {"angle": -45, "axis": "z", "origin": [31.90585, -2.74748, 12.00391]},
			"faces": {
				"north": {"uv": [2.25, 11.125, 2.5, 12.875], "texture": "#1"},
				"east": {"uv": [2, 11.125, 2.25, 12.875], "texture": "#1"},
				"south": {"uv": [2.75, 11.125, 3, 12.875], "texture": "#1"},
				"west": {"uv": [2.5, 11.125, 2.75, 12.875], "texture": "#1"},
				"up": {"uv": [2.5, 11.125, 2.25, 10.875], "texture": "#1"},
				"down": {"uv": [2.75, 10.875, 2.5, 11.125], "texture": "#1"}
			}
		},
		{
			"from": [1, 10, -13],
			"to": [3, 24, -11],
			"rotation": {"angle": 0, "axis": "y", "origin": [-1, 15, -26]},
			"faces": {
				"north": {"uv": [1.25, 11.125, 1.5, 12.875], "texture": "#1"},
				"east": {"uv": [1, 11.125, 1.25, 12.875], "texture": "#1"},
				"south": {"uv": [1.75, 11.125, 2, 12.875], "texture": "#1"},
				"west": {"uv": [1.5, 11.125, 1.75, 12.875], "texture": "#1"},
				"up": {"uv": [1.5, 11.125, 1.25, 10.875], "texture": "#1"},
				"down": {"uv": [1.75, 10.875, 1.5, 11.125], "texture": "#1"}
			}
		},
		{
			"from": [-9.00264, -9.54647, -12.99609],
			"to": [-7.00264, 4.45353, -10.99609],
			"rotation": {"angle": -45, "axis": "z", "origin": [31.90585, -2.74748, -11.99609]},
			"faces": {
				"north": {"uv": [0.25, 11.125, 0.5, 12.875], "texture": "#1"},
				"east": {"uv": [0, 11.125, 0.25, 12.875], "texture": "#1"},
				"south": {"uv": [0.75, 11.125, 1, 12.875], "texture": "#1"},
				"west": {"uv": [0.5, 11.125, 0.75, 12.875], "texture": "#1"},
				"up": {"uv": [0.5, 11.125, 0.25, 10.875], "texture": "#1"},
				"down": {"uv": [0.75, 10.875, 0.5, 11.125], "texture": "#1"}
			}
		},
		{
			"from": [-9.00264, -9.54647, -13.99609],
			"to": [-9.00264, 4.45353, 14.00391],
			"rotation": {"angle": -45, "axis": "z", "origin": [31.90585, -2.74748, 16.00391]},
			"faces": {
				"north": {"uv": [3.5, 6.5, 3.5, 8.25], "texture": "#1"},
				"east": {"uv": [0, 6.5, 3.5, 8.25], "texture": "#1"},
				"south": {"uv": [7, 6.5, 7, 8.25], "texture": "#1"},
				"west": {"uv": [3.5, 6.5, 7, 8.25], "texture": "#1"},
				"up": {"uv": [3.5, 6.5, 3.5, 3], "texture": "#1"},
				"down": {"uv": [3.5, 3, 3.5, 6.5], "texture": "#1"}
			}
		},
		{
			"from": [-1.82843, 18.37158, -13.99609],
			"to": [-1.82843, 21.37158, 14.00391],
			"rotation": {"angle": 0, "axis": "y", "origin": [39.08006, 20.17057, 15.00782]},
			"faces": {
				"north": {"uv": [3.5, 8.625, 3.5, 9], "texture": "#1"},
				"east": {"uv": [0, 8.625, 3.5, 9], "texture": "#1"},
				"south": {"uv": [7, 8.625, 7, 9], "texture": "#1"},
				"west": {"uv": [3.5, 8.625, 7, 9], "texture": "#1"},
				"up": {"uv": [3.5, 8.625, 3.5, 5.125], "texture": "#1"},
				"down": {"uv": [3.5, 5.125, 3.5, 8.625], "texture": "#1"}
			}
		},
		{
			"from": [13, 10, 10.9375],
			"to": [15, 24, 12.9375],
			"rotation": {"angle": 0, "axis": "y", "origin": [17, 15, -2.0625]},
			"faces": {
				"north": {"uv": [8.25, 11, 8.5, 12.75], "texture": "#1"},
				"east": {"uv": [8, 11, 8.25, 12.75], "texture": "#1"},
				"south": {"uv": [8.75, 11, 9, 12.75], "texture": "#1"},
				"west": {"uv": [8.5, 11, 8.75, 12.75], "texture": "#1"},
				"up": {"uv": [8.5, 11, 8.25, 10.75], "texture": "#1"},
				"down": {"uv": [8.75, 10.75, 8.5, 11], "texture": "#1"}
			}
		},
		{
			"from": [24.90213, -13.78911, 10.9336],
			"to": [26.90213, 0.21089, 12.9336],
			"rotation": {"angle": 45, "axis": "z", "origin": [-20.00636, -6.99012, 12.00391]},
			"faces": {
				"north": {"uv": [7.25, 10.75, 7.5, 12.5], "texture": "#1"},
				"east": {"uv": [7, 10.75, 7.25, 12.5], "texture": "#1"},
				"south": {"uv": [7.75, 10.75, 8, 12.5], "texture": "#1"},
				"west": {"uv": [7.5, 10.75, 7.75, 12.5], "texture": "#1"},
				"up": {"uv": [7.5, 10.75, 7.25, 10.5], "texture": "#1"},
				"down": {"uv": [7.75, 10.5, 7.5, 10.75], "texture": "#1"}
			}
		},
		{
			"from": [26.90142, -13.78982, -13.99609],
			"to": [26.90142, 0.21018, 14.00391],
			"rotation": {"angle": 45, "axis": "z", "origin": [-20.00707, -6.99083, 16.00391]},
			"faces": {
				"north": {"uv": [3.5, 4.75, 3.5, 6.5], "texture": "#1"},
				"east": {"uv": [0, 4.75, 3.5, 6.5], "texture": "#1"},
				"south": {"uv": [7, 4.75, 7, 6.5], "texture": "#1"},
				"west": {"uv": [3.5, 4.75, 7, 6.5], "texture": "#1"},
				"up": {"uv": [3.5, 4.75, 3.5, 1.25], "texture": "#1"},
				"down": {"uv": [3.5, 1.25, 3.5, 4.75], "texture": "#1"}
			}
		},
		{
			"from": [17.96956, 18.37158, -13.99609],
			"to": [17.96956, 21.37158, 14.00391],
			"rotation": {"angle": 0, "axis": "y", "origin": [-22.93893, 20.17057, 15.00782]},
			"faces": {
				"north": {"uv": [3.5, 8.25, 3.5, 8.625], "texture": "#1"},
				"east": {"uv": [0, 8.25, 3.5, 8.625], "texture": "#1"},
				"south": {"uv": [7, 8.25, 7, 8.625], "texture": "#1"},
				"west": {"uv": [3.5, 8.25, 7, 8.625], "texture": "#1"},
				"up": {"uv": [3.5, 8.25, 3.5, 4.75], "texture": "#1"},
				"down": {"uv": [3.5, 4.75, 3.5, 8.25], "texture": "#1"}
			}
		},
		{
			"from": [24.90213, -13.78911, -13.0664],
			"to": [26.90213, 0.21089, -11.0664],
			"rotation": {"angle": 45, "axis": "z", "origin": [-20.00636, -6.99012, -11.99609]},
			"faces": {
				"north": {"uv": [6.25, 10.75, 6.5, 12.5], "texture": "#1"},
				"east": {"uv": [6, 10.75, 6.25, 12.5], "texture": "#1"},
				"south": {"uv": [6.75, 10.75, 7, 12.5], "texture": "#1"},
				"west": {"uv": [6.5, 10.75, 6.75, 12.5], "texture": "#1"},
				"up": {"uv": [6.5, 10.75, 6.25, 10.5], "texture": "#1"},
				"down": {"uv": [6.75, 10.5, 6.5, 10.75], "texture": "#1"}
			}
		},
		{
			"from": [13, 10, -13.0625],
			"to": [15, 24, -11.0625],
			"rotation": {"angle": 0, "axis": "y", "origin": [17, 15, -26.0625]},
			"faces": {
				"north": {"uv": [5.25, 10.75, 5.5, 12.5], "texture": "#1"},
				"east": {"uv": [5, 10.75, 5.25, 12.5], "texture": "#1"},
				"south": {"uv": [5.75, 10.75, 6, 12.5], "texture": "#1"},
				"west": {"uv": [5.5, 10.75, 5.75, 12.5], "texture": "#1"},
				"up": {"uv": [5.5, 10.75, 5.25, 10.5], "texture": "#1"},
				"down": {"uv": [5.75, 10.5, 5.5, 10.75], "texture": "#1"}
			}
		},
		{
			"name": "octagon",
			"from": [-2, -3.55635, -15.24264],
			"to": [0, 2.44365, -13.24264],
			"rotation": {"angle": 45, "axis": "x", "origin": [-1.5, -0.65685, -8.24264]},
			"faces": {
				"north": {"uv": [11.75, 2.625, 12, 3.375], "texture": "#1"},
				"east": {"uv": [11.5, 2.625, 11.75, 3.375], "texture": "#1"},
				"south": {"uv": [12.25, 2.625, 12.5, 3.375], "texture": "#1"},
				"west": {"uv": [12, 2.625, 12.25, 3.375], "texture": "#1"},
				"up": {"uv": [12, 2.625, 11.75, 2.375], "texture": "#1"},
				"down": {"uv": [12.25, 2.375, 12, 2.625], "texture": "#1"}
			}
		},
		{
			"name": "octagon",
			"from": [-2.04297, -3.75736, -15.24264],
			"to": [-0.04297, 2.24264, -13.24264],
			"rotation": {"angle": 0, "axis": "y", "origin": [-1.54297, -0.85786, -8.24264]},
			"faces": {
				"north": {"uv": [10.75, 11.5, 11, 12.25], "texture": "#1"},
				"east": {"uv": [10.5, 11.5, 10.75, 12.25], "texture": "#1"},
				"south": {"uv": [11.25, 11.5, 11.5, 12.25], "texture": "#1"},
				"west": {"uv": [11, 11.5, 11.25, 12.25], "texture": "#1"},
				"up": {"uv": [11, 11.5, 10.75, 11.25], "texture": "#1"},
				"down": {"uv": [11.25, 11.25, 11, 11.5], "texture": "#1"}
			}
		},
		{
			"name": "octagon",
			"from": [-2, -3.89949, -2.89949],
			"to": [0, 2.10051, -0.89949],
			"rotation": {"angle": 45, "axis": "x", "origin": [-1.5, -1, -7.89949]},
			"faces": {
				"north": {"uv": [9.75, 11.25, 10, 12], "texture": "#1"},
				"east": {"uv": [9.5, 11.25, 9.75, 12], "texture": "#1"},
				"south": {"uv": [10.25, 11.25, 10.5, 12], "texture": "#1"},
				"west": {"uv": [10, 11.25, 10.25, 12], "texture": "#1"},
				"up": {"uv": [10, 11.25, 9.75, 11], "texture": "#1"},
				"down": {"uv": [10.25, 11, 10, 11.25], "texture": "#1"}
			}
		},
		{
			"name": "octagon",
			"from": [-2.04297, -3.75736, -2.75736],
			"to": [-0.04297, 2.24264, -0.75736],
			"rotation": {"angle": 0, "axis": "y", "origin": [-1.54297, -0.85786, -7.75736]},
			"faces": {
				"north": {"uv": [7, 9.25, 7.25, 10], "texture": "#1"},
				"east": {"uv": [6.75, 9.25, 7, 10], "texture": "#1"},
				"south": {"uv": [7.5, 9.25, 7.75, 10], "texture": "#1"},
				"west": {"uv": [7.25, 9.25, 7.5, 10], "texture": "#1"},
				"up": {"uv": [7.25, 9.25, 7, 9], "texture": "#1"},
				"down": {"uv": [7.5, 9, 7.25, 9.25], "texture": "#1"}
			}
		},
		{
			"name": "octagon",
			"from": [-2, -2.2, -9.6],
			"to": [0, 0.8, -6.6],
			"rotation": {"angle": 0, "axis": "y", "origin": [-1, -0.7, 7.9]},
			"faces": {
				"north": {"uv": [7.875, 1.125, 8.125, 1.5], "texture": "#1"},
				"east": {"uv": [7.5, 1.125, 7.875, 1.5], "texture": "#1"},
				"south": {"uv": [8.5, 1.125, 8.75, 1.5], "texture": "#1"},
				"west": {"uv": [8.125, 1.125, 8.5, 1.5], "texture": "#1"},
				"up": {"uv": [8.125, 1.125, 7.875, 0.75], "texture": "#1"},
				"down": {"uv": [8.375, 0.75, 8.125, 1.125], "texture": "#1"}
			}
		},
		{
			"name": "octagon",
			"from": [0, -1.7, -9.1],
			"to": [16, 0.3, -7.1],
			"rotation": {"angle": 0, "axis": "y", "origin": [-1, -0.7, 7.9]},
			"faces": {
				"north": {"uv": [7.75, 2.125, 9.75, 2.375], "texture": "#1"},
				"east": {"uv": [7.5, 2.125, 7.75, 2.375], "texture": "#1"},
				"south": {"uv": [10, 2.125, 12, 2.375], "texture": "#1"},
				"west": {"uv": [9.75, 2.125, 10, 2.375], "texture": "#1"},
				"up": {"uv": [9.75, 2.125, 7.75, 1.875], "texture": "#1"},
				"down": {"uv": [11.75, 1.875, 9.75, 2.125], "texture": "#1"}
			}
		},
		{
			"name": "octagon",
			"from": [-1.5, -6.2, -8.6],
			"to": [-0.5, 4.8, -7.6],
			"rotation": {"angle": 0, "axis": "y", "origin": [-1, -0.7, -8.1]},
			"faces": {
				"north": {"uv": [9.125, 11.125, 9.25, 12.5], "texture": "#1"},
				"east": {"uv": [9, 11.125, 9.125, 12.5], "texture": "#1"},
				"south": {"uv": [9.375, 11.125, 9.5, 12.5], "texture": "#1"},
				"west": {"uv": [9.25, 11.125, 9.375, 12.5], "texture": "#1"},
				"up": {"uv": [9.25, 11.125, 9.125, 11], "texture": "#1"},
				"down": {"uv": [9.375, 11, 9.25, 11.125], "texture": "#1"}
			}
		},
		{
			"name": "octagon",
			"from": [-1.5, -1.2, -13.6],
			"to": [-0.5, -0.2, -2.6],
			"rotation": {"angle": 0, "axis": "y", "origin": [-1, -0.7, -8.1]},
			"faces": {
				"north": {"uv": [6.5, 10.375, 6.625, 10.5], "texture": "#1"},
				"east": {"uv": [5.125, 10.375, 6.5, 10.5], "texture": "#1"},
				"south": {"uv": [8, 10.375, 8.125, 10.5], "texture": "#1"},
				"west": {"uv": [6.625, 10.375, 8, 10.5], "texture": "#1"},
				"up": {"uv": [6.625, 10.375, 6.5, 9], "texture": "#1"},
				"down": {"uv": [6.75, 9, 6.625, 10.375], "texture": "#1"}
			}
		},
		{
			"name": "octagon",
			"from": [-1.5, -1.2, -13.6],
			"to": [-0.5, -0.2, -2.6],
			"rotation": {"angle": 45, "axis": "x", "origin": [-1, -0.7, -8.1]},
			"faces": {
				"north": {"uv": [3.5, 10.375, 3.625, 10.5], "texture": "#1"},
				"east": {"uv": [2.125, 10.375, 3.5, 10.5], "texture": "#1"},
				"south": {"uv": [5, 10.375, 5.125, 10.5], "texture": "#1"},
				"west": {"uv": [3.625, 10.375, 5, 10.5], "texture": "#1"},
				"up": {"uv": [3.625, 10.375, 3.5, 9], "texture": "#1"},
				"down": {"uv": [3.75, 9, 3.625, 10.375], "texture": "#1"}
			}
		},
		{
			"name": "octagon",
			"from": [-1.5, -6.2, -8.6],
			"to": [-0.5, 4.8, -7.6],
			"rotation": {"angle": 45, "axis": "x", "origin": [-1, -0.7, -8.1]},
			"faces": {
				"north": {"uv": [1.125, 9.125, 1.25, 10.5], "texture": "#1"},
				"east": {"uv": [1, 9.125, 1.125, 10.5], "texture": "#1"},
				"south": {"uv": [1.375, 9.125, 1.5, 10.5], "texture": "#1"},
				"west": {"uv": [1.25, 9.125, 1.375, 10.5], "texture": "#1"},
				"up": {"uv": [1.25, 9.125, 1.125, 9], "texture": "#1"},
				"down": {"uv": [1.375, 9, 1.25, 9.125], "texture": "#1"}
			}
		},
		{
			"name": "octagon",
			"from": [-2, -7.85786, -11.14214],
			"to": [0, -5.85786, -5.14214],
			"rotation": {"angle": 45, "axis": "x", "origin": [-1.5, -0.85786, -8.24264]},
			"faces": {
				"north": {"uv": [3.75, 11.25, 4, 11.5], "texture": "#1"},
				"east": {"uv": [3, 11.25, 3.75, 11.5], "texture": "#1"},
				"south": {"uv": [4.75, 11.25, 5, 11.5], "texture": "#1"},
				"west": {"uv": [4, 11.25, 4.75, 11.5], "texture": "#1"},
				"up": {"uv": [4, 11.25, 3.75, 10.5], "texture": "#1"},
				"down": {"uv": [4.25, 10.5, 4, 11.25], "texture": "#1"}
			}
		},
		{
			"name": "octagon",
			"from": [-2.04297, -8, -11],
			"to": [-0.04297, -6, -5],
			"rotation": {"angle": 0, "axis": "y", "origin": [-1.54297, -1, -9]},
			"faces": {
				"north": {"uv": [11.125, 11, 11.375, 11.25], "texture": "#1"},
				"east": {"uv": [10.375, 11, 11.125, 11.25], "texture": "#1"},
				"south": {"uv": [12.125, 11, 12.375, 11.25], "texture": "#1"},
				"west": {"uv": [11.375, 11, 12.125, 11.25], "texture": "#1"},
				"up": {"uv": [11.375, 11, 11.125, 10.25], "texture": "#1"},
				"down": {"uv": [11.625, 10.25, 11.375, 11], "texture": "#1"}
			}
		},
		{
			"name": "octagon",
			"from": [-2, 4.48528, -10.79899],
			"to": [0, 6.48528, -4.79899],
			"rotation": {"angle": 45, "axis": "x", "origin": [-1.5, -0.51472, -7.89949]},
			"faces": {
				"north": {"uv": [9.875, 10.75, 10.125, 11], "texture": "#1"},
				"east": {"uv": [9.125, 10.75, 9.875, 11], "texture": "#1"},
				"south": {"uv": [10.875, 10.75, 11.125, 11], "texture": "#1"},
				"west": {"uv": [10.125, 10.75, 10.875, 11], "texture": "#1"},
				"up": {"uv": [10.125, 10.75, 9.875, 10], "texture": "#1"},
				"down": {"uv": [10.375, 10, 10.125, 10.75], "texture": "#1"}
			}
		},
		{
			"name": "octagon",
			"from": [-2.04297, 4.48528, -11],
			"to": [-0.04297, 6.48528, -5],
			"rotation": {"angle": 0, "axis": "y", "origin": [-1.54297, -0.51472, -8.10051]},
			"faces": {
				"north": {"uv": [10.625, 9.75, 10.875, 10], "texture": "#1"},
				"east": {"uv": [9.875, 9.75, 10.625, 10], "texture": "#1"},
				"south": {"uv": [11.625, 9.75, 11.875, 10], "texture": "#1"},
				"west": {"uv": [10.875, 9.75, 11.625, 10], "texture": "#1"},
				"up": {"uv": [10.875, 9.75, 10.625, 9], "texture": "#1"},
				"down": {"uv": [11.125, 9, 10.875, 9.75], "texture": "#1"}
			}
		},
		{
			"name": "octagon",
			"from": [15.95703, -3.55635, -15.24264],
			"to": [17.95703, 2.44365, -13.24264],
			"rotation": {"angle": 45, "axis": "x", "origin": [16.45703, -0.65685, -8.24264]},
			"faces": {
				"north": {"uv": [2.375, 9.25, 2.625, 10], "texture": "#1"},
				"east": {"uv": [2.125, 9.25, 2.375, 10], "texture": "#1"},
				"south": {"uv": [2.875, 9.25, 3.125, 10], "texture": "#1"},
				"west": {"uv": [2.625, 9.25, 2.875, 10], "texture": "#1"},
				"up": {"uv": [2.625, 9.25, 2.375, 9], "texture": "#1"},
				"down": {"uv": [2.875, 9, 2.625, 9.25], "texture": "#1"}
			}
		},
		{
			"name": "octagon",
			"from": [16.00391, -3.75736, -15.24264],
			"to": [18.00391, 2.24264, -13.24264],
			"rotation": {"angle": 0, "axis": "y", "origin": [16.5, -0.85786, -8.24264]},
			"faces": {
				"north": {"uv": [7.25, 7.125, 7.5, 7.875], "texture": "#1"},
				"east": {"uv": [7, 7.125, 7.25, 7.875], "texture": "#1"},
				"south": {"uv": [7.75, 7.125, 8, 7.875], "texture": "#1"},
				"west": {"uv": [7.5, 7.125, 7.75, 7.875], "texture": "#1"},
				"up": {"uv": [7.5, 7.125, 7.25, 6.875], "texture": "#1"},
				"down": {"uv": [7.75, 6.875, 7.5, 7.125], "texture": "#1"}
			}
		},
		{
			"name": "octagon",
			"from": [16, -3.89949, -2.89949],
			"to": [18, 2.10051, -0.89949],
			"rotation": {"angle": 45, "axis": "x", "origin": [16.5, -1, -7.89949]},
			"faces": {
				"north": {"uv": [7.25, 5, 7.5, 5.75], "texture": "#1"},
				"east": {"uv": [7, 5, 7.25, 5.75], "texture": "#1"},
				"south": {"uv": [7.75, 5, 8, 5.75], "texture": "#1"},
				"west": {"uv": [7.5, 5, 7.75, 5.75], "texture": "#1"},
				"up": {"uv": [7.5, 5, 7.25, 4.75], "texture": "#1"},
				"down": {"uv": [7.75, 4.75, 7.5, 5], "texture": "#1"}
			}
		},
		{
			"name": "octagon",
			"from": [16.00391, -3.75736, -2.75736],
			"to": [18.00391, 2.24264, -0.75736],
			"rotation": {"angle": 0, "axis": "y", "origin": [16.5, -0.85786, -7.75736]},
			"faces": {
				"north": {"uv": [0.25, 1.75, 0.5, 2.5], "texture": "#1"},
				"east": {"uv": [0, 1.75, 0.25, 2.5], "texture": "#1"},
				"south": {"uv": [0.75, 1.75, 1, 2.5], "texture": "#1"},
				"west": {"uv": [0.5, 1.75, 0.75, 2.5], "texture": "#1"},
				"up": {"uv": [0.5, 1.75, 0.25, 1.5], "texture": "#1"},
				"down": {"uv": [0.75, 1.5, 0.5, 1.75], "texture": "#1"}
			}
		},
		{
			"name": "octagon",
			"from": [16, -7.85786, -11.14214],
			"to": [18, -5.85786, -5.14214],
			"rotation": {"angle": 45, "axis": "x", "origin": [16.5, -0.85786, -8.24264]},
			"faces": {
				"north": {"uv": [10.375, 0.75, 10.625, 1], "texture": "#1"},
				"east": {"uv": [9.625, 0.75, 10.375, 1], "texture": "#1"},
				"south": {"uv": [11.375, 0.75, 11.625, 1], "texture": "#1"},
				"west": {"uv": [10.625, 0.75, 11.375, 1], "texture": "#1"},
				"up": {"uv": [10.625, 0.75, 10.375, 0], "texture": "#1"},
				"down": {"uv": [10.875, 0, 10.625, 0.75], "texture": "#1"}
			}
		},
		{
			"name": "octagon",
			"from": [16.00391, -8, -11],
			"to": [18.00391, -6, -5],
			"rotation": {"angle": 0, "axis": "y", "origin": [16.5, -1, -9]},
			"faces": {
				"north": {"uv": [10.25, 3.125, 10.5, 3.375], "texture": "#1"},
				"east": {"uv": [9.5, 3.125, 10.25, 3.375], "texture": "#1"},
				"south": {"uv": [11.25, 3.125, 11.5, 3.375], "texture": "#1"},
				"west": {"uv": [10.5, 3.125, 11.25, 3.375], "texture": "#1"},
				"up": {"uv": [10.5, 3.125, 10.25, 2.375], "texture": "#1"},
				"down": {"uv": [10.75, 2.375, 10.5, 3.125], "texture": "#1"}
			}
		},
		{
			"name": "octagon",
			"from": [16, 4.48528, -10.79899],
			"to": [18, 6.48528, -4.79899],
			"rotation": {"angle": 45, "axis": "x", "origin": [16.5, -0.51472, -7.89949]},
			"faces": {
				"north": {"uv": [4.5, 9.75, 4.75, 10], "texture": "#1"},
				"east": {"uv": [3.75, 9.75, 4.5, 10], "texture": "#1"},
				"south": {"uv": [5.5, 9.75, 5.75, 10], "texture": "#1"},
				"west": {"uv": [4.75, 9.75, 5.5, 10], "texture": "#1"},
				"up": {"uv": [4.75, 9.75, 4.5, 9], "texture": "#1"},
				"down": {"uv": [5, 9, 4.75, 9.75], "texture": "#1"}
			}
		},
		{
			"name": "octagon",
			"from": [16.00391, 4.48528, -11],
			"to": [18.00391, 6.48528, -5],
			"rotation": {"angle": 0, "axis": "y", "origin": [16.5, -0.51472, -8.10051]},
			"faces": {
				"north": {"uv": [8.25, 3.125, 8.5, 3.375], "texture": "#1"},
				"east": {"uv": [7.5, 3.125, 8.25, 3.375], "texture": "#1"},
				"south": {"uv": [9.25, 3.125, 9.5, 3.375], "texture": "#1"},
				"west": {"uv": [8.5, 3.125, 9.25, 3.375], "texture": "#1"},
				"up": {"uv": [8.5, 3.125, 8.25, 2.375], "texture": "#1"},
				"down": {"uv": [8.75, 2.375, 8.5, 3.125], "texture": "#1"}
			}
		},
		{
			"name": "octagon",
			"from": [16, -2.2, -9.6],
			"to": [18, 0.8, -6.6],
			"rotation": {"angle": 0, "axis": "y", "origin": [17, -0.7, 7.9]},
			"faces": {
				"north": {"uv": [0.375, 0.375, 0.625, 0.75], "texture": "#1"},
				"east": {"uv": [0, 0.375, 0.375, 0.75], "texture": "#1"},
				"south": {"uv": [1, 0.375, 1.25, 0.75], "texture": "#1"},
				"west": {"uv": [0.625, 0.375, 1, 0.75], "texture": "#1"},
				"up": {"uv": [0.625, 0.375, 0.375, 0], "texture": "#1"},
				"down": {"uv": [0.875, 0, 0.625, 0.375], "texture": "#1"}
			}
		},
		{
			"name": "octagon",
			"from": [16.5, -6.2, -8.6],
			"to": [17.5, 4.8, -7.6],
			"rotation": {"angle": 0, "axis": "y", "origin": [17, -0.7, -8.1]},
			"faces": {
				"north": {"uv": [0.625, 9.125, 0.75, 10.5], "texture": "#1"},
				"east": {"uv": [0.5, 9.125, 0.625, 10.5], "texture": "#1"},
				"south": {"uv": [0.875, 9.125, 1, 10.5], "texture": "#1"},
				"west": {"uv": [0.75, 9.125, 0.875, 10.5], "texture": "#1"},
				"up": {"uv": [0.75, 9.125, 0.625, 9], "texture": "#1"},
				"down": {"uv": [0.875, 9, 0.75, 9.125], "texture": "#1"}
			}
		},
		{
			"name": "octagon",
			"from": [16.5, -1.2, -13.6],
			"to": [17.5, -0.2, -2.6],
			"rotation": {"angle": 0, "axis": "y", "origin": [17, -0.7, -8.1]},
			"faces": {
				"north": {"uv": [1.375, 2.875, 1.5, 3], "texture": "#1"},
				"east": {"uv": [0, 2.875, 1.375, 3], "texture": "#1"},
				"south": {"uv": [2.875, 2.875, 3, 3], "texture": "#1"},
				"west": {"uv": [1.5, 2.875, 2.875, 3], "texture": "#1"},
				"up": {"uv": [1.5, 2.875, 1.375, 1.5], "texture": "#1"},
				"down": {"uv": [1.625, 1.5, 1.5, 2.875], "texture": "#1"}
			}
		},
		{
			"name": "octagon",
			"from": [16.5, -6.2, -8.6],
			"to": [17.5, 4.8, -7.6],
			"rotation": {"angle": 45, "axis": "x", "origin": [17, -0.7, -8.1]},
			"faces": {
				"north": {"uv": [0.125, 9.125, 0.25, 10.5], "texture": "#1"},
				"east": {"uv": [0, 9.125, 0.125, 10.5], "texture": "#1"},
				"south": {"uv": [0.375, 9.125, 0.5, 10.5], "texture": "#1"},
				"west": {"uv": [0.25, 9.125, 0.375, 10.5], "texture": "#1"},
				"up": {"uv": [0.25, 9.125, 0.125, 9], "texture": "#1"},
				"down": {"uv": [0.375, 9, 0.25, 9.125], "texture": "#1"}
			}
		},
		{
			"name": "octagon",
			"from": [16.5, -1.2, -13.6],
			"to": [17.5, -0.2, -2.6],
			"rotation": {"angle": 45, "axis": "x", "origin": [17, -0.7, -8.1]},
			"faces": {
				"north": {"uv": [1.375, 1.375, 1.5, 1.5], "texture": "#1"},
				"east": {"uv": [0, 1.375, 1.375, 1.5], "texture": "#1"},
				"south": {"uv": [2.875, 1.375, 3, 1.5], "texture": "#1"},
				"west": {"uv": [1.5, 1.375, 2.875, 1.5], "texture": "#1"},
				"up": {"uv": [1.5, 1.375, 1.375, 0], "texture": "#1"},
				"down": {"uv": [1.625, 0, 1.5, 1.375], "texture": "#1"}
			}
		},
		{
			"from": [6, 6, 1],
			"to": [9, 9, 4],
			"rotation": {"angle": 0, "axis": "y", "origin": [20, -5, 0]},
			"faces": {
				"north": {"uv": [2, 0.375, 2.375, 0.75], "texture": "#1"},
				"east": {"uv": [1.625, 0.375, 2, 0.75], "texture": "#1"},
				"south": {"uv": [2.75, 0.375, 3.125, 0.75], "texture": "#1"},
				"west": {"uv": [2.375, 0.375, 2.75, 0.75], "texture": "#1"},
				"up": {"uv": [2.375, 0.375, 2, 0], "texture": "#1"},
				"down": {"uv": [2.75, 0, 2.375, 0.375], "texture": "#1"}
			}
		},
		{
			"from": [4.3, 1.5, -10],
			"to": [7.3, 11.5, -6],
			"rotation": {"angle": -22.5, "axis": "z", "origin": [20, -4, 0]},
			"faces": {
				"north": {"uv": [8.625, 9.5, 9, 10.75], "texture": "#1"},
				"east": {"uv": [8.125, 9.5, 8.625, 10.75], "texture": "#1"},
				"south": {"uv": [9.5, 9.5, 9.875, 10.75], "texture": "#1"},
				"west": {"uv": [9, 9.5, 9.5, 10.75], "texture": "#1"},
				"up": {"uv": [9, 9.5, 8.625, 9], "texture": "#1"},
				"down": {"uv": [9.375, 9, 9, 9.5], "texture": "#1"}
			}
		},
		{
			"from": [4.3, 1.5, -5],
			"to": [7.3, 11.5, -1],
			"rotation": {"angle": -22.5, "axis": "z", "origin": [20, -4, 0]},
			"faces": {
				"north": {"uv": [8.625, 9.5, 9, 10.75], "texture": "#1"},
				"east": {"uv": [8.125, 9.5, 8.625, 10.75], "texture": "#1"},
				"south": {"uv": [9.5, 9.5, 9.875, 10.75], "texture": "#1"},
				"west": {"uv": [9, 9.5, 9.5, 10.75], "texture": "#1"},
				"up": {"uv": [9, 9.5, 8.625, 9], "texture": "#1"},
				"down": {"uv": [9.375, 9, 9, 9.5], "texture": "#1"}
			}
		},
		{
			"from": [1.3, -0.5, -5],
			"to": [4.3, 9.5, -1],
			"rotation": {"angle": -22.5, "axis": "z", "origin": [20, -4, 0]},
			"faces": {
				"north": {"uv": [8.625, 9.5, 9, 10.75], "texture": "#1"},
				"east": {"uv": [8.125, 9.5, 8.625, 10.75], "texture": "#1"},
				"south": {"uv": [9.5, 9.5, 9.875, 10.75], "texture": "#1"},
				"west": {"uv": [9, 9.5, 9.5, 10.75], "texture": "#1"},
				"up": {"uv": [9, 9.5, 8.625, 9], "texture": "#1"},
				"down": {"uv": [9.375, 9, 9, 9.5], "texture": "#1"}
			}
		},
		{
			"from": [1.3, -0.5, -10],
			"to": [4.3, 9.5, -6],
			"rotation": {"angle": -22.5, "axis": "z", "origin": [20, -4, 0]},
			"faces": {
				"north": {"uv": [8.625, 9.5, 9, 10.75], "texture": "#1"},
				"east": {"uv": [8.125, 9.5, 8.625, 10.75], "texture": "#1"},
				"south": {"uv": [9.5, 9.5, 9.875, 10.75], "texture": "#1"},
				"west": {"uv": [9, 9.5, 9.5, 10.75], "texture": "#1"},
				"up": {"uv": [9, 9.5, 8.625, 9], "texture": "#1"},
				"down": {"uv": [9.375, 9, 9, 9.5], "texture": "#1"}
			}
		},
		{
			"from": [7.5, 9, 2],
			"to": [7.5, 10, 3],
			"rotation": {"angle": 45, "axis": "y", "origin": [7.5, 9, 2.5]},
			"faces": {
				"north": {"uv": [0.125, 0.125, 0.125, 0.25], "texture": "#1"},
				"east": {"uv": [0, 0.125, 0.125, 0.25], "texture": "#1"},
				"south": {"uv": [0.25, 0.125, 0.25, 0.25], "texture": "#1"},
				"west": {"uv": [0.125, 0.125, 0.25, 0.25], "texture": "#1"},
				"up": {"uv": [0.125, 0.125, 0.125, 0], "texture": "#1"},
				"down": {"uv": [0.125, 0, 0.125, 0.125], "texture": "#1"}
			}
		},
		{
			"from": [6, 6, 8],
			"to": [9, 9, 11],
			"rotation": {"angle": 0, "axis": "y", "origin": [20, -5, 7]},
			"faces": {
				"north": {"uv": [2, 0.375, 2.375, 0.75], "texture": "#1"},
				"east": {"uv": [1.625, 0.375, 2, 0.75], "texture": "#1"},
				"south": {"uv": [2.75, 0.375, 3.125, 0.75], "texture": "#1"},
				"west": {"uv": [2.375, 0.375, 2.75, 0.75], "texture": "#1"},
				"up": {"uv": [2.375, 0.375, 2, 0], "texture": "#1"},
				"down": {"uv": [2.75, 0, 2.375, 0.375], "texture": "#1"}
			}
		},
		{
			"from": [7.5, 9, 9],
			"to": [7.5, 10, 10],
			"rotation": {"angle": 45, "axis": "y", "origin": [7.5, 9, 9.5]},
			"faces": {
				"north": {"uv": [0.125, 0.125, 0.125, 0.25], "texture": "#1"},
				"east": {"uv": [0, 0.125, 0.125, 0.25], "texture": "#1"},
				"south": {"uv": [0.25, 0.125, 0.25, 0.25], "texture": "#1"},
				"west": {"uv": [0.125, 0.125, 0.25, 0.25], "texture": "#1"},
				"up": {"uv": [0.125, 0.125, 0.125, 0], "texture": "#1"},
				"down": {"uv": [0.125, 0, 0.125, 0.125], "texture": "#1"}
			}
		},
		{
			"from": [10, 6, 8],
			"to": [13, 9, 11],
			"rotation": {"angle": 0, "axis": "y", "origin": [24, -5, 7]},
			"faces": {
				"north": {"uv": [2, 0.375, 2.375, 0.75], "texture": "#1"},
				"east": {"uv": [1.625, 0.375, 2, 0.75], "texture": "#1"},
				"south": {"uv": [2.75, 0.375, 3.125, 0.75], "texture": "#1"},
				"west": {"uv": [2.375, 0.375, 2.75, 0.75], "texture": "#1"},
				"up": {"uv": [2.375, 0.375, 2, 0], "texture": "#1"},
				"down": {"uv": [2.75, 0, 2.375, 0.375], "texture": "#1"}
			}
		},
		{
			"from": [11.5, 9, 9],
			"to": [11.5, 10, 10],
			"rotation": {"angle": 45, "axis": "y", "origin": [11.5, 9, 9.5]},
			"faces": {
				"north": {"uv": [0.125, 0.125, 0.125, 0.25], "texture": "#1"},
				"east": {"uv": [0, 0.125, 0.125, 0.25], "texture": "#1"},
				"south": {"uv": [0.25, 0.125, 0.25, 0.25], "texture": "#1"},
				"west": {"uv": [0.125, 0.125, 0.25, 0.25], "texture": "#1"},
				"up": {"uv": [0.125, 0.125, 0.125, 0], "texture": "#1"},
				"down": {"uv": [0.125, 0, 0.125, 0.125], "texture": "#1"}
			}
		},
		{
			"from": [9, 6, 4],
			"to": [12, 9, 7],
			"rotation": {"angle": 0, "axis": "y", "origin": [23, -5, 3]},
			"faces": {
				"north": {"uv": [2, 0.375, 2.375, 0.75], "texture": "#1"},
				"east": {"uv": [1.625, 0.375, 2, 0.75], "texture": "#1"},
				"south": {"uv": [2.75, 0.375, 3.125, 0.75], "texture": "#1"},
				"west": {"uv": [2.375, 0.375, 2.75, 0.75], "texture": "#1"},
				"up": {"uv": [2.375, 0.375, 2, 0], "texture": "#1"},
				"down": {"uv": [2.75, 0, 2.375, 0.375], "texture": "#1"}
			}
		},
		{
			"from": [10.5, 9, 5],
			"to": [10.5, 10, 6],
			"rotation": {"angle": 45, "axis": "y", "origin": [10.5, 9, 5.5]},
			"faces": {
				"north": {"uv": [0.125, 0.125, 0.125, 0.25], "texture": "#1"},
				"east": {"uv": [0, 0.125, 0.125, 0.25], "texture": "#1"},
				"south": {"uv": [0.25, 0.125, 0.25, 0.25], "texture": "#1"},
				"west": {"uv": [0.125, 0.125, 0.25, 0.25], "texture": "#1"},
				"up": {"uv": [0.125, 0.125, 0.125, 0], "texture": "#1"},
				"down": {"uv": [0.125, 0, 0.125, 0.125], "texture": "#1"}
			}
		},
		{
			"from": [3, 6, 4],
			"to": [6, 9, 7],
			"rotation": {"angle": 0, "axis": "y", "origin": [17, -5, 3]},
			"faces": {
				"north": {"uv": [2, 0.375, 2.375, 0.75], "texture": "#1"},
				"east": {"uv": [1.625, 0.375, 2, 0.75], "texture": "#1"},
				"south": {"uv": [2.75, 0.375, 3.125, 0.75], "texture": "#1"},
				"west": {"uv": [2.375, 0.375, 2.75, 0.75], "texture": "#1"},
				"up": {"uv": [2.375, 0.375, 2, 0], "texture": "#1"},
				"down": {"uv": [2.75, 0, 2.375, 0.375], "texture": "#1"}
			}
		},
		{
			"from": [4.5, 9, 5],
			"to": [4.5, 10, 6],
			"rotation": {"angle": 45, "axis": "y", "origin": [4.5, 9, 5.5]},
			"faces": {
				"north": {"uv": [0.125, 0.125, 0.125, 0.25], "texture": "#1"},
				"east": {"uv": [0, 0.125, 0.125, 0.25], "texture": "#1"},
				"south": {"uv": [0.25, 0.125, 0.25, 0.25], "texture": "#1"},
				"west": {"uv": [0.125, 0.125, 0.25, 0.25], "texture": "#1"},
				"up": {"uv": [0.125, 0.125, 0.125, 0], "texture": "#1"},
				"down": {"uv": [0.125, 0, 0.125, 0.125], "texture": "#1"}
			}
		},
		{
			"from": [10, 6, 0.06641],
			"to": [13, 9, 3.06641],
			"rotation": {"angle": 0, "axis": "y", "origin": [24, -5, -1]},
			"faces": {
				"north": {"uv": [2, 0.375, 2.375, 0.75], "texture": "#1"},
				"east": {"uv": [1.625, 0.375, 2, 0.75], "texture": "#1"},
				"south": {"uv": [2.75, 0.375, 3.125, 0.75], "texture": "#1"},
				"west": {"uv": [2.375, 0.375, 2.75, 0.75], "texture": "#1"},
				"up": {"uv": [2.375, 0.375, 2, 0], "texture": "#1"},
				"down": {"uv": [2.75, 0, 2.375, 0.375], "texture": "#1"}
			}
		},
		{
			"from": [11.5, 9, 1],
			"to": [11.5, 10, 2],
			"rotation": {"angle": 45, "axis": "y", "origin": [11.5, 9, 1.5]},
			"faces": {
				"north": {"uv": [0.125, 0.125, 0.125, 0.25], "texture": "#1"},
				"east": {"uv": [0, 0.125, 0.125, 0.25], "texture": "#1"},
				"south": {"uv": [0.25, 0.125, 0.25, 0.25], "texture": "#1"},
				"west": {"uv": [0.125, 0.125, 0.25, 0.25], "texture": "#1"},
				"up": {"uv": [0.125, 0.125, 0.125, 0], "texture": "#1"},
				"down": {"uv": [0.125, 0, 0.125, 0.125], "texture": "#1"}
			}
		},
		{
			"from": [3, 6, 0.09766],
			"to": [6, 9, 3.09766],
			"rotation": {"angle": 0, "axis": "y", "origin": [17, -5, -1]},
			"faces": {
				"north": {"uv": [2, 0.375, 2.375, 0.75], "texture": "#1"},
				"east": {"uv": [1.625, 0.375, 2, 0.75], "texture": "#1"},
				"south": {"uv": [2.75, 0.375, 3.125, 0.75], "texture": "#1"},
				"west": {"uv": [2.375, 0.375, 2.75, 0.75], "texture": "#1"},
				"up": {"uv": [2.375, 0.375, 2, 0], "texture": "#1"},
				"down": {"uv": [2.75, 0, 2.375, 0.375], "texture": "#1"}
			}
		},
		{
			"from": [4.5, 9, 1],
			"to": [4.5, 10, 2],
			"rotation": {"angle": 45, "axis": "y", "origin": [4.5, 9, 1.5]},
			"faces": {
				"north": {"uv": [0.125, 0.125, 0.125, 0.25], "texture": "#1"},
				"east": {"uv": [0, 0.125, 0.125, 0.25], "texture": "#1"},
				"south": {"uv": [0.25, 0.125, 0.25, 0.25], "texture": "#1"},
				"west": {"uv": [0.125, 0.125, 0.25, 0.25], "texture": "#1"},
				"up": {"uv": [0.125, 0.125, 0.125, 0], "texture": "#1"},
				"down": {"uv": [0.125, 0, 0.125, 0.125], "texture": "#1"}
			}
		},
		{
			"from": [3, 6, 8],
			"to": [6, 9, 11],
			"rotation": {"angle": 0, "axis": "y", "origin": [17, -5, 7]},
			"faces": {
				"north": {"uv": [2, 0.375, 2.375, 0.75], "texture": "#1"},
				"east": {"uv": [1.625, 0.375, 2, 0.75], "texture": "#1"},
				"south": {"uv": [2.75, 0.375, 3.125, 0.75], "texture": "#1"},
				"west": {"uv": [2.375, 0.375, 2.75, 0.75], "texture": "#1"},
				"up": {"uv": [2.375, 0.375, 2, 0], "texture": "#1"},
				"down": {"uv": [2.75, 0, 2.375, 0.375], "texture": "#1"}
			}
		},
		{
			"from": [4.5, 9, 9],
			"to": [4.5, 10, 10],
			"rotation": {"angle": 45, "axis": "y", "origin": [4.5, 9, 9.5]},
			"faces": {
				"north": {"uv": [0.125, 0.125, 0.125, 0.25], "texture": "#1"},
				"east": {"uv": [0, 0.125, 0.125, 0.25], "texture": "#1"},
				"south": {"uv": [0.25, 0.125, 0.25, 0.25], "texture": "#1"},
				"west": {"uv": [0.125, 0.125, 0.25, 0.25], "texture": "#1"},
				"up": {"uv": [0.125, 0.125, 0.125, 0], "texture": "#1"},
				"down": {"uv": [0.125, 0, 0.125, 0.125], "texture": "#1"}
			}
		},
		{
			"from": [5, 9, 7],
			"to": [8, 12, 10],
			"rotation": {"angle": 0, "axis": "y", "origin": [19, -2, 6]},
			"faces": {
				"north": {"uv": [2, 0.375, 2.375, 0.75], "texture": "#1"},
				"east": {"uv": [1.625, 0.375, 2, 0.75], "texture": "#1"},
				"south": {"uv": [2.75, 0.375, 3.125, 0.75], "texture": "#1"},
				"west": {"uv": [2.375, 0.375, 2.75, 0.75], "texture": "#1"},
				"up": {"uv": [2.375, 0.375, 2, 0], "texture": "#1"},
				"down": {"uv": [2.75, 0, 2.375, 0.375], "texture": "#1"}
			}
		},
		{
			"from": [6.5, 12, 8],
			"to": [6.5, 13, 9],
			"rotation": {"angle": 45, "axis": "y", "origin": [6.5, 12, 8.5]},
			"faces": {
				"north": {"uv": [0.125, 0.125, 0.125, 0.25], "texture": "#1"},
				"east": {"uv": [0, 0.125, 0.125, 0.25], "texture": "#1"},
				"south": {"uv": [0.25, 0.125, 0.25, 0.25], "texture": "#1"},
				"west": {"uv": [0.125, 0.125, 0.25, 0.25], "texture": "#1"},
				"up": {"uv": [0.125, 0.125, 0.125, 0], "texture": "#1"},
				"down": {"uv": [0.125, 0, 0.125, 0.125], "texture": "#1"}
			}
		},
		{
			"from": [8, 9, 3],
			"to": [11, 12, 6],
			"rotation": {"angle": 0, "axis": "y", "origin": [22, -2, 2]},
			"faces": {
				"north": {"uv": [2, 0.375, 2.375, 0.75], "texture": "#1"},
				"east": {"uv": [1.625, 0.375, 2, 0.75], "texture": "#1"},
				"south": {"uv": [2.75, 0.375, 3.125, 0.75], "texture": "#1"},
				"west": {"uv": [2.375, 0.375, 2.75, 0.75], "texture": "#1"},
				"up": {"uv": [2.375, 0.375, 2, 0], "texture": "#1"},
				"down": {"uv": [2.75, 0, 2.375, 0.375], "texture": "#1"}
			}
		},
		{
			"from": [9.5, 12, 4],
			"to": [9.5, 13, 5],
			"rotation": {"angle": 45, "axis": "y", "origin": [9.5, 12, 4.5]},
			"faces": {
				"north": {"uv": [0.125, 0.125, 0.125, 0.25], "texture": "#1"},
				"east": {"uv": [0, 0.125, 0.125, 0.25], "texture": "#1"},
				"south": {"uv": [0.25, 0.125, 0.25, 0.25], "texture": "#1"},
				"west": {"uv": [0.125, 0.125, 0.25, 0.25], "texture": "#1"},
				"up": {"uv": [0.125, 0.125, 0.125, 0], "texture": "#1"},
				"down": {"uv": [0.125, 0, 0.125, 0.125], "texture": "#1"}
			}
		},
		{
			"from": [5, 9, 0.5],
			"to": [8, 12, 3.5],
			"rotation": {"angle": 0, "axis": "y", "origin": [19, -2, -0.5]},
			"faces": {
				"north": {"uv": [2, 0.375, 2.375, 0.75], "texture": "#1"},
				"east": {"uv": [1.625, 0.375, 2, 0.75], "texture": "#1"},
				"south": {"uv": [2.75, 0.375, 3.125, 0.75], "texture": "#1"},
				"west": {"uv": [2.375, 0.375, 2.75, 0.75], "texture": "#1"},
				"up": {"uv": [2.375, 0.375, 2, 0], "texture": "#1"},
				"down": {"uv": [2.75, 0, 2.375, 0.375], "texture": "#1"}
			}
		},
		{
			"from": [6.5, 12, 1.5],
			"to": [6.5, 13, 2.5],
			"rotation": {"angle": 45, "axis": "y", "origin": [6.5, 12, 2]},
			"faces": {
				"north": {"uv": [0.125, 0.125, 0.125, 0.25], "texture": "#1"},
				"east": {"uv": [0, 0.125, 0.125, 0.25], "texture": "#1"},
				"south": {"uv": [0.25, 0.125, 0.25, 0.25], "texture": "#1"},
				"west": {"uv": [0.125, 0.125, 0.25, 0.25], "texture": "#1"},
				"up": {"uv": [0.125, 0.125, 0.125, 0], "texture": "#1"},
				"down": {"uv": [0.125, 0, 0.125, 0.125], "texture": "#1"}
			}
		},
		{
			"from": [9, 9, 7],
			"to": [12, 12, 10],
			"rotation": {"angle": 0, "axis": "y", "origin": [23, -2, 6]},
			"faces": {
				"north": {"uv": [2, 0.375, 2.375, 0.75], "texture": "#1"},
				"east": {"uv": [1.625, 0.375, 2, 0.75], "texture": "#1"},
				"south": {"uv": [2.75, 0.375, 3.125, 0.75], "texture": "#1"},
				"west": {"uv": [2.375, 0.375, 2.75, 0.75], "texture": "#1"},
				"up": {"uv": [2.375, 0.375, 2, 0], "texture": "#1"},
				"down": {"uv": [2.75, 0, 2.375, 0.375], "texture": "#1"}
			}
		},
		{
			"from": [10.5, 12, 8],
			"to": [10.5, 13, 9],
			"rotation": {"angle": 45, "axis": "y", "origin": [10.5, 12, 8.5]},
			"faces": {
				"north": {"uv": [0.125, 0.125, 0.125, 0.25], "texture": "#1"},
				"east": {"uv": [0, 0.125, 0.125, 0.25], "texture": "#1"},
				"south": {"uv": [0.25, 0.125, 0.25, 0.25], "texture": "#1"},
				"west": {"uv": [0.125, 0.125, 0.25, 0.25], "texture": "#1"},
				"up": {"uv": [0.125, 0.125, 0.125, 0], "texture": "#1"},
				"down": {"uv": [0.125, 0, 0.125, 0.125], "texture": "#1"}
			}
		},
		{
			"from": [4, 9, 4],
			"to": [7, 12, 7],
			"rotation": {"angle": 0, "axis": "y", "origin": [18, -2, 2]},
			"faces": {
				"north": {"uv": [2, 0.375, 2.375, 0.75], "texture": "#1"},
				"east": {"uv": [1.625, 0.375, 2, 0.75], "texture": "#1"},
				"south": {"uv": [2.75, 0.375, 3.125, 0.75], "texture": "#1"},
				"west": {"uv": [2.375, 0.375, 2.75, 0.75], "texture": "#1"},
				"up": {"uv": [2.375, 0.375, 2, 0], "texture": "#1"},
				"down": {"uv": [2.75, 0, 2.375, 0.375], "texture": "#1"}
			}
		},
		{
			"from": [4.8, 12, 4.8],
			"to": [4.8, 13, 5.8],
			"rotation": {"angle": 45, "axis": "y", "origin": [5.5, 12, 4.5]},
			"faces": {
				"north": {"uv": [0.125, 0.125, 0.125, 0.25], "texture": "#1"},
				"east": {"uv": [0, 0.125, 0.125, 0.25], "texture": "#1"},
				"south": {"uv": [0.25, 0.125, 0.25, 0.25], "texture": "#1"},
				"west": {"uv": [0.125, 0.125, 0.25, 0.25], "texture": "#1"},
				"up": {"uv": [0.125, 0.125, 0.125, 0], "texture": "#1"},
				"down": {"uv": [0.125, 0, 0.125, 0.125], "texture": "#1"}
			}
		},
		{
			"from": [7, 12, 6],
			"to": [10, 15, 9],
			"rotation": {"angle": 0, "axis": "y", "origin": [21, 1, 5]},
			"faces": {
				"north": {"uv": [2, 0.375, 2.375, 0.75], "texture": "#1"},
				"east": {"uv": [1.625, 0.375, 2, 0.75], "texture": "#1"},
				"south": {"uv": [2.75, 0.375, 3.125, 0.75], "texture": "#1"},
				"west": {"uv": [2.375, 0.375, 2.75, 0.75], "texture": "#1"},
				"up": {"uv": [2.375, 0.375, 2, 0], "texture": "#1"},
				"down": {"uv": [2.75, 0, 2.375, 0.375], "texture": "#1"}
			}
		},
		{
			"from": [8.5, 15, 7],
			"to": [8.5, 16, 8],
			"rotation": {"angle": 45, "axis": "y", "origin": [8.5, 15, 7.5]},
			"faces": {
				"north": {"uv": [0.125, 0.125, 0.125, 0.25], "texture": "#1"},
				"east": {"uv": [0, 0.125, 0.125, 0.25], "texture": "#1"},
				"south": {"uv": [0.25, 0.125, 0.25, 0.25], "texture": "#1"},
				"west": {"uv": [0.125, 0.125, 0.25, 0.25], "texture": "#1"},
				"up": {"uv": [0.125, 0.125, 0.125, 0], "texture": "#1"},
				"down": {"uv": [0.125, 0, 0.125, 0.125], "texture": "#1"}
			}
		},
		{
			"from": [5.5, 12, 2],
			"to": [8.5, 15, 5],
			"rotation": {"angle": 0, "axis": "y", "origin": [19.5, 1, 1]},
			"faces": {
				"north": {"uv": [2, 0.375, 2.375, 0.75], "texture": "#1"},
				"east": {"uv": [1.625, 0.375, 2, 0.75], "texture": "#1"},
				"south": {"uv": [2.75, 0.375, 3.125, 0.75], "texture": "#1"},
				"west": {"uv": [2.375, 0.375, 2.75, 0.75], "texture": "#1"},
				"up": {"uv": [2.375, 0.375, 2, 0], "texture": "#1"},
				"down": {"uv": [2.75, 0, 2.375, 0.375], "texture": "#1"}
			}
		},
		{
			"from": [7, 15, 3],
			"to": [7, 16, 4],
			"rotation": {"angle": 45, "axis": "y", "origin": [7, 15, 3.5]},
			"faces": {
				"north": {"uv": [0.125, 0.125, 0.125, 0.25], "texture": "#1"},
				"east": {"uv": [0, 0.125, 0.125, 0.25], "texture": "#1"},
				"south": {"uv": [0.25, 0.125, 0.25, 0.25], "texture": "#1"},
				"west": {"uv": [0.125, 0.125, 0.25, 0.25], "texture": "#1"},
				"up": {"uv": [0.125, 0.125, 0.125, 0], "texture": "#1"},
				"down": {"uv": [0.125, 0, 0.125, 0.125], "texture": "#1"}
			}
		},
		{
			"name": "cube inverted",
			"from": [13, 12, 0],
			"to": [3, 6, -11],
			"rotation": {"angle": 0, "axis": "y", "origin": [0, -8, 2]},
			"faces": {
				"north": {"uv": [11, 6.875, 12.25, 6.125], "texture": "#1"},
				"east": {"uv": [9.625, 6.875, 11, 6.125], "texture": "#1"},
				"south": {"uv": [8.375, 6.875, 9.625, 6.125], "texture": "#1"},
				"west": {"uv": [7, 6.875, 8.375, 6.125], "texture": "#1"},
				"up": {"uv": [9.625, 4.75, 10.875, 6.125], "texture": "#1"},
				"down": {"uv": [8.375, 6.125, 9.625, 4.75], "texture": "#1"}
			}
		},
		{
			"name": "cube inverted",
			"from": [13, 12, 11],
			"to": [3, 6, 0],
			"rotation": {"angle": 0, "axis": "y", "origin": [0, -8, 2]},
			"faces": {
				"north": {"uv": [11, 9, 12.25, 8.25], "texture": "#1"},
				"east": {"uv": [9.625, 9, 11, 8.25], "texture": "#1"},
				"south": {"uv": [8.375, 9, 9.625, 8.25], "texture": "#1"},
				"west": {"uv": [7, 9, 8.375, 8.25], "texture": "#1"},
				"up": {"uv": [9.625, 6.875, 10.875, 8.25], "texture": "#1"},
				"down": {"uv": [8.375, 8.25, 9.625, 6.875], "texture": "#1"}
			}
		}
	],
	"display": {
		"thirdperson_righthand": {
			"rotation": [60, -160, 0],
			"translation": [-2.75, 10.25, -2.25],
			"scale": [0.5, 0.5, 0.5]
		},
		"thirdperson_lefthand": {
			"rotation": [60, -160, 0],
			"translation": [-2.75, 10.25, -2.25],
			"scale": [0.5, 0.5, 0.5]
		},
		"firstperson_righthand": {
			"rotation": [0, -73, 6],
			"translation": [0, 1.25, 0],
			"scale": [0.35, 0.35, 0.35]
		},
		"firstperson_lefthand": {
			"rotation": [0, -73, 6],
			"translation": [0, 1.25, 0],
			"scale": [0.35, 0.35, 0.35]
		},
		"ground": {
			"translation": [0, 1.5, 3],
			"scale": [0.3, 0.3, 0.3]
		},
		"gui": {
			"rotation": [30, -40, 0],
			"translation": [-1, -1.75, 0],
			"scale": [0.3, 0.3, 0.3]
		},
		"head": {
			"translation": [0, -17.65, 0],
			"scale": [1.6, 1.6, 1.6]
		},
		"fixed": {
			"rotation": [-90, -180, 0],
			"translation": [0, 0, -31],
			"scale": [2, 2, 2]
		}
	},
	"groups": [
		0,
		1,
		2,
		3,
		4,
		5,
		6,
		7,
		8,
		9,
		10,
		11,
		12,
		13,
		14,
		15,
		16,
		17,
		18,
		19,
		20,
		21,
		22,
		23,
		{
			"name": "octagon",
			"origin": [8, 8, 8],
			"color": 0,
			"children": [24, 25, 26, 27, 28, 29, 30, 31, 32, 33, 34, 35, 36, 37, 38, 39, 40, 41, 42, 43, 44, 45, 46, 47, 48, 49, 50]
		},
		51,
		52,
		53,
		54,
		55,
		56,
		57,
		58,
		59,
		60,
		61,
		62,
		63,
		64,
		65,
		66,
		67,
		68,
		69,
		70,
		71,
		72,
		73,
		74,
		75,
		76,
		77,
		78,
		79,
		80,
		81,
		82,
		83,
		84,
		85,
		86
	]
}