{
	"credit": "Made by LZLeon with Blockbench, Contact - Discord: LZBlocks#0261 - E-Mail: lzblocks@outlook.com",
	"texture_size": [128, 128],
	"textures": {
		"0": "custom/furniture/medieval_market/medieval_market_campfire",
		"particle": "custom/furniture/medieval_market/medieval_market_campfire"
	},
	"elements": [
		{
			"from": [0, 0, 7],
			"to": [16, 3, 10],
			"rotation": {"angle": 0, "axis": "y", "origin": [8, 0, 8.5]},
			"faces": {
				"north": {"uv": [6.875, 4, 8.875, 4.375], "texture": "#0"},
				"east": {"uv": [6.5, 4, 6.875, 4.375], "texture": "#0"},
				"south": {"uv": [9.25, 4, 11.25, 4.375], "texture": "#0"},
				"west": {"uv": [8.875, 4, 9.25, 4.375], "texture": "#0"},
				"up": {"uv": [8.875, 4, 6.875, 3.625], "texture": "#0"},
				"down": {"uv": [10.875, 3.625, 8.875, 4], "texture": "#0"}
			}
		},
		{
			"from": [8, 3, -4.5],
			"to": [8, 32, 21.5],
			"rotation": {"angle": 0, "axis": "y", "origin": [8, 0, 8.5]},
			"faces": {
				"north": {"uv": [3.25, 3.25, 3.25, 6.875], "texture": "#0"},
				"east": {"uv": [0, 3.25, 3.25, 6.875], "texture": "#0"},
				"south": {"uv": [6.5, 3.25, 6.5, 6.875], "texture": "#0"},
				"west": {"uv": [3.25, 3.25, 6.5, 6.875], "texture": "#0"},
				"up": {"uv": [3.25, 3.25, 3.25, 0], "texture": "#0"},
				"down": {"uv": [3.25, 0, 3.25, 3.25], "texture": "#0"}
			}
		},
		{
			"from": [-5, 3, 8.5],
			"to": [21, 32, 8.5],
			"rotation": {"angle": 0, "axis": "y", "origin": [8, 0, 8.5]},
			"faces": {
				"north": {"uv": [6.5, 0, 9.75, 3.625], "texture": "#0"},
				"east": {"uv": [6.5, 0, 6.5, 3.625], "texture": "#0"},
				"south": {"uv": [9.75, 0, 13, 3.625], "texture": "#0"},
				"west": {"uv": [9.75, 0, 9.75, 3.625], "texture": "#0"},
				"up": {"uv": [9.75, 0, 6.5, 0], "texture": "#0"},
				"down": {"uv": [13, 0, 9.75, 0], "texture": "#0"}
			}
		},
		{
			"from": [6.5, -0.25078, 0],
			"to": [9.5, 2.74922, 16],
			"rotation": {"angle": 0, "axis": "y", "origin": [8, 0, 8.5]},
			"faces": {
				"north": {"uv": [6.5, 6.875, 6.875, 7.25], "texture": "#0"},
				"east": {"uv": [4.5, 6.875, 6.5, 7.25], "texture": "#0"},
				"south": {"uv": [8.875, 6.875, 9.25, 7.25], "texture": "#0"},
				"west": {"uv": [6.875, 6.875, 8.875, 7.25], "texture": "#0"},
				"up": {"uv": [6.875, 6.875, 6.5, 4.875], "texture": "#0"},
				"down": {"uv": [7.25, 4.875, 6.875, 6.875], "texture": "#0"}
			}
		},
		{
			"from": [6.5, -0.02734, -0.5],
			"to": [9.5, 2.97266, 16.5],
			"rotation": {"angle": 45, "axis": "y", "origin": [8, 0, 8.5]},
			"faces": {
				"north": {"uv": [2.125, 2.125, 2.5, 2.5], "texture": "#0"},
				"east": {"uv": [0, 2.125, 2.125, 2.5], "texture": "#0"},
				"south": {"uv": [4.625, 2.125, 5, 2.5], "texture": "#0"},
				"west": {"uv": [2.5, 2.125, 4.625, 2.5], "texture": "#0"},
				"up": {"uv": [2.5, 2.125, 2.125, 0], "texture": "#0"},
				"down": {"uv": [2.875, 0, 2.5, 2.125], "texture": "#0"}
			}
		},
		{
			"from": [-0.5, -0.07031, 6.5],
			"to": [16.5, 2.92969, 9.5],
			"rotation": {"angle": 45, "axis": "y", "origin": [8, 0, 8.5]},
			"faces": {
				"north": {"uv": [0.375, 2.875, 2.5, 3.25], "texture": "#0"},
				"east": {"uv": [0, 2.875, 0.375, 3.25], "texture": "#0"},
				"south": {"uv": [2.875, 2.875, 5, 3.25], "texture": "#0"},
				"west": {"uv": [2.5, 2.875, 2.875, 3.25], "texture": "#0"},
				"up": {"uv": [2.5, 2.875, 0.375, 2.5], "texture": "#0"},
				"down": {"uv": [4.625, 2.5, 2.5, 2.875], "texture": "#0"}
			}
		}
	],
	"display": {
		"thirdperson_righthand": {
			"rotation": [60, -160, 0],
			"translation": [0, 4.5, 2],
			"scale": [0.6, 0.6, 0.6]
		},
		"thirdperson_lefthand": {
			"rotation": [60, -160, 0],
			"translation": [0, 4.5, 2],
			"scale": [0.6, 0.6, 0.6]
		},
		"firstperson_righthand": {
			"rotation": [0, -73, 6],
			"translation": [0, 1.5, 0],
			"scale": [0.4, 0.4, 0.4]
		},
		"firstperson_lefthand": {
			"rotation": [0, -73, 6],
			"translation": [0, 1.5, 0],
			"scale": [0.4, 0.4, 0.4]
		},
		"ground": {
			"translation": [0, 1.5, 0],
			"scale": [0.35, 0.35, 0.35]
		},
		"gui": {
			"rotation": [30, -40, 0],
			"translation": [0.25, -0.75, 0],
			"scale": [0.5, 0.5, 0.5]
		},
		"head": {
			"translation": [0, -30.4, 0],
			"scale": [1.6, 1.6, 1.6]
		},
		"fixed": {
			"rotation": [-90, 0, 0],
			"translation": [0, 0, -15],
			"scale": [2, 2, 2]
		}
	}
}