{"textures":{"0":"modelengine:entity/deer"},"elements":[{"name":"cube","from":[6.2158403,7.474024,4.998693],"to":[9.784161,11.042343,9.459093],"rotation":{"angle":0.0,"axis":"x","origin":[8.0,9.258184,7.2288933]},"faces":{"down":{"uv":[7.75,0.0,6.75,1.25],"rotation":0,"texture":"#0","tintindex":0},"east":{"uv":[6.25,4.5,7.5,5.5],"rotation":0,"texture":"#0","tintindex":0},"north":{"uv":[6.5,3.5,7.5,4.5],"rotation":0,"texture":"#0","tintindex":0},"south":{"uv":[7.0,1.25,8.0,2.25],"rotation":0,"texture":"#0","tintindex":0},"up":{"uv":[7.5,6.75,6.5,5.5],"rotation":0,"texture":"#0","tintindex":0},"west":{"uv":[6.5,2.5,7.75,3.5],"rotation":0,"texture":"#0","tintindex":0}}},{"name":"cube","from":[6.66188,7.474024,2.322453],"to":[9.3381195,9.258184,4.998693],"rotation":{"angle":0.0,"axis":"x","origin":[7.55396,9.258184,7.2288933]},"faces":{"down":{"uv":[8.75,7.75,8.0,8.5],"rotation":0,"texture":"#0","tintindex":0},"east":{"uv":[7.25,8.5,8.0,9.0],"rotation":0,"texture":"#0","tintindex":0},"north":{"uv":[2.75,8.5,3.5,9.0],"rotation":0,"texture":"#0","tintindex":0},"south":{"uv":[8.0,8.5,8.75,9.0],"rotation":0,"texture":"#0","tintindex":0},"up":{"uv":[8.75,5.25,8.0,4.5],"rotation":0,"texture":"#0","tintindex":0},"west":{"uv":[8.75,0.0,9.5,0.5],"rotation":0,"texture":"#0","tintindex":0}}},{"name":"cube","from":[6.2158403,11.042343,7.2288933],"to":[7.1079197,12.826505,8.567013],"rotation":{"angle":0.0,"axis":"x","origin":[7.55396,9.258184,7.2288933]},"faces":{"down":{"uv":[7.0,9.0,6.75,9.375],"rotation":0,"texture":"#0","tintindex":0},"east":{"uv":[3.25,9.0,3.625,9.5],"rotation":0,"texture":"#0","tintindex":0},"north":{"uv":[0.75,7.5,1.0,8.0],"rotation":0,"texture":"#0","tintindex":0},"south":{"uv":[8.0,5.25,8.25,5.75],"rotation":0,"texture":"#0","tintindex":0},"up":{"uv":[9.0,3.125,8.75,2.75],"rotation":0,"texture":"#0","tintindex":0},"west":{"uv":[3.75,9.0,4.125,9.5],"rotation":0,"texture":"#0","tintindex":0}}},{"name":"cube","from":[5.7018943,11.042343,8.499107],"to":[6.593974,14.610663,9.391188],"rotation":{"angle":22.5,"axis":"z","origin":[7.4860544,12.380465,9.837228]},"faces":{"down":{"uv":[8.25,2.0,8.0,2.25],"rotation":0,"texture":"#0","tintindex":0},"east":{"uv":[8.75,7.75,9.0,8.75],"rotation":0,"texture":"#0","tintindex":0},"north":{"uv":[6.25,7.25,6.5,8.25],"rotation":0,"texture":"#0","tintindex":0},"south":{"uv":[8.75,8.75,9.0,9.75],"rotation":0,"texture":"#0","tintindex":0},"up":{"uv":[6.5,5.75,6.25,5.5],"rotation":0,"texture":"#0","tintindex":0},"west":{"uv":[9.0,0.5,9.25,1.5],"rotation":0,"texture":"#0","tintindex":0}}},{"name":"cube","from":[4.9163394,13.27904,10.114361],"to":[5.808419,16.847363,11.006441],"rotation":{"angle":45.0,"axis":"x","origin":[5.362379,15.676505,10.337381]},"faces":{"down":{"uv":[8.5,9.0,8.25,9.25],"rotation":0,"texture":"#0","tintindex":0},"east":{"uv":[2.25,9.0,2.5,10.0],"rotation":0,"texture":"#0","tintindex":0},"north":{"uv":[2.0,9.0,2.25,10.0],"rotation":0,"texture":"#0","tintindex":0},"south":{"uv":[2.5,9.0,2.75,10.0],"rotation":0,"texture":"#0","tintindex":0},"up":{"uv":[9.25,7.5,9.0,7.25],"rotation":0,"texture":"#0","tintindex":0},"west":{"uv":[2.75,9.0,3.0,10.0],"rotation":0,"texture":"#0","tintindex":0}}},{"name":"cube","from":[4.999972,15.36391,11.204386],"to":[5.669032,19.82431,11.8734455],"rotation":{"angle":-22.5,"axis":"x","origin":[5.362379,15.085134,10.061409]},"faces":{"down":{"uv":[9.5,0.75,9.25,0.875],"rotation":0,"texture":"#0","tintindex":0},"east":{"uv":[4.25,9.0,4.375,10.25],"rotation":0,"texture":"#0","tintindex":0},"north":{"uv":[1.25,8.75,1.5,10.0],"rotation":0,"texture":"#0","tintindex":0},"south":{"uv":[5.0,8.75,5.25,10.0],"rotation":0,"texture":"#0","tintindex":0},"up":{"uv":[9.5,0.625,9.25,0.5],"rotation":0,"texture":"#0","tintindex":0},"west":{"uv":[5.25,9.0,5.375,10.25],"rotation":0,"texture":"#0","tintindex":0}}},{"name":"cube","from":[3.2968771,10.982681,8.610617],"to":[3.9659371,14.551002,9.279677],"rotation":{"angle":45.0,"axis":"z","origin":[4.230773,14.411614,8.945147]},"faces":{"down":{"uv":[9.5,1.25,9.25,1.375],"rotation":0,"texture":"#0","tintindex":0},"east":{"uv":[9.0,6.25,9.125,7.25],"rotation":0,"texture":"#0","tintindex":0},"north":{"uv":[9.0,2.75,9.25,3.75],"rotation":0,"texture":"#0","tintindex":0},"south":{"uv":[3.0,9.0,3.25,10.0],"rotation":0,"texture":"#0","tintindex":0},"up":{"uv":[9.5,1.125,9.25,1.0],"rotation":0,"texture":"#0","tintindex":0},"west":{"uv":[6.5,9.0,6.625,10.0],"rotation":0,"texture":"#0","tintindex":0}}},{"name":"cube","from":[3.534296,14.608929,9.488758],"to":[4.203356,17.285168,10.157818],"rotation":{"angle":-45.0,"axis":"z","origin":[4.969987,12.824767,8.945147]},"faces":{"down":{"uv":[2.0,9.25,1.75,9.375],"rotation":0,"texture":"#0","tintindex":0},"east":{"uv":[7.0,9.0,7.125,9.75],"rotation":0,"texture":"#0","tintindex":0},"north":{"uv":[5.5,1.25,5.75,2.0],"rotation":0,"texture":"#0","tintindex":0},"south":{"uv":[3.5,7.0,3.75,7.75],"rotation":0,"texture":"#0","tintindex":0},"up":{"uv":[1.75,9.375,1.5,9.25],"rotation":0,"texture":"#0","tintindex":0},"west":{"uv":[7.25,9.0,7.375,9.75],"rotation":0,"texture":"#0","tintindex":0}}},{"name":"cube","from":[5.209053,18.414585,10.131773],"to":[5.655093,21.090824,10.577814],"rotation":{"angle":22.5,"axis":"z","origin":[5.3345017,17.968544,10.466304]},"faces":{"down":{"uv":[9.375,2.25,9.25,2.375],"rotation":0,"texture":"#0","tintindex":0},"east":{"uv":[7.75,9.0,7.875,9.75],"rotation":0,"texture":"#0","tintindex":0},"north":{"uv":[7.5,9.0,7.625,9.75],"rotation":0,"texture":"#0","tintindex":0},"south":{"uv":[9.0,7.75,9.125,8.5],"rotation":0,"texture":"#0","tintindex":0},"up":{"uv":[9.375,2.125,9.25,2.0],"rotation":0,"texture":"#0","tintindex":0},"west":{"uv":[8.0,9.0,8.125,9.75],"rotation":0,"texture":"#0","tintindex":0}}},{"name":"cube","from":[9.406026,11.042343,8.499107],"to":[10.298105,14.610663,9.391188],"rotation":{"angle":-22.5,"axis":"z","origin":[8.513946,12.380465,9.837228]},"faces":{"down":{"uv":[8.0,2.0,8.25,2.25],"rotation":0,"texture":"#0","tintindex":0},"east":{"uv":[9.25,0.5,9.0,1.5],"rotation":0,"texture":"#0","tintindex":0},"north":{"uv":[6.5,7.25,6.25,8.25],"rotation":0,"texture":"#0","tintindex":0},"south":{"uv":[9.0,8.75,8.75,9.75],"rotation":0,"texture":"#0","tintindex":0},"up":{"uv":[6.25,5.75,6.5,5.5],"rotation":0,"texture":"#0","tintindex":0},"west":{"uv":[9.0,7.75,8.75,8.75],"rotation":0,"texture":"#0","tintindex":0}}},{"name":"cube","from":[12.034063,10.982681,8.610617],"to":[12.703122,14.551002,9.279677],"rotation":{"angle":-45.0,"axis":"z","origin":[11.769227,14.411614,8.945147]},"faces":{"down":{"uv":[9.25,1.25,9.5,1.375],"rotation":0,"texture":"#0","tintindex":0},"east":{"uv":[6.625,9.0,6.5,10.0],"rotation":0,"texture":"#0","tintindex":0},"north":{"uv":[9.25,2.75,9.0,3.75],"rotation":0,"texture":"#0","tintindex":0},"south":{"uv":[3.25,9.0,3.0,10.0],"rotation":0,"texture":"#0","tintindex":0},"up":{"uv":[9.25,1.125,9.5,1.0],"rotation":0,"texture":"#0","tintindex":0},"west":{"uv":[9.125,6.25,9.0,7.25],"rotation":0,"texture":"#0","tintindex":0}}},{"name":"cube","from":[10.191581,13.27904,10.114361],"to":[11.083661,16.847363,11.006441],"rotation":{"angle":45.0,"axis":"x","origin":[10.637621,15.676505,10.337381]},"faces":{"down":{"uv":[8.25,9.0,8.5,9.25],"rotation":0,"texture":"#0","tintindex":0},"east":{"uv":[3.0,9.0,2.75,10.0],"rotation":0,"texture":"#0","tintindex":0},"north":{"uv":[2.25,9.0,2.0,10.0],"rotation":0,"texture":"#0","tintindex":0},"south":{"uv":[2.75,9.0,2.5,10.0],"rotation":0,"texture":"#0","tintindex":0},"up":{"uv":[9.0,7.5,9.25,7.25],"rotation":0,"texture":"#0","tintindex":0},"west":{"uv":[2.5,9.0,2.25,10.0],"rotation":0,"texture":"#0","tintindex":0}}},{"name":"cube","from":[11.796644,14.608929,9.488758],"to":[12.465704,17.285168,10.157818],"rotation":{"angle":45.0,"axis":"z","origin":[11.030012,12.824767,8.945147]},"faces":{"down":{"uv":[1.75,9.25,2.0,9.375],"rotation":0,"texture":"#0","tintindex":0},"east":{"uv":[7.375,9.0,7.25,9.75],"rotation":0,"texture":"#0","tintindex":0},"north":{"uv":[5.75,1.25,5.5,2.0],"rotation":0,"texture":"#0","tintindex":0},"south":{"uv":[3.75,7.0,3.5,7.75],"rotation":0,"texture":"#0","tintindex":0},"up":{"uv":[1.5,9.375,1.75,9.25],"rotation":0,"texture":"#0","tintindex":0},"west":{"uv":[7.125,9.0,7.0,9.75],"rotation":0,"texture":"#0","tintindex":0}}},{"name":"cube","from":[10.330969,15.36391,11.204386],"to":[11.000029,19.82431,11.8734455],"rotation":{"angle":-22.5,"axis":"x","origin":[10.637621,15.085134,10.061409]},"faces":{"down":{"uv":[9.25,0.75,9.5,0.875],"rotation":0,"texture":"#0","tintindex":0},"east":{"uv":[5.375,9.0,5.25,10.25],"rotation":0,"texture":"#0","tintindex":0},"north":{"uv":[1.5,8.75,1.25,10.0],"rotation":0,"texture":"#0","tintindex":0},"south":{"uv":[5.25,8.75,5.0,10.0],"rotation":0,"texture":"#0","tintindex":0},"up":{"uv":[9.25,0.625,9.5,0.5],"rotation":0,"texture":"#0","tintindex":0},"west":{"uv":[4.375,9.0,4.25,10.25],"rotation":0,"texture":"#0","tintindex":0}}},{"name":"cube","from":[10.344908,18.414585,10.131773],"to":[10.790947,21.090824,10.577814],"rotation":{"angle":-22.5,"axis":"z","origin":[10.665499,17.968544,10.466304]},"faces":{"down":{"uv":[9.25,2.25,9.375,2.375],"rotation":0,"texture":"#0","tintindex":0},"east":{"uv":[8.125,9.0,8.0,9.75],"rotation":0,"texture":"#0","tintindex":0},"north":{"uv":[7.625,9.0,7.5,9.75],"rotation":0,"texture":"#0","tintindex":0},"south":{"uv":[9.125,7.75,9.0,8.5],"rotation":0,"texture":"#0","tintindex":0},"up":{"uv":[9.25,2.125,9.375,2.0],"rotation":0,"texture":"#0","tintindex":0},"west":{"uv":[7.875,9.0,7.75,9.75],"rotation":0,"texture":"#0","tintindex":0}}},{"name":"cube","from":[8.89208,11.042343,7.2288933],"to":[9.784161,12.826505,8.567013],"rotation":{"angle":0.0,"axis":"x","origin":[8.446039,9.258184,7.2288933]},"faces":{"down":{"uv":[6.75,9.0,7.0,9.375],"rotation":0,"texture":"#0","tintindex":0},"east":{"uv":[4.125,9.0,3.75,9.5],"rotation":0,"texture":"#0","tintindex":0},"north":{"uv":[1.0,7.5,0.75,8.0],"rotation":0,"texture":"#0","tintindex":0},"south":{"uv":[8.25,5.25,8.0,5.75],"rotation":0,"texture":"#0","tintindex":0},"up":{"uv":[8.75,3.125,9.0,2.75],"rotation":0,"texture":"#0","tintindex":0},"west":{"uv":[3.625,9.0,3.25,9.5],"rotation":0,"texture":"#0","tintindex":0}}},{"name":"cube","from":[7.55396,8.812143,1.8764127],"to":[8.446039,9.704225,2.7684922],"rotation":{"angle":0.0,"axis":"x","origin":[7.55396,9.258184,7.2288933]},"faces":{"down":{"uv":[0.5,9.25,0.25,9.5],"rotation":0,"texture":"#0","tintindex":0},"east":{"uv":[9.0,8.5,9.25,8.75],"rotation":0,"texture":"#0","tintindex":0},"north":{"uv":[8.5,9.0,8.75,9.25],"rotation":0,"texture":"#0","tintindex":0},"south":{"uv":[9.0,8.75,9.25,9.0],"rotation":0,"texture":"#0","tintindex":0},"up":{"uv":[0.25,9.5,0.0,9.25],"rotation":0,"texture":"#0","tintindex":0},"west":{"uv":[9.0,9.0,9.25,9.25],"rotation":0,"texture":"#0","tintindex":0}}}],"display":{"head":{"translation":[0.0,-6.4,0.0],"rotation":[0.0,0.0,0.0],"scale":[3.8095,3.8095,3.8095]}}}