{"textures":{"0":"modelengine:entity/deer"},"elements":[{"name":"cube","from":[7.1079197,7.25396,6.7348995],"to":[8.89208,8.14604,8.965099],"rotation":{"angle":0.0,"axis":"x","origin":[10.2302,18.431957,1.2610799]},"faces":{"down":{"uv":[9.25,4.5,8.75,5.125],"rotation":0,"texture":"#0","tintindex":0},"east":{"uv":[9.0,1.5,9.625,1.75],"rotation":0,"texture":"#0","tintindex":0},"north":{"uv":[6.0,9.0,6.5,9.25],"rotation":0,"texture":"#0","tintindex":0},"south":{"uv":[9.0,6.0,9.5,6.25],"rotation":0,"texture":"#0","tintindex":0},"up":{"uv":[5.0,9.375,4.5,8.75],"rotation":0,"texture":"#0","tintindex":0},"west":{"uv":[9.0,3.75,9.625,4.0],"rotation":0,"texture":"#0","tintindex":0}}}],"display":{"head":{"translation":[0.0,-6.4,0.0],"rotation":[0.0,0.0,0.0],"scale":[3.8095,3.8095,3.8095]}}}