{"textures":{"0":"modelengine:entity/deer"},"elements":[{"name":"cube","from":[7.1079197,7.25396,6.8849],"to":[8.89208,8.14604,9.1151],"rotation":{"angle":0.0,"axis":"x","origin":[10.2302,19.32404,7.65564]},"faces":{"down":{"uv":[9.25,2.0,8.75,2.625],"rotation":0,"texture":"#0","tintindex":0},"east":{"uv":[7.0,2.25,7.625,2.5],"rotation":0,"texture":"#0","tintindex":0},"north":{"uv":[5.5,9.0,6.0,9.25],"rotation":0,"texture":"#0","tintindex":0},"south":{"uv":[9.0,5.75,9.5,6.0],"rotation":0,"texture":"#0","tintindex":0},"up":{"uv":[1.25,9.375,0.75,8.75],"rotation":0,"texture":"#0","tintindex":0},"west":{"uv":[7.5,6.5,8.125,6.75],"rotation":0,"texture":"#0","tintindex":0}}}],"display":{"head":{"translation":[0.0,-6.4,0.0],"rotation":[0.0,0.0,0.0],"scale":[3.8095,3.8095,3.8095]}}}