{"textures":{"0":"modelengine:entity/deer"},"elements":[{"name":"cube","from":[7.1079197,3.9697998,7.1079197],"to":[8.89208,8.430201,8.89208],"rotation":{"angle":0.0,"axis":"x","origin":[10.2302,15.147797,7.43262]},"faces":{"down":{"uv":[2.5,6.5,2.0,7.0],"rotation":0,"texture":"#0","tintindex":0},"east":{"uv":[7.75,0.0,8.25,1.25],"rotation":0,"texture":"#0","tintindex":0},"north":{"uv":[7.5,4.5,8.0,5.75],"rotation":0,"texture":"#0","tintindex":0},"south":{"uv":[7.75,2.25,8.25,3.5],"rotation":0,"texture":"#0","tintindex":0},"up":{"uv":[1.5,6.5,1.0,6.0],"rotation":0,"texture":"#0","tintindex":0},"west":{"uv":[3.5,7.75,4.0,9.0],"rotation":0,"texture":"#0","tintindex":0}}}],"display":{"head":{"translation":[0.0,-6.4,0.0],"rotation":[0.0,0.0,0.0],"scale":[3.8095,3.8095,3.8095]}}}