{"textures":{"0":"modelengine:entity/deer"},"elements":[{"name":"cube","from":[7.3309402,4.54723,7.0768642],"to":[8.66906,8.78461,8.414985],"rotation":{"angle":22.5,"axis":"x","origin":[8.0,7.000449,6.8538446]},"faces":{"down":{"uv":[9.375,5.25,9.0,5.625],"rotation":0,"texture":"#0","tintindex":0},"east":{"uv":[1.5,8.0,1.875,9.25],"rotation":0,"texture":"#0","tintindex":0},"north":{"uv":[4.0,7.75,4.375,9.0],"rotation":0,"texture":"#0","tintindex":0},"south":{"uv":[8.25,0.0,8.625,1.25],"rotation":0,"texture":"#0","tintindex":0},"up":{"uv":[9.375,4.375,9.0,4.0],"rotation":0,"texture":"#0","tintindex":0},"west":{"uv":[8.25,2.0,8.625,3.25],"rotation":0,"texture":"#0","tintindex":0}}}],"display":{"head":{"translation":[0.0,-6.4,0.0],"rotation":[0.0,0.0,0.0],"scale":[3.8095,3.8095,3.8095]}}}