{"textures":{"0":"modelengine:entity/deer"},"elements":[{"name":"cube","from":[6.66188,3.52376,6.66188],"to":[9.3381195,8.876241,9.3381195],"rotation":{"angle":0.0,"axis":"x","origin":[10.2302,10.241358,7.43262]},"faces":{"down":{"uv":[8.75,1.25,8.0,2.0],"rotation":0,"texture":"#0","tintindex":0},"east":{"uv":[2.0,7.0,2.75,8.5],"rotation":0,"texture":"#0","tintindex":0},"north":{"uv":[6.5,6.75,7.25,8.25],"rotation":0,"texture":"#0","tintindex":0},"south":{"uv":[2.75,7.0,3.5,8.5],"rotation":0,"texture":"#0","tintindex":0},"up":{"uv":[1.5,8.75,0.75,8.0],"rotation":0,"texture":"#0","tintindex":0},"west":{"uv":[4.5,7.25,5.25,8.75],"rotation":0,"texture":"#0","tintindex":0}}}],"display":{"head":{"translation":[0.0,-6.4,0.0],"rotation":[0.0,0.0,0.0],"scale":[3.8095,3.8095,3.8095]}}}