{"textures":{"0":"modelengine:entity/deer"},"elements":[{"name":"cube","from":[5.7698,5.769926,5.2668085],"to":[10.2302,10.230327,9.727209],"rotation":{"angle":22.5,"axis":"x","origin":[8.0,9.063513,8.584817]},"faces":{"down":{"uv":[6.75,0.0,5.5,1.25],"rotation":0,"texture":"#0","tintindex":0},"east":{"uv":[2.5,4.5,3.75,5.75],"rotation":0,"texture":"#0","tintindex":0},"north":{"uv":[4.5,2.0,5.75,3.25],"rotation":0,"texture":"#0","tintindex":0},"south":{"uv":[4.5,3.25,5.75,4.5],"rotation":0,"texture":"#0","tintindex":0},"up":{"uv":[6.25,5.75,5.0,4.5],"rotation":0,"texture":"#0","tintindex":0},"west":{"uv":[3.75,4.5,5.0,5.75],"rotation":0,"texture":"#0","tintindex":0}}}],"display":{"head":{"translation":[0.0,-6.4,0.0],"rotation":[0.0,0.0,0.0],"scale":[3.8095,3.8095,3.8095]}}}