{"textures":{"0":"modelengine:entity/deer"},"elements":[{"name":"cube","from":[6.66188,6.6488338,6.9036393],"to":[9.3381195,13.785474,10.47196],"rotation":{"angle":-22.5,"axis":"x","origin":[8.446039,7.291144,10.889907]},"faces":{"down":{"uv":[8.25,3.5,7.5,4.5],"rotation":0,"texture":"#0","tintindex":0},"east":{"uv":[4.5,0.0,5.5,2.0],"rotation":0,"texture":"#0","tintindex":0},"north":{"uv":[5.75,2.5,6.5,4.5],"rotation":0,"texture":"#0","tintindex":0},"south":{"uv":[3.75,5.75,4.5,7.75],"rotation":0,"texture":"#0","tintindex":0},"up":{"uv":[0.75,8.5,0.0,7.5],"rotation":0,"texture":"#0","tintindex":0},"west":{"uv":[1.5,4.5,2.5,6.5],"rotation":0,"texture":"#0","tintindex":0}}}],"display":{"head":{"translation":[0.0,-6.4,0.0],"rotation":[0.0,0.0,0.0],"scale":[3.8095,3.8095,3.8095]}}}