{"textures":{"0":"modelengine:entity/deer"},"elements":[{"name":"cube","from":[6.66188,3.52376,6.66188],"to":[9.3381195,8.876241,9.3381195],"rotation":{"angle":0.0,"axis":"x","origin":[5.7698,10.241358,7.43262]},"faces":{"down":{"uv":[8.0,1.25,8.75,2.0],"rotation":0,"texture":"#0","tintindex":0},"east":{"uv":[5.25,7.25,4.5,8.75],"rotation":0,"texture":"#0","tintindex":0},"north":{"uv":[7.25,6.75,6.5,8.25],"rotation":0,"texture":"#0","tintindex":0},"south":{"uv":[3.5,7.0,2.75,8.5],"rotation":0,"texture":"#0","tintindex":0},"up":{"uv":[0.75,8.75,1.5,8.0],"rotation":0,"texture":"#0","tintindex":0},"west":{"uv":[2.75,7.0,2.0,8.5],"rotation":0,"texture":"#0","tintindex":0}}}],"display":{"head":{"translation":[0.0,-6.4,0.0],"rotation":[0.0,0.0,0.0],"scale":[3.8095,3.8095,3.8095]}}}