{"textures":{"0":"modelengine:entity/deer"},"elements":[{"name":"cube","from":[6.43886,3.3870203,5.6342154],"to":[9.56114,8.7395,8.7564945],"rotation":{"angle":22.5,"axis":"x","origin":[8.0,5.6172204,7.6413956]},"faces":{"down":{"uv":[7.25,6.75,8.125,7.625],"rotation":0,"texture":"#0","tintindex":0},"east":{"uv":[1.875,6.5,1.0,8.0],"rotation":0,"texture":"#0","tintindex":0},"north":{"uv":[5.375,5.75,4.5,7.25],"rotation":0,"texture":"#0","tintindex":0},"south":{"uv":[0.875,6.0,0.0,7.5],"rotation":0,"texture":"#0","tintindex":0},"up":{"uv":[5.25,8.125,6.125,7.25],"rotation":0,"texture":"#0","tintindex":0},"west":{"uv":[6.375,5.75,5.5,7.25],"rotation":0,"texture":"#0","tintindex":0}}}],"display":{"head":{"translation":[0.0,-6.4,0.0],"rotation":[0.0,0.0,0.0],"scale":[3.8095,3.8095,3.8095]}}}