{"textures":{"0":"modelengine:entity/deer"},"elements":[{"name":"cube","from":[6.8849,5.4935093,6.293771],"to":[9.1151,8.16975,8.523971],"rotation":{"angle":-22.5,"axis":"x","origin":[8.0,9.50787,7.6318913]},"faces":{"down":{"uv":[8.25,6.75,8.875,7.375],"rotation":0,"texture":"#0","tintindex":0},"east":{"uv":[6.625,8.25,6.0,9.0],"rotation":0,"texture":"#0","tintindex":0},"north":{"uv":[8.875,3.25,8.25,4.0],"rotation":0,"texture":"#0","tintindex":0},"south":{"uv":[8.875,5.25,8.25,6.0],"rotation":0,"texture":"#0","tintindex":0},"up":{"uv":[8.25,6.625,8.875,6.0],"rotation":0,"texture":"#0","tintindex":0},"west":{"uv":[5.875,8.25,5.25,9.0],"rotation":0,"texture":"#0","tintindex":0}}}],"display":{"head":{"translation":[0.0,-6.4,0.0],"rotation":[0.0,0.0,0.0],"scale":[3.8095,3.8095,3.8095]}}}