{"textures":{"0":"modelengine:entity/deer"},"elements":[{"name":"cube","from":[7.1079197,3.3697999,7.1079197],"to":[8.89208,7.8302,8.89208],"rotation":{"angle":0.0,"axis":"x","origin":[5.7698,14.547797,7.43262]},"faces":{"down":{"uv":[2.0,6.5,2.5,7.0],"rotation":0,"texture":"#0","tintindex":0},"east":{"uv":[4.0,7.75,3.5,9.0],"rotation":0,"texture":"#0","tintindex":0},"north":{"uv":[8.0,4.5,7.5,5.75],"rotation":0,"texture":"#0","tintindex":0},"south":{"uv":[8.25,2.25,7.75,3.5],"rotation":0,"texture":"#0","tintindex":0},"up":{"uv":[1.0,6.5,1.5,6.0],"rotation":0,"texture":"#0","tintindex":0},"west":{"uv":[8.25,0.0,7.75,1.25],"rotation":0,"texture":"#0","tintindex":0}}}],"display":{"head":{"translation":[0.0,-6.4,0.0],"rotation":[0.0,0.0,0.0],"scale":[3.8095,3.8095,3.8095]}}}