{"textures":{"0":"modelengine:entity/deer"},"elements":[{"name":"cube","from":[5.32376,6.37508,-1.0642004],"to":[10.67624,11.727561,9.64076],"rotation":{"angle":0.0,"axis":"x","origin":[8.0,10.416437,0.3756001]},"faces":{"down":{"uv":[4.5,0.0,3.0,3.0],"rotation":0,"texture":"#0","tintindex":0},"east":{"uv":[0.0,0.0,3.0,1.5],"rotation":0,"texture":"#0","tintindex":0},"north":{"uv":[1.5,3.0,3.0,4.5],"rotation":0,"texture":"#0","tintindex":0},"south":{"uv":[3.0,3.0,4.5,4.5],"rotation":0,"texture":"#0","tintindex":0},"up":{"uv":[1.5,6.0,0.0,3.0],"rotation":0,"texture":"#0","tintindex":0},"west":{"uv":[0.0,1.5,3.0,3.0],"rotation":0,"texture":"#0","tintindex":0}}},{"name":"cube","from":[5.7698,6.8211203,9.64076],"to":[10.2302,11.28152,10.532841],"rotation":{"angle":0.0,"axis":"x","origin":[8.446039,10.416437,0.3756001]},"faces":{"down":{"uv":[10.0,1.75,8.75,2.0],"rotation":0,"texture":"#0","tintindex":0},"east":{"uv":[0.5,8.5,0.75,9.75],"rotation":0,"texture":"#0","tintindex":0},"north":{"uv":[5.75,1.25,7.0,2.5],"rotation":0,"texture":"#0","tintindex":0},"south":{"uv":[2.5,5.75,3.75,7.0],"rotation":0,"texture":"#0","tintindex":0},"up":{"uv":[9.5,7.75,8.25,7.5],"rotation":0,"texture":"#0","tintindex":0},"west":{"uv":[8.75,0.5,9.0,1.75],"rotation":0,"texture":"#0","tintindex":0}}},{"name":"cube","from":[6.66188,8.15924,10.532841],"to":[9.3381195,10.83548,12.317],"rotation":{"angle":0.0,"axis":"x","origin":[8.446039,10.416437,0.3756001]},"faces":{"down":{"uv":[2.75,8.5,2.0,9.0],"rotation":0,"texture":"#0","tintindex":0},"east":{"uv":[6.75,8.25,7.25,9.0],"rotation":0,"texture":"#0","tintindex":0},"north":{"uv":[7.5,5.75,8.25,6.5],"rotation":0,"texture":"#0","tintindex":0},"south":{"uv":[7.25,7.75,8.0,8.5],"rotation":0,"texture":"#0","tintindex":0},"up":{"uv":[9.0,4.5,8.25,4.0],"rotation":0,"texture":"#0","tintindex":0},"west":{"uv":[0.0,8.5,0.5,9.25],"rotation":0,"texture":"#0","tintindex":0}}}],"display":{"head":{"translation":[0.0,-6.4,0.0],"rotation":[0.0,0.0,0.0],"scale":[3.8095,3.8095,3.8095]}}}