{
	"credit": "Made with Blockbench",
	"texture_size": [64, 64],
	"textures": {
		"1": "goth_furniture:goth_armchair",
		"particle": "goth_furniture:goth_armchair"
	},
	"elements": [
		{
			"from": [13.5, 2, 12.5],
			"to": [15.5, 4, 14.5],
			"faces": {
				"north": {"uv": [10.5, 12, 11, 12.5], "texture": "#1"},
				"east": {"uv": [11, 12, 11.5, 12.5], "texture": "#1"},
				"south": {"uv": [11.5, 12, 12, 12.5], "texture": "#1"},
				"west": {"uv": [12, 12, 12.5, 12.5], "texture": "#1"},
				"up": {"uv": [12.75, 12, 12.25, 11.5], "texture": "#1"},
				"down": {"uv": [13, 0, 12.5, 0.5], "texture": "#1"}
			}
		},
		{
			"from": [1.5, 2, 12.5],
			"to": [3.5, 4, 14.5],
			"faces": {
				"north": {"uv": [12.5, 0.5, 13, 1], "texture": "#1"},
				"east": {"uv": [12.5, 1, 13, 1.5], "texture": "#1"},
				"south": {"uv": [12.5, 1.5, 13, 2], "texture": "#1"},
				"west": {"uv": [12.5, 2, 13, 2.5], "texture": "#1"},
				"up": {"uv": [11, 13, 10.5, 12.5], "texture": "#1"},
				"down": {"uv": [11.5, 12.5, 11, 13], "texture": "#1"}
			}
		},
		{
			"from": [0, 15, 14],
			"to": [2, 17, 16],
			"rotation": {"angle": 0, "axis": "y", "origin": [-1.5, 1, 1.5]},
			"faces": {
				"north": {"uv": [12.75, 10.75, 13.25, 11.25], "texture": "#1"},
				"east": {"uv": [12.75, 11.25, 13.25, 11.75], "texture": "#1"},
				"south": {"uv": [13, 0, 13.5, 0.5], "texture": "#1"},
				"west": {"uv": [13, 0.5, 13.5, 1], "texture": "#1"},
				"up": {"uv": [13.5, 1.5, 13, 1], "texture": "#1"},
				"down": {"uv": [13.5, 1.5, 13, 2], "texture": "#1"}
			}
		},
		{
			"from": [13.5, 2, 1.5],
			"to": [15.5, 4, 3.5],
			"faces": {
				"north": {"uv": [12.75, 6, 13.25, 6.5], "texture": "#1"},
				"east": {"uv": [12.75, 6.5, 13.25, 7], "texture": "#1"},
				"south": {"uv": [12.75, 7, 13.25, 7.5], "texture": "#1"},
				"west": {"uv": [12.75, 7.5, 13.25, 8], "texture": "#1"},
				"up": {"uv": [13.25, 8.5, 12.75, 8], "texture": "#1"},
				"down": {"uv": [13.25, 8.5, 12.75, 9], "texture": "#1"}
			}
		},
		{
			"from": [1.5, 2, 1.5],
			"to": [3.5, 4, 3.5],
			"faces": {
				"north": {"uv": [11.5, 12.5, 12, 13], "texture": "#1"},
				"east": {"uv": [12, 12.5, 12.5, 13], "texture": "#1"},
				"south": {"uv": [12.5, 12, 13, 12.5], "texture": "#1"},
				"west": {"uv": [12.5, 12.5, 13, 13], "texture": "#1"},
				"up": {"uv": [13.25, 3, 12.75, 2.5], "texture": "#1"},
				"down": {"uv": [13.25, 3, 12.75, 3.5], "texture": "#1"}
			}
		},
		{
			"from": [2, 0, 13],
			"to": [3, 2, 14],
			"faces": {
				"north": {"uv": [2.75, 10, 3, 10.5], "texture": "#1"},
				"east": {"uv": [2.75, 10.5, 3, 11], "texture": "#1"},
				"south": {"uv": [13, 12.25, 13.25, 12.75], "texture": "#1"},
				"west": {"uv": [12.5, 13, 12.75, 13.5], "texture": "#1"},
				"up": {"uv": [6.25, 3.75, 6, 3.5], "texture": "#1"},
				"down": {"uv": [6.5, 3.5, 6.25, 3.75], "texture": "#1"}
			}
		},
		{
			"from": [0.5, 17, 15],
			"to": [1.5, 19, 16],
			"rotation": {"angle": 0, "axis": "y", "origin": [-2, -1, 2]},
			"faces": {
				"north": {"uv": [13.25, 12.25, 13.5, 12.75], "texture": "#1"},
				"east": {"uv": [13.25, 12.75, 13.5, 13.25], "texture": "#1"},
				"south": {"uv": [13, 13.25, 13.25, 13.75], "texture": "#1"},
				"west": {"uv": [13.25, 13.25, 13.5, 13.75], "texture": "#1"},
				"up": {"uv": [8.25, 6.5, 8, 6.25], "texture": "#1"},
				"down": {"uv": [8.5, 6.25, 8.25, 6.5], "texture": "#1"}
			}
		},
		{
			"from": [14, 15, 14],
			"to": [16, 17, 16],
			"rotation": {"angle": 0, "axis": "y", "origin": [17.5, 1, 1.5]},
			"faces": {
				"north": {"uv": [13, 2, 13.5, 2.5], "texture": "#1"},
				"east": {"uv": [10.5, 13, 11, 13.5], "texture": "#1"},
				"south": {"uv": [11, 13, 11.5, 13.5], "texture": "#1"},
				"west": {"uv": [11.5, 13, 12, 13.5], "texture": "#1"},
				"up": {"uv": [13.5, 12.25, 13, 11.75], "texture": "#1"},
				"down": {"uv": [12.5, 13, 12, 13.5], "texture": "#1"}
			}
		},
		{
			"from": [14.5, 17, 15],
			"to": [15.5, 19, 16],
			"rotation": {"angle": 0, "axis": "y", "origin": [18, -1, 2]},
			"faces": {
				"north": {"uv": [13.5, 0, 13.75, 0.5], "texture": "#1"},
				"east": {"uv": [13.5, 0.5, 13.75, 1], "texture": "#1"},
				"south": {"uv": [13.5, 1, 13.75, 1.5], "texture": "#1"},
				"west": {"uv": [13.5, 1.5, 13.75, 2], "texture": "#1"},
				"up": {"uv": [8.75, 6.5, 8.5, 6.25], "texture": "#1"},
				"down": {"uv": [9, 6.25, 8.75, 6.5], "texture": "#1"}
			}
		},
		{
			"from": [14, 0, 12.5],
			"to": [15, 2, 13.5],
			"faces": {
				"north": {"uv": [12.75, 13, 13, 13.5], "texture": "#1"},
				"east": {"uv": [13, 12.75, 13.25, 13.25], "texture": "#1"},
				"south": {"uv": [13.25, 2.5, 13.5, 3], "texture": "#1"},
				"west": {"uv": [13.25, 3, 13.5, 3.5], "texture": "#1"},
				"up": {"uv": [6.75, 3.75, 6.5, 3.5], "texture": "#1"},
				"down": {"uv": [7, 3.5, 6.75, 3.75], "texture": "#1"}
			}
		},
		{
			"from": [14, 0, 2.5],
			"to": [15, 2, 3.5],
			"faces": {
				"north": {"uv": [13.25, 8, 13.5, 8.5], "texture": "#1"},
				"east": {"uv": [13.25, 8.5, 13.5, 9], "texture": "#1"},
				"south": {"uv": [13.25, 10.75, 13.5, 11.25], "texture": "#1"},
				"west": {"uv": [13.25, 11.25, 13.5, 11.75], "texture": "#1"},
				"up": {"uv": [7.75, 3.75, 7.5, 3.5], "texture": "#1"},
				"down": {"uv": [8, 3.5, 7.75, 3.75], "texture": "#1"}
			}
		},
		{
			"from": [2, 0, 2.5],
			"to": [3, 2, 3.5],
			"faces": {
				"north": {"uv": [13.25, 6, 13.5, 6.5], "texture": "#1"},
				"east": {"uv": [13.25, 6.5, 13.5, 7], "texture": "#1"},
				"south": {"uv": [13.25, 7, 13.5, 7.5], "texture": "#1"},
				"west": {"uv": [13.25, 7.5, 13.5, 8], "texture": "#1"},
				"up": {"uv": [7.25, 3.75, 7, 3.5], "texture": "#1"},
				"down": {"uv": [7.5, 3.5, 7.25, 3.75], "texture": "#1"}
			}
		},
		{
			"from": [2, 4, 0],
			"to": [14, 6, 14],
			"faces": {
				"north": {"uv": [11.75, 9.75, 14.75, 10.25], "texture": "#1"},
				"east": {"uv": [8.75, 11.5, 12.25, 12], "texture": "#1"},
				"south": {"uv": [11.75, 10.25, 14.75, 10.75], "texture": "#1"},
				"west": {"uv": [11.75, 9.25, 15.25, 9.75], "texture": "#1"},
				"up": {"uv": [9, 3.5, 6, 0], "texture": "#1"},
				"down": {"uv": [3, 6.5, 0, 10], "texture": "#1"}
			}
		},
		{
			"from": [2, 5, -1],
			"to": [14, 8, 14],
			"faces": {
				"north": {"uv": [2.75, 11.25, 5.75, 12], "texture": "#1", "tintindex": 0},
				"east": {"uv": [9, 2.75, 12.75, 3.5], "texture": "#1", "tintindex": 0},
				"south": {"uv": [5.75, 11.25, 8.75, 12], "texture": "#1", "tintindex": 0},
				"west": {"uv": [9, 10.75, 12.75, 11.5], "texture": "#1", "tintindex": 0},
				"up": {"uv": [3, 3.75, 0, 0], "texture": "#1", "tintindex": 0},
				"down": {"uv": [6, 0, 3, 3.75], "texture": "#1", "tintindex": 0}
			}
		},
		{
			"from": [2, 8, 12],
			"to": [14, 16, 15],
			"faces": {
				"north": {"uv": [3, 9.25, 6, 11.25], "texture": "#1", "tintindex": 0},
				"east": {"uv": [2, 11.5, 2.75, 13.5], "texture": "#1", "tintindex": 0},
				"south": {"uv": [6, 9.25, 9, 11.25], "texture": "#1", "tintindex": 0},
				"west": {"uv": [2.75, 12, 3.5, 14], "texture": "#1", "tintindex": 0},
				"up": {"uv": [14.5, 4.25, 11.5, 3.5], "texture": "#1", "tintindex": 0},
				"down": {"uv": [14.5, 4.25, 11.5, 5], "texture": "#1", "tintindex": 0}
			}
		},
		{
			"from": [0, 4, 0],
			"to": [2, 15, 14],
			"rotation": {"angle": 0, "axis": "y", "origin": [0, 6, 14.5]},
			"faces": {
				"north": {"uv": [3.5, 12, 4, 14.75], "texture": "#1"},
				"east": {"uv": [3, 6.5, 6.5, 9.25], "texture": "#1"},
				"south": {"uv": [4, 12, 4.5, 14.75], "texture": "#1"},
				"west": {"uv": [6.5, 6.5, 10, 9.25], "texture": "#1"},
				"up": {"uv": [0.5, 15, 0, 11.5], "texture": "#1"},
				"down": {"uv": [1, 11.5, 0.5, 15], "texture": "#1"}
			}
		},
		{
			"from": [14, 4, 0],
			"to": [16, 15, 14],
			"rotation": {"angle": 0, "axis": "y", "origin": [16, 6, 14.5]},
			"faces": {
				"north": {"uv": [5.5, 12, 6, 14.75], "texture": "#1"},
				"east": {"uv": [8, 3.5, 11.5, 6.25], "texture": "#1"},
				"south": {"uv": [6, 12, 6.5, 14.75], "texture": "#1"},
				"west": {"uv": [9, 0, 12.5, 2.75], "texture": "#1"},
				"up": {"uv": [1.5, 15, 1, 11.5], "texture": "#1"},
				"down": {"uv": [2, 11.5, 1.5, 15], "texture": "#1"}
			}
		},
		{
			"from": [0, 4, 14],
			"to": [16, 15, 16],
			"rotation": {"angle": 0, "axis": "y", "origin": [2, 6, 14.5]},
			"faces": {
				"north": {"uv": [0, 3.75, 4, 6.5], "texture": "#1"},
				"east": {"uv": [4.5, 12, 5, 14.75], "texture": "#1"},
				"south": {"uv": [4, 3.75, 8, 6.5], "texture": "#1"},
				"west": {"uv": [5, 12, 5.5, 14.75], "texture": "#1"},
				"up": {"uv": [15.5, 5.5, 11.5, 5], "texture": "#1"},
				"down": {"uv": [15.5, 5.5, 11.5, 6], "texture": "#1"}
			}
		},
		{
			"from": [13, 8, 1],
			"to": [15, 14, 12],
			"faces": {
				"north": {"uv": [8.5, 12, 9, 13.5], "texture": "#1", "tintindex": 0},
				"east": {"uv": [9, 9.25, 11.75, 10.75], "texture": "#1", "tintindex": 0},
				"south": {"uv": [9, 12, 9.5, 13.5], "texture": "#1", "tintindex": 0},
				"west": {"uv": [0, 10, 2.75, 11.5], "texture": "#1", "tintindex": 0},
				"up": {"uv": [7, 14.75, 6.5, 12], "texture": "#1", "tintindex": 0},
				"down": {"uv": [7.5, 12, 7, 14.75], "texture": "#1", "tintindex": 0}
			}
		},
		{
			"from": [1, 8, 1],
			"to": [3, 14, 12],
			"rotation": {"angle": 0, "axis": "y", "origin": [16, 0, 0]},
			"faces": {
				"north": {"uv": [9.5, 12, 10, 13.5], "texture": "#1", "tintindex": 0},
				"east": {"uv": [10, 6.25, 12.75, 7.75], "texture": "#1", "tintindex": 0},
				"south": {"uv": [10, 12, 10.5, 13.5], "texture": "#1", "tintindex": 0},
				"west": {"uv": [10, 7.75, 12.75, 9.25], "texture": "#1", "tintindex": 0},
				"up": {"uv": [8, 14.75, 7.5, 12], "texture": "#1", "tintindex": 0},
				"down": {"uv": [8.5, 12, 8, 14.75], "texture": "#1", "tintindex": 0}
			}
		}
	],
	"gui_light": "front",
	"display": {
		"thirdperson_righthand": {
			"rotation": [75, 45, 0],
			"translation": [0, 2.5, 0],
			"scale": [0.375, 0.375, 0.375]
		},
		"thirdperson_lefthand": {
			"rotation": [75, 45, 0],
			"translation": [0, 2.5, 0],
			"scale": [0.375, 0.375, 0.375]
		},
		"firstperson_righthand": {
			"rotation": [0, 45, 0],
			"scale": [0.4, 0.4, 0.4]
		},
		"firstperson_lefthand": {
			"rotation": [0, 225, 0],
			"scale": [0.4, 0.4, 0.4]
		},
		"ground": {
			"translation": [0, 3, 0],
			"scale": [0.25, 0.25, 0.25]
		},
		"gui": {
			"rotation": [30, 225, 0],
			"translation": [0, -1, 0],
			"scale": [0.5, 0.5, 0.5]
		},
		"fixed": {
			"rotation": [-90, 0, 0],
			"translation": [0, 0, -15],
			"scale": [2, 2, 2]
		}
	}
}