{
	"credit": "Made with Blockbench",
	"texture_size": [128, 128],
	"textures": {
		"2": "goth_furniture:goth_couch"
	},
	"elements": [
		{
			"from": [29.5, 2, 12.5],
			"to": [31.5, 4, 14.5],
			"faces": {
				"north": {"uv": [7.5, 6.75, 7.75, 7], "texture": "#2"},
				"east": {"uv": [7.5, 7, 7.75, 7.25], "texture": "#2"},
				"south": {"uv": [3.25, 7.625, 3.5, 7.875], "texture": "#2"},
				"west": {"uv": [7.625, 7.5, 7.875, 7.75], "texture": "#2"},
				"up": {"uv": [8, 5.25, 7.75, 5], "texture": "#2"},
				"down": {"uv": [8, 5.25, 7.75, 5.5], "texture": "#2"}
			}
		},
		{
			"from": [1.5, 2, 12.5],
			"to": [3.5, 4, 14.5],
			"faces": {
				"north": {"uv": [7.75, 5.5, 8, 5.75], "texture": "#2"},
				"east": {"uv": [7.75, 5.75, 8, 6], "texture": "#2"},
				"south": {"uv": [7.75, 6, 8, 6.25], "texture": "#2"},
				"west": {"uv": [7.75, 6.25, 8, 6.5], "texture": "#2"},
				"up": {"uv": [8, 6.75, 7.75, 6.5], "texture": "#2"},
				"down": {"uv": [8, 6.75, 7.75, 7], "texture": "#2"}
			}
		},
		{
			"from": [0, 15, 14],
			"to": [2, 17, 16],
			"rotation": {"angle": 0, "axis": "y", "origin": [-1.5, 1, 1.5]},
			"faces": {
				"north": {"uv": [8, 5, 8.25, 5.25], "texture": "#2"},
				"east": {"uv": [5.25, 8, 5.5, 8.25], "texture": "#2"},
				"south": {"uv": [8, 5.25, 8.25, 5.5], "texture": "#2"},
				"west": {"uv": [5.5, 8, 5.75, 8.25], "texture": "#2"},
				"up": {"uv": [8.25, 5.75, 8, 5.5], "texture": "#2"},
				"down": {"uv": [6, 8, 5.75, 8.25], "texture": "#2"}
			}
		},
		{
			"from": [29.5, 2, 1.5],
			"to": [31.5, 4, 3.5],
			"faces": {
				"north": {"uv": [3.75, 8, 4, 8.25], "texture": "#2"},
				"east": {"uv": [4, 8, 4.25, 8.25], "texture": "#2"},
				"south": {"uv": [4.25, 8, 4.5, 8.25], "texture": "#2"},
				"west": {"uv": [4.5, 8, 4.75, 8.25], "texture": "#2"},
				"up": {"uv": [5, 8.25, 4.75, 8], "texture": "#2"},
				"down": {"uv": [5.25, 8, 5, 8.25], "texture": "#2"}
			}
		},
		{
			"from": [1.5, 2, 1.5],
			"to": [3.5, 4, 3.5],
			"faces": {
				"north": {"uv": [7.75, 7, 8, 7.25], "texture": "#2"},
				"east": {"uv": [7.625, 7.75, 7.875, 8], "texture": "#2"},
				"south": {"uv": [3.25, 7.875, 3.5, 8.125], "texture": "#2"},
				"west": {"uv": [7.875, 7.5, 8.125, 7.75], "texture": "#2"},
				"up": {"uv": [8.125, 8, 7.875, 7.75], "texture": "#2"},
				"down": {"uv": [3.75, 8, 3.5, 8.25], "texture": "#2"}
			}
		},
		{
			"from": [2, 0, 13],
			"to": [3, 2, 14],
			"faces": {
				"north": {"uv": [3.875, 6.25, 4, 6.5], "texture": "#2"},
				"east": {"uv": [3.875, 6.5, 4, 6.75], "texture": "#2"},
				"south": {"uv": [3.875, 6.75, 4, 7], "texture": "#2"},
				"west": {"uv": [3.875, 7, 4, 7.25], "texture": "#2"},
				"up": {"uv": [0.125, 4.875, 0, 4.75], "texture": "#2"},
				"down": {"uv": [0.25, 4.75, 0.125, 4.875], "texture": "#2"}
			}
		},
		{
			"from": [0.5, 17, 15],
			"to": [1.5, 19, 16],
			"rotation": {"angle": 0, "axis": "y", "origin": [-2, -1, 2]},
			"faces": {
				"north": {"uv": [3.625, 8.25, 3.75, 8.5], "texture": "#2"},
				"east": {"uv": [3.75, 8.25, 3.875, 8.5], "texture": "#2"},
				"south": {"uv": [3.875, 8.25, 4, 8.5], "texture": "#2"},
				"west": {"uv": [4, 8.25, 4.125, 8.5], "texture": "#2"},
				"up": {"uv": [1.125, 4.875, 1, 4.75], "texture": "#2"},
				"down": {"uv": [1.25, 4.75, 1.125, 4.875], "texture": "#2"}
			}
		},
		{
			"from": [30, 15, 14],
			"to": [32, 17, 16],
			"rotation": {"angle": 0, "axis": "y", "origin": [17.5, 1, 1.5]},
			"faces": {
				"north": {"uv": [8, 5.75, 8.25, 6], "texture": "#2"},
				"east": {"uv": [6, 8, 6.25, 8.25], "texture": "#2"},
				"south": {"uv": [8, 6, 8.25, 6.25], "texture": "#2"},
				"west": {"uv": [8, 6.25, 8.25, 6.5], "texture": "#2"},
				"up": {"uv": [8.25, 6.75, 8, 6.5], "texture": "#2"},
				"down": {"uv": [8.25, 6.75, 8, 7], "texture": "#2"}
			}
		},
		{
			"from": [30.5, 17, 15],
			"to": [31.5, 19, 16],
			"rotation": {"angle": 0, "axis": "y", "origin": [18, -1, 2]},
			"faces": {
				"north": {"uv": [4.125, 8.25, 4.25, 8.5], "texture": "#2"},
				"east": {"uv": [4.25, 8.25, 4.375, 8.5], "texture": "#2"},
				"south": {"uv": [4.375, 8.25, 4.5, 8.5], "texture": "#2"},
				"west": {"uv": [4.5, 8.25, 4.625, 8.5], "texture": "#2"},
				"up": {"uv": [1.375, 4.875, 1.25, 4.75], "texture": "#2"},
				"down": {"uv": [1.5, 4.75, 1.375, 4.875], "texture": "#2"}
			}
		},
		{
			"from": [30, 0, 12.5],
			"to": [31, 2, 13.5],
			"faces": {
				"north": {"uv": [8, 7, 8.125, 7.25], "texture": "#2"},
				"east": {"uv": [7.625, 8, 7.75, 8.25], "texture": "#2"},
				"south": {"uv": [7.75, 8, 7.875, 8.25], "texture": "#2"},
				"west": {"uv": [7.875, 8, 8, 8.25], "texture": "#2"},
				"up": {"uv": [0.375, 4.875, 0.25, 4.75], "texture": "#2"},
				"down": {"uv": [0.5, 4.75, 0.375, 4.875], "texture": "#2"}
			}
		},
		{
			"from": [30, 0, 2.5],
			"to": [31, 2, 3.5],
			"faces": {
				"north": {"uv": [8.125, 7.5, 8.25, 7.75], "texture": "#2"},
				"east": {"uv": [8.125, 7.75, 8.25, 8], "texture": "#2"},
				"south": {"uv": [8.125, 8, 8.25, 8.25], "texture": "#2"},
				"west": {"uv": [3.5, 8.25, 3.625, 8.5], "texture": "#2"},
				"up": {"uv": [0.875, 4.875, 0.75, 4.75], "texture": "#2"},
				"down": {"uv": [1, 4.75, 0.875, 4.875], "texture": "#2"}
			}
		},
		{
			"from": [2, 0, 2.5],
			"to": [3, 2, 3.5],
			"faces": {
				"north": {"uv": [8, 8, 8.125, 8.25], "texture": "#2"},
				"east": {"uv": [3.25, 8.125, 3.375, 8.375], "texture": "#2"},
				"south": {"uv": [3.375, 8.125, 3.5, 8.375], "texture": "#2"},
				"west": {"uv": [8.125, 7, 8.25, 7.25], "texture": "#2"},
				"up": {"uv": [0.625, 4.875, 0.5, 4.75], "texture": "#2"},
				"down": {"uv": [0.75, 4.75, 0.625, 4.875], "texture": "#2"}
			}
		},
		{
			"from": [2, 4, 0],
			"to": [30, 6, 14],
			"faces": {
				"north": {"uv": [6.25, 7.25, 9.75, 7.5], "texture": "#2"},
				"east": {"uv": [7.5, 4.5, 9.25, 4.75], "texture": "#2"},
				"south": {"uv": [7.5, 3.5, 11, 3.75], "texture": "#2"},
				"west": {"uv": [7.5, 4.75, 9.25, 5], "texture": "#2"},
				"up": {"uv": [7, 1.75, 3.5, 0], "texture": "#2"},
				"down": {"uv": [7, 1.75, 3.5, 3.5], "texture": "#2"}
			}
		},
		{
			"from": [2, 5, -1],
			"to": [30, 8, 14],
			"faces": {
				"north": {"uv": [7, 0, 10.5, 0.375], "texture": "#2", "tintindex": 0},
				"east": {"uv": [7.5, 3.75, 9.375, 4.125], "texture": "#2", "tintindex": 0},
				"south": {"uv": [7, 0.375, 10.5, 0.75], "texture": "#2", "tintindex": 0},
				"west": {"uv": [7.5, 4.125, 9.375, 4.5], "texture": "#2", "tintindex": 0},
				"up": {"uv": [3.5, 1.875, 0, 0], "texture": "#2", "tintindex": 0},
				"down": {"uv": [3.5, 1.875, 0, 3.75], "texture": "#2", "tintindex": 0}
			}
		},
		{
			"from": [2, 8, 12],
			"to": [30, 16, 15],
			"faces": {
				"north": {"uv": [0, 3.75, 3.5, 4.75], "texture": "#2", "tintindex": 0},
				"east": {"uv": [3.5, 6.25, 3.875, 7.25], "texture": "#2", "tintindex": 0},
				"south": {"uv": [4, 4.875, 7.5, 5.875], "texture": "#2", "tintindex": 0},
				"west": {"uv": [7, 7.5, 7.375, 8.5], "texture": "#2", "tintindex": 0},
				"up": {"uv": [10.5, 1.125, 7, 0.75], "texture": "#2", "tintindex": 0},
				"down": {"uv": [10.5, 1.125, 7, 1.5], "texture": "#2", "tintindex": 0}
			}
		},
		{
			"from": [0, 4, 0],
			"to": [2, 15, 14],
			"rotation": {"angle": 0, "axis": "y", "origin": [0, 6, 14.5]},
			"faces": {
				"north": {"uv": [0.25, 7.625, 0.5, 9], "texture": "#2"},
				"east": {"uv": [4, 5.875, 5.75, 7.25], "texture": "#2"},
				"south": {"uv": [0.5, 7.625, 0.75, 9], "texture": "#2"},
				"west": {"uv": [5.75, 5.875, 7.5, 7.25], "texture": "#2"},
				"up": {"uv": [7.75, 6.75, 7.5, 5], "texture": "#2"},
				"down": {"uv": [6.5, 7.5, 6.25, 9.25], "texture": "#2"}
			}
		},
		{
			"from": [30, 4, 0],
			"to": [32, 15, 14],
			"rotation": {"angle": 0, "axis": "y", "origin": [16, 6, 14.5]},
			"faces": {
				"north": {"uv": [0.75, 7.625, 1, 9], "texture": "#2"},
				"east": {"uv": [0, 6.25, 1.75, 7.625], "texture": "#2"},
				"south": {"uv": [1, 7.625, 1.25, 9], "texture": "#2"},
				"west": {"uv": [1.75, 6.25, 3.5, 7.625], "texture": "#2"},
				"up": {"uv": [6.75, 9.25, 6.5, 7.5], "texture": "#2"},
				"down": {"uv": [7, 7.5, 6.75, 9.25], "texture": "#2"}
			}
		},
		{
			"from": [0, 4, 14],
			"to": [32, 15, 16],
			"rotation": {"angle": 0, "axis": "y", "origin": [2, 6, 14.5]},
			"faces": {
				"north": {"uv": [3.5, 3.5, 7.5, 4.875], "texture": "#2"},
				"east": {"uv": [7.375, 7.5, 7.625, 8.875], "texture": "#2"},
				"south": {"uv": [0, 4.875, 4, 6.25], "texture": "#2"},
				"west": {"uv": [0, 7.625, 0.25, 9], "texture": "#2"},
				"up": {"uv": [11, 3.25, 7, 3], "texture": "#2"},
				"down": {"uv": [11, 3.25, 7, 3.5], "texture": "#2"}
			}
		},
		{
			"from": [28, 8, 1],
			"to": [30, 14, 12],
			"faces": {
				"north": {"uv": [2.25, 7.625, 2.5, 8.375], "texture": "#2", "tintindex": 0},
				"east": {"uv": [7, 1.5, 8.375, 2.25], "texture": "#2", "tintindex": 0},
				"south": {"uv": [2.5, 7.625, 2.75, 8.375], "texture": "#2", "tintindex": 0},
				"west": {"uv": [7, 2.25, 8.375, 3], "texture": "#2", "tintindex": 0},
				"up": {"uv": [1.5, 9, 1.25, 7.625], "texture": "#2", "tintindex": 0},
				"down": {"uv": [1.75, 7.625, 1.5, 9], "texture": "#2", "tintindex": 0}
			}
		},
		{
			"from": [2, 8, 1],
			"to": [4, 14, 12],
			"rotation": {"angle": 0, "axis": "y", "origin": [16, 0, 0]},
			"faces": {
				"north": {"uv": [2.75, 7.625, 3, 8.375], "texture": "#2", "tintindex": 0},
				"east": {"uv": [3.5, 7.25, 4.875, 8], "texture": "#2", "tintindex": 0},
				"south": {"uv": [3, 7.625, 3.25, 8.375], "texture": "#2", "tintindex": 0},
				"west": {"uv": [4.875, 7.25, 6.25, 8], "texture": "#2", "tintindex": 0},
				"up": {"uv": [2, 9, 1.75, 7.625], "texture": "#2", "tintindex": 0},
				"down": {"uv": [2.25, 7.625, 2, 9], "texture": "#2", "tintindex": 0}
			}
		}
	],
	"gui_light": "front",
	"display": {
		"thirdperson_righthand": {
			"rotation": [75, 45, 0],
			"translation": [0, 2.5, 0],
			"scale": [0.375, 0.375, 0.375]
		},
		"thirdperson_lefthand": {
			"rotation": [75, 45, 0],
			"translation": [0, 2.5, 0],
			"scale": [0.375, 0.375, 0.375]
		},
		"firstperson_righthand": {
			"rotation": [0, 45, 0],
			"scale": [0.4, 0.4, 0.4]
		},
		"firstperson_lefthand": {
			"rotation": [0, 225, 0],
			"scale": [0.4, 0.4, 0.4]
		},
		"ground": {
			"translation": [0, 3, 0],
			"scale": [0.25, 0.25, 0.25]
		},
		"gui": {
			"rotation": [30, 225, 0],
			"translation": [2.5, 0, 0],
			"scale": [0.4, 0.4, 0.4]
		},
		"fixed": {
			"rotation": [-90, 0, 0],
			"translation": [0, 0, -15],
			"scale": [2, 2, 2]
		}
	}
}