{
	"credit": "Made with Blockbench",
	"texture_size": [64, 64],
	"textures": {
		"1": "goth_furniture:goth_desk"
	},
	"elements": [
		{
			"from": [29.5, 5, 12.5],
			"to": [31.5, 12, 14.5],
			"faces": {
				"north": {"uv": [7.5, 8.25, 8, 10], "texture": "#1"},
				"east": {"uv": [8, 8.25, 8.5, 10], "texture": "#1"},
				"south": {"uv": [8.5, 8.25, 9, 10], "texture": "#1"},
				"west": {"uv": [9, 8.25, 9.5, 10], "texture": "#1"},
				"up": {"uv": [4.5, 11.75, 4, 11.25], "texture": "#1"},
				"down": {"uv": [5, 11.25, 4.5, 11.75], "texture": "#1"}
			}
		},
		{
			"from": [1.5, 5, 12.5],
			"to": [3.5, 12, 14.5],
			"faces": {
				"north": {"uv": [9.5, 8.25, 10, 10], "texture": "#1"},
				"east": {"uv": [7.5, 10, 8, 11.75], "texture": "#1"},
				"south": {"uv": [8, 10, 8.5, 11.75], "texture": "#1"},
				"west": {"uv": [10, 8.25, 10.5, 10], "texture": "#1"},
				"up": {"uv": [5.5, 11.75, 5, 11.25], "texture": "#1"},
				"down": {"uv": [6, 11.25, 5.5, 11.75], "texture": "#1"}
			}
		},
		{
			"from": [29.5, 5, 1.5],
			"to": [31.5, 12, 3.5],
			"faces": {
				"north": {"uv": [10.5, 8.25, 11, 10], "texture": "#1"},
				"east": {"uv": [10.5, 10, 11, 11.75], "texture": "#1"},
				"south": {"uv": [11, 8.25, 11.5, 10], "texture": "#1"},
				"west": {"uv": [11, 10, 11.5, 11.75], "texture": "#1"},
				"up": {"uv": [7.5, 11.75, 7, 11.25], "texture": "#1"},
				"down": {"uv": [11.75, 7.5, 11.25, 8], "texture": "#1"}
			}
		},
		{
			"from": [1.5, 5, 1.5],
			"to": [3.5, 12, 3.5],
			"faces": {
				"north": {"uv": [8.5, 10, 9, 11.75], "texture": "#1"},
				"east": {"uv": [9, 10, 9.5, 11.75], "texture": "#1"},
				"south": {"uv": [9.5, 10, 10, 11.75], "texture": "#1"},
				"west": {"uv": [10, 10, 10.5, 11.75], "texture": "#1"},
				"up": {"uv": [6.5, 11.75, 6, 11.25], "texture": "#1"},
				"down": {"uv": [7, 11.25, 6.5, 11.75], "texture": "#1"}
			}
		},
		{
			"from": [2, 0, 13],
			"to": [3, 5, 14],
			"faces": {
				"north": {"uv": [0, 11.25, 0.25, 12.5], "texture": "#1"},
				"east": {"uv": [0.25, 11.25, 0.5, 12.5], "texture": "#1"},
				"south": {"uv": [0.5, 11.25, 0.75, 12.5], "texture": "#1"},
				"west": {"uv": [0.75, 11.25, 1, 12.5], "texture": "#1"},
				"up": {"uv": [8.5, 12, 8.25, 11.75], "texture": "#1"},
				"down": {"uv": [8.75, 11.75, 8.5, 12], "texture": "#1"}
			}
		},
		{
			"from": [30, 0, 12.5],
			"to": [31, 5, 13.5],
			"faces": {
				"north": {"uv": [1, 11.25, 1.25, 12.5], "texture": "#1"},
				"east": {"uv": [1.25, 11.25, 1.5, 12.5], "texture": "#1"},
				"south": {"uv": [1.5, 11.25, 1.75, 12.5], "texture": "#1"},
				"west": {"uv": [1.75, 11.25, 2, 12.5], "texture": "#1"},
				"up": {"uv": [9, 12, 8.75, 11.75], "texture": "#1"},
				"down": {"uv": [9.25, 11.75, 9, 12], "texture": "#1"}
			}
		},
		{
			"from": [30, 0, 2.5],
			"to": [31, 5, 3.5],
			"faces": {
				"north": {"uv": [3, 11.25, 3.25, 12.5], "texture": "#1"},
				"east": {"uv": [3.25, 11.25, 3.5, 12.5], "texture": "#1"},
				"south": {"uv": [3.5, 11.25, 3.75, 12.5], "texture": "#1"},
				"west": {"uv": [3.75, 11.25, 4, 12.5], "texture": "#1"},
				"up": {"uv": [10, 12, 9.75, 11.75], "texture": "#1"},
				"down": {"uv": [10.25, 11.75, 10, 12], "texture": "#1"}
			}
		},
		{
			"from": [2, 0, 2.5],
			"to": [3, 5, 3.5],
			"faces": {
				"north": {"uv": [2, 11.25, 2.25, 12.5], "texture": "#1"},
				"east": {"uv": [2.25, 11.25, 2.5, 12.5], "texture": "#1"},
				"south": {"uv": [2.5, 11.25, 2.75, 12.5], "texture": "#1"},
				"west": {"uv": [2.75, 11.25, 3, 12.5], "texture": "#1"},
				"up": {"uv": [9.5, 12, 9.25, 11.75], "texture": "#1"},
				"down": {"uv": [9.75, 11.75, 9.5, 12], "texture": "#1"}
			}
		},
		{
			"from": [1.5, 12, 1.5],
			"to": [31.5, 13, 14.5],
			"faces": {
				"north": {"uv": [8, 7.25, 15.5, 7.5], "texture": "#1"},
				"east": {"uv": [8, 7.5, 11.25, 7.75], "texture": "#1"},
				"south": {"uv": [7.5, 8, 15, 8.25], "texture": "#1"},
				"west": {"uv": [8, 7.75, 11.25, 8], "texture": "#1"},
				"up": {"uv": [7.5, 11.25, 0, 8], "texture": "#1"},
				"down": {"uv": [15.5, 0, 8, 3.25], "texture": "#1"}
			}
		},
		{
			"from": [0, 13, 0],
			"to": [32, 15, 16],
			"faces": {
				"north": {"uv": [8, 5.25, 16, 5.75], "texture": "#1"},
				"east": {"uv": [8, 6.25, 12, 6.75], "texture": "#1"},
				"south": {"uv": [8, 5.75, 16, 6.25], "texture": "#1"},
				"west": {"uv": [8, 6.75, 12, 7.25], "texture": "#1"},
				"up": {"uv": [8, 4, 0, 0], "texture": "#1"},
				"down": {"uv": [8, 4, 0, 8], "texture": "#1"}
			}
		},
		{
			"from": [0, 15, 14],
			"to": [2, 17, 16],
			"faces": {
				"north": {"uv": [11.5, 8.25, 12, 8.75], "texture": "#1"},
				"east": {"uv": [11.5, 8.75, 12, 9.25], "texture": "#1"},
				"south": {"uv": [11.5, 9.25, 12, 9.75], "texture": "#1"},
				"west": {"uv": [11.5, 9.75, 12, 10.25], "texture": "#1"},
				"up": {"uv": [12, 10.75, 11.5, 10.25], "texture": "#1"},
				"down": {"uv": [12, 10.75, 11.5, 11.25], "texture": "#1"}
			}
		},
		{
			"from": [1.5, 15, 15.5],
			"to": [30.5, 19, 15.5],
			"faces": {
				"north": {"uv": [8, 3.25, 15.25, 4.25], "texture": "#1"},
				"east": {"uv": [0, 0, 0, 1], "texture": "#1"},
				"south": {"uv": [8, 4.25, 15.25, 5.25], "texture": "#1"},
				"west": {"uv": [0, 0, 0, 1], "texture": "#1"},
				"up": {"uv": [7.25, 0, 0, 0], "texture": "#1"},
				"down": {"uv": [7.25, 0, 0, 0], "texture": "#1"}
			}
		},
		{
			"from": [0.5, 17, 15],
			"to": [1.5, 19, 16],
			"faces": {
				"north": {"uv": [6.5, 11.75, 6.75, 12.25], "texture": "#1"},
				"east": {"uv": [6.75, 11.75, 7, 12.25], "texture": "#1"},
				"south": {"uv": [7, 11.75, 7.25, 12.25], "texture": "#1"},
				"west": {"uv": [7.25, 11.75, 7.5, 12.25], "texture": "#1"},
				"up": {"uv": [10.5, 12, 10.25, 11.75], "texture": "#1"},
				"down": {"uv": [10.75, 11.75, 10.5, 12], "texture": "#1"}
			}
		},
		{
			"from": [30.5, 17, 15],
			"to": [31.5, 19, 16],
			"faces": {
				"north": {"uv": [7.5, 11.75, 7.75, 12.25], "texture": "#1"},
				"east": {"uv": [11.75, 7.5, 12, 8], "texture": "#1"},
				"south": {"uv": [7.75, 11.75, 8, 12.25], "texture": "#1"},
				"west": {"uv": [8, 11.75, 8.25, 12.25], "texture": "#1"},
				"up": {"uv": [11, 12, 10.75, 11.75], "texture": "#1"},
				"down": {"uv": [11.25, 11.75, 11, 12], "texture": "#1"}
			}
		},
		{
			"from": [30, 15, 14],
			"to": [32, 17, 16],
			"faces": {
				"north": {"uv": [11.5, 11.25, 12, 11.75], "texture": "#1"},
				"east": {"uv": [4, 11.75, 4.5, 12.25], "texture": "#1"},
				"south": {"uv": [4.5, 11.75, 5, 12.25], "texture": "#1"},
				"west": {"uv": [5, 11.75, 5.5, 12.25], "texture": "#1"},
				"up": {"uv": [6, 12.25, 5.5, 11.75], "texture": "#1"},
				"down": {"uv": [6.5, 11.75, 6, 12.25], "texture": "#1"}
			}
		}
	],
	"gui_light": "front",
	"display": {
		"thirdperson_righthand": {
			"rotation": [75, 45, 0],
			"translation": [0, 2.5, 0],
			"scale": [0.375, 0.375, 0.375]
		},
		"thirdperson_lefthand": {
			"rotation": [75, 45, 0],
			"translation": [0, 2.5, 0],
			"scale": [0.375, 0.375, 0.375]
		},
		"firstperson_righthand": {
			"rotation": [0, 45, 0],
			"scale": [0.4, 0.4, 0.4]
		},
		"firstperson_lefthand": {
			"rotation": [0, 225, 0],
			"scale": [0.4, 0.4, 0.4]
		},
		"ground": {
			"translation": [0, 3, 0],
			"scale": [0.25, 0.25, 0.25]
		},
		"gui": {
			"rotation": [30, 225, 0],
			"translation": [2.5, 0, 0],
			"scale": [0.4, 0.4, 0.4]
		},
		"fixed": {
			"rotation": [-90, 0, 0],
			"translation": [0, 0, -15],
			"scale": [2, 2, 2]
		}
	}
}