{
	"credit": "Made with Blockbench",
	"texture_size": [64, 64],
	"textures": {
		"1": "goth_furniture:goth_crate",
		"particle": "goth_furniture:goth_crate"
	},
	"elements": [
		{
			"from": [12.5, 2, 10.5],
			"to": [14.5, 4, 12.5],
			"faces": {
				"north": {"uv": [11.5, 5, 12, 5.5], "texture": "#1"},
				"east": {"uv": [6, 11.5, 6.5, 12], "texture": "#1"},
				"south": {"uv": [6.5, 11.5, 7, 12], "texture": "#1"},
				"west": {"uv": [11.5, 6.5, 12, 7], "texture": "#1"},
				"up": {"uv": [7.5, 12, 7, 11.5], "texture": "#1"},
				"down": {"uv": [8, 11.5, 7.5, 12], "texture": "#1"}
			}
		},
		{
			"from": [1.5, 2, 10.5],
			"to": [3.5, 4, 12.5],
			"faces": {
				"north": {"uv": [8, 11.5, 8.5, 12], "texture": "#1"},
				"east": {"uv": [8.5, 11.5, 9, 12], "texture": "#1"},
				"south": {"uv": [9, 11.5, 9.5, 12], "texture": "#1"},
				"west": {"uv": [9.5, 11.5, 10, 12], "texture": "#1"},
				"up": {"uv": [10.5, 12, 10, 11.5], "texture": "#1"},
				"down": {"uv": [11, 11.5, 10.5, 12], "texture": "#1"}
			}
		},
		{
			"from": [2.5, 15, 10.9],
			"to": [4.5, 17, 12.9],
			"rotation": {"angle": 0, "axis": "y", "origin": [-1.5, 1, 1.5]},
			"faces": {
				"north": {"uv": [3, 11.75, 3.5, 12.25], "texture": "#1"},
				"east": {"uv": [11.75, 3, 12.25, 3.5], "texture": "#1"},
				"south": {"uv": [3.5, 11.75, 4, 12.25], "texture": "#1"},
				"west": {"uv": [11.75, 3.5, 12.25, 4], "texture": "#1"},
				"up": {"uv": [4.5, 12.25, 4, 11.75], "texture": "#1"},
				"down": {"uv": [5, 11.75, 4.5, 12.25], "texture": "#1"}
			}
		},
		{
			"from": [12.5, 2, 2.5],
			"to": [14.5, 4, 4.5],
			"faces": {
				"north": {"uv": [1.5, 11.75, 2, 12.25], "texture": "#1"},
				"east": {"uv": [11.75, 1.5, 12.25, 2], "texture": "#1"},
				"south": {"uv": [2, 11.75, 2.5, 12.25], "texture": "#1"},
				"west": {"uv": [11.75, 2, 12.25, 2.5], "texture": "#1"},
				"up": {"uv": [3, 12.25, 2.5, 11.75], "texture": "#1"},
				"down": {"uv": [12.25, 2.5, 11.75, 3], "texture": "#1"}
			}
		},
		{
			"from": [1.5, 2, 2.5],
			"to": [3.5, 4, 4.5],
			"faces": {
				"north": {"uv": [11, 11.5, 11.5, 12], "texture": "#1"},
				"east": {"uv": [11.5, 11.5, 12, 12], "texture": "#1"},
				"south": {"uv": [0, 11.75, 0.5, 12.25], "texture": "#1"},
				"west": {"uv": [0.5, 11.75, 1, 12.25], "texture": "#1"},
				"up": {"uv": [1.5, 12.25, 1, 11.75], "texture": "#1"},
				"down": {"uv": [12.25, 1, 11.75, 1.5], "texture": "#1"}
			}
		},
		{
			"from": [2, 0, 10.5],
			"to": [3, 2, 11.5],
			"faces": {
				"north": {"uv": [3.75, 6.5, 4, 7], "texture": "#1"},
				"east": {"uv": [3.75, 7, 4, 7.5], "texture": "#1"},
				"south": {"uv": [11.75, 9.75, 12, 10.25], "texture": "#1"},
				"west": {"uv": [11.75, 10.25, 12, 10.75], "texture": "#1"},
				"up": {"uv": [4, 7.75, 3.75, 7.5], "texture": "#1"},
				"down": {"uv": [6.5, 8.25, 6.25, 8.5], "texture": "#1"}
			}
		},
		{
			"from": [3, 17, 11.9],
			"to": [4, 19, 12.9],
			"rotation": {"angle": 0, "axis": "y", "origin": [-2, -1, 2]},
			"faces": {
				"north": {"uv": [12, 7, 12.25, 7.5], "texture": "#1"},
				"east": {"uv": [7.25, 12, 7.5, 12.5], "texture": "#1"},
				"south": {"uv": [7.5, 12, 7.75, 12.5], "texture": "#1"},
				"west": {"uv": [7.75, 12, 8, 12.5], "texture": "#1"},
				"up": {"uv": [10.5, 2.5, 10.25, 2.25], "texture": "#1"},
				"down": {"uv": [10.5, 7.75, 10.25, 8], "texture": "#1"}
			}
		},
		{
			"from": [11.5, 15, 10.9],
			"to": [13.5, 17, 12.9],
			"rotation": {"angle": 0, "axis": "y", "origin": [17.5, 1, 1.5]},
			"faces": {
				"north": {"uv": [5, 11.75, 5.5, 12.25], "texture": "#1"},
				"east": {"uv": [5.5, 11.75, 6, 12.25], "texture": "#1"},
				"south": {"uv": [11.75, 7.75, 12.25, 8.25], "texture": "#1"},
				"west": {"uv": [11.75, 8.25, 12.25, 8.75], "texture": "#1"},
				"up": {"uv": [12.25, 9.25, 11.75, 8.75], "texture": "#1"},
				"down": {"uv": [12.25, 9.25, 11.75, 9.75], "texture": "#1"}
			}
		},
		{
			"from": [12, 17, 11.9],
			"to": [13, 19, 12.9],
			"rotation": {"angle": 0, "axis": "y", "origin": [18, -1, 2]},
			"faces": {
				"north": {"uv": [8, 12, 8.25, 12.5], "texture": "#1"},
				"east": {"uv": [8.25, 12, 8.5, 12.5], "texture": "#1"},
				"south": {"uv": [8.5, 12, 8.75, 12.5], "texture": "#1"},
				"west": {"uv": [8.75, 12, 9, 12.5], "texture": "#1"},
				"up": {"uv": [10.75, 2.5, 10.5, 2.25], "texture": "#1"},
				"down": {"uv": [7.75, 10.5, 7.5, 10.75], "texture": "#1"}
			}
		},
		{
			"from": [13, 0, 10.5],
			"to": [14, 2, 11.5],
			"faces": {
				"north": {"uv": [11.75, 10.75, 12, 11.25], "texture": "#1"},
				"east": {"uv": [12, 0, 12.25, 0.5], "texture": "#1"},
				"south": {"uv": [12, 0.5, 12.25, 1], "texture": "#1"},
				"west": {"uv": [12, 5, 12.25, 5.5], "texture": "#1"},
				"up": {"uv": [6.75, 8.5, 6.5, 8.25], "texture": "#1"},
				"down": {"uv": [7, 8.25, 6.75, 8.5], "texture": "#1"}
			}
		},
		{
			"from": [13, 0, 3.5],
			"to": [14, 2, 4.5],
			"faces": {
				"north": {"uv": [6.5, 12, 6.75, 12.5], "texture": "#1"},
				"east": {"uv": [12, 6.5, 12.25, 7], "texture": "#1"},
				"south": {"uv": [6.75, 12, 7, 12.5], "texture": "#1"},
				"west": {"uv": [7, 12, 7.25, 12.5], "texture": "#1"},
				"up": {"uv": [10.25, 2.5, 10, 2.25], "texture": "#1"},
				"down": {"uv": [10.25, 7.75, 10, 8], "texture": "#1"}
			}
		},
		{
			"from": [2, 0, 3.5],
			"to": [3, 2, 4.5],
			"faces": {
				"north": {"uv": [12, 5.5, 12.25, 6], "texture": "#1"},
				"east": {"uv": [6, 12, 6.25, 12.5], "texture": "#1"},
				"south": {"uv": [12, 6, 12.25, 6.5], "texture": "#1"},
				"west": {"uv": [6.25, 12, 6.5, 12.5], "texture": "#1"},
				"up": {"uv": [6.25, 9, 6, 8.75], "texture": "#1"},
				"down": {"uv": [10, 2.25, 9.75, 2.5], "texture": "#1"}
			}
		},
		{
			"from": [12, 4, 2],
			"to": [15, 11, 5],
			"faces": {
				"north": {"uv": [8, 9, 8.75, 10.75], "texture": "#1"},
				"east": {"uv": [8.75, 9, 9.5, 10.75], "texture": "#1"},
				"south": {"uv": [0, 9.5, 0.75, 11.25], "texture": "#1"},
				"west": {"uv": [0.75, 9.5, 1.5, 11.25], "texture": "#1"},
				"up": {"uv": [11.5, 7.25, 10.75, 6.5], "texture": "#1"},
				"down": {"uv": [8.25, 10.75, 7.5, 11.5], "texture": "#1"}
			}
		},
		{
			"from": [12, 4, 5],
			"to": [15, 6, 10],
			"faces": {
				"north": {"uv": [1.5, 11.25, 2.25, 11.75], "texture": "#1"},
				"east": {"uv": [10.25, 5, 11.5, 5.5], "texture": "#1"},
				"south": {"uv": [2.25, 11.25, 3, 11.75], "texture": "#1"},
				"west": {"uv": [10.5, 1.25, 11.75, 1.75], "texture": "#1"},
				"up": {"uv": [3.75, 7.75, 3, 6.5], "texture": "#1"},
				"down": {"uv": [10.25, 10.25, 9.5, 11.5], "texture": "#1"}
			}
		},
		{
			"from": [1, 4, 5],
			"to": [4, 6, 10],
			"faces": {
				"north": {"uv": [3, 11.25, 3.75, 11.75], "texture": "#1"},
				"east": {"uv": [10.75, 5.5, 12, 6], "texture": "#1"},
				"south": {"uv": [3.75, 11.25, 4.5, 11.75], "texture": "#1"},
				"west": {"uv": [10.75, 6, 12, 6.5], "texture": "#1"},
				"up": {"uv": [11, 11.5, 10.25, 10.25], "texture": "#1"},
				"down": {"uv": [11.25, 0, 10.5, 1.25], "texture": "#1"}
			}
		},
		{
			"from": [4, 4, 2],
			"to": [12, 6, 5],
			"faces": {
				"north": {"uv": [9.75, 1.75, 11.75, 2.25], "texture": "#1"},
				"east": {"uv": [0, 11.25, 0.75, 11.75], "texture": "#1"},
				"south": {"uv": [10, 7.25, 12, 7.75], "texture": "#1"},
				"west": {"uv": [11.25, 0, 12, 0.5], "texture": "#1"},
				"up": {"uv": [2, 9.5, 0, 8.75], "texture": "#1"},
				"down": {"uv": [4, 8.75, 2, 9.5], "texture": "#1"}
			}
		},
		{
			"from": [4, 4, 10],
			"to": [12, 6, 13],
			"faces": {
				"north": {"uv": [10.25, 4, 12.25, 4.5], "texture": "#1"},
				"east": {"uv": [11.25, 0.5, 12, 1], "texture": "#1"},
				"south": {"uv": [10.25, 4.5, 12.25, 5], "texture": "#1"},
				"west": {"uv": [0.75, 11.25, 1.5, 11.75], "texture": "#1"},
				"up": {"uv": [6, 9.5, 4, 8.75], "texture": "#1"},
				"down": {"uv": [8, 9, 6, 9.75], "texture": "#1"}
			}
		},
		{
			"from": [1, 4, 2],
			"to": [4, 11, 5],
			"faces": {
				"north": {"uv": [1.5, 9.5, 2.25, 11.25], "texture": "#1"},
				"east": {"uv": [2.25, 9.5, 3, 11.25], "texture": "#1"},
				"south": {"uv": [3, 9.5, 3.75, 11.25], "texture": "#1"},
				"west": {"uv": [3.75, 9.5, 4.5, 11.25], "texture": "#1"},
				"up": {"uv": [9, 11.5, 8.25, 10.75], "texture": "#1"},
				"down": {"uv": [11.75, 2.25, 11, 3], "texture": "#1"}
			}
		},
		{
			"from": [1, 4, 10],
			"to": [4, 11, 13],
			"faces": {
				"north": {"uv": [6, 9.75, 6.75, 11.5], "texture": "#1"},
				"east": {"uv": [6.75, 9.75, 7.5, 11.5], "texture": "#1"},
				"south": {"uv": [10, 5.5, 10.75, 7.25], "texture": "#1"},
				"west": {"uv": [10.25, 8.5, 11, 10.25], "texture": "#1"},
				"up": {"uv": [11.75, 9.25, 11, 8.5], "texture": "#1"},
				"down": {"uv": [11.75, 9.25, 11, 10], "texture": "#1"}
			}
		},
		{
			"from": [12, 4, 10],
			"to": [15, 11, 13],
			"faces": {
				"north": {"uv": [4.5, 9.5, 5.25, 11.25], "texture": "#1"},
				"east": {"uv": [5.25, 9.5, 6, 11.25], "texture": "#1"},
				"south": {"uv": [9.5, 8.5, 10.25, 10.25], "texture": "#1"},
				"west": {"uv": [9.75, 0, 10.5, 1.75], "texture": "#1"},
				"up": {"uv": [11.75, 3.75, 11, 3], "texture": "#1"},
				"down": {"uv": [11.75, 7.75, 11, 8.5], "texture": "#1"}
			}
		},
		{
			"from": [2, 5, 3],
			"to": [14, 10, 12],
			"faces": {
				"north": {"uv": [7, 5.5, 10, 6.75], "texture": "#1"},
				"east": {"uv": [7.5, 0, 9.75, 1.25], "texture": "#1"},
				"south": {"uv": [7, 6.75, 10, 8], "texture": "#1"},
				"west": {"uv": [7.5, 1.25, 9.75, 2.5], "texture": "#1"},
				"up": {"uv": [7, 7.75, 4, 5.5], "texture": "#1"},
				"down": {"uv": [3, 6.5, 0, 8.75], "texture": "#1"}
			}
		},
		{
			"from": [0, 10, 1],
			"to": [16, 12, 14],
			"faces": {
				"north": {"uv": [3, 7.75, 7, 8.25], "texture": "#1"},
				"east": {"uv": [3, 8.25, 6.25, 8.75], "texture": "#1"},
				"south": {"uv": [7, 8, 11, 8.5], "texture": "#1"},
				"west": {"uv": [6.25, 8.5, 9.5, 9], "texture": "#1"},
				"up": {"uv": [4, 3.25, 0, 0], "texture": "#1"},
				"down": {"uv": [4, 3.25, 0, 6.5], "texture": "#1"}
			}
		},
		{
			"from": [6.5, 8, 0.5],
			"to": [9.5, 11, 2.5],
			"faces": {
				"north": {"uv": [11, 10, 11.75, 10.75], "texture": "#1"},
				"east": {"uv": [7.5, 9.75, 8, 10.5], "texture": "#1"},
				"south": {"uv": [11, 10.75, 11.75, 11.5], "texture": "#1"},
				"west": {"uv": [9, 10.75, 9.5, 11.5], "texture": "#1"},
				"up": {"uv": [5.25, 11.75, 4.5, 11.25], "texture": "#1"},
				"down": {"uv": [6, 11.25, 5.25, 11.75], "texture": "#1"}
			}
		},
		{
			"from": [1, 12, 2],
			"to": [15, 15, 13],
			"faces": {
				"north": {"uv": [7.5, 2.5, 11, 3.25], "texture": "#1"},
				"east": {"uv": [7.5, 4, 10.25, 4.75], "texture": "#1"},
				"south": {"uv": [7.5, 3.25, 11, 4], "texture": "#1"},
				"west": {"uv": [7.5, 4.75, 10.25, 5.5], "texture": "#1"},
				"up": {"uv": [7.5, 2.75, 4, 0], "texture": "#1"},
				"down": {"uv": [7.5, 2.75, 4, 5.5], "texture": "#1"}
			}
		}
	],
	"gui_light": "front",
	"display": {
		"thirdperson_righthand": {
			"rotation": [75, 45, 0],
			"translation": [0, 2.5, 0],
			"scale": [0.375, 0.375, 0.375]
		},
		"thirdperson_lefthand": {
			"rotation": [75, 45, 0],
			"translation": [0, 2.5, 0],
			"scale": [0.375, 0.375, 0.375]
		},
		"firstperson_righthand": {
			"rotation": [0, 45, 0],
			"scale": [0.4, 0.4, 0.4]
		},
		"firstperson_lefthand": {
			"rotation": [0, 225, 0],
			"scale": [0.4, 0.4, 0.4]
		},
		"ground": {
			"translation": [0, 3, 0],
			"scale": [0.25, 0.25, 0.25]
		},
		"gui": {
			"rotation": [30, 225, 0],
			"translation": [0, -0.5, 0],
			"scale": [0.625, 0.625, 0.625]
		},
		"fixed": {
			"rotation": [-90, 0, 0],
			"translation": [0, 0, -15],
			"scale": [2, 2, 2]
		}
	}
}