{
	"credit": "Made with Blockbench",
	"texture_size": [128, 128],
	"textures": {
		"2": "goth_furniture:goth_curtains",
		"particle": "goth_furniture:goth_curtains"
	},
	"elements": [
		{
			"from": [-1, 30, 0],
			"to": [32, 32, 3],
			"faces": {
				"north": {"uv": [1.875, 4.75, 5.875, 5], "texture": "#2"},
				"east": {"uv": [2.875, 5.25, 3.25, 5.5], "texture": "#2"},
				"south": {"uv": [1.875, 5, 5.875, 5.25], "texture": "#2"},
				"west": {"uv": [3.25, 5.25, 3.625, 5.5], "texture": "#2"},
				"up": {"uv": [5.875, 4.375, 1.875, 4], "texture": "#2"},
				"down": {"uv": [5.875, 4.375, 1.875, 4.75], "texture": "#2"}
			}
		},
		{
			"from": [-0.5, -2, 1],
			"to": [-0.5, 30, 3],
			"faces": {
				"north": {"uv": [0, 0, 0, 4], "texture": "#2", "tintindex": 0},
				"east": {"uv": [1.875, 5.25, 2.125, 9.25], "texture": "#2", "tintindex": 0},
				"south": {"uv": [0, 0, 0, 4], "texture": "#2", "tintindex": 0},
				"west": {"uv": [2.125, 5.25, 2.375, 9.25], "texture": "#2", "tintindex": 0},
				"up": {"uv": [0, 0.25, 0, 0], "texture": "#2"},
				"down": {"uv": [0, 0, 0, 0.25], "texture": "#2"}
			}
		},
		{
			"from": [-0.5, -2, 1],
			"to": [14.5, 30, 1],
			"faces": {
				"north": {"uv": [0, 0, 1.875, 4], "texture": "#2", "tintindex": 0},
				"east": {"uv": [0, 0, 0, 4], "texture": "#2", "tintindex": 0},
				"south": {"uv": [1.875, 0, 3.75, 4], "texture": "#2", "tintindex": 0},
				"west": {"uv": [0, 0, 0, 4], "texture": "#2", "tintindex": 0},
				"up": {"uv": [1.875, 0, 0, 0], "texture": "#2"},
				"down": {"uv": [1.875, 0, 0, 0], "texture": "#2"}
			}
		},
		{
			"from": [16.5, -2, 1],
			"to": [31.5, 30, 1],
			"rotation": {"angle": 0, "axis": "y", "origin": [16, 0, 0]},
			"faces": {
				"north": {"uv": [3.75, 0, 5.625, 4], "texture": "#2", "tintindex": 0},
				"east": {"uv": [0, 0, 0, 4], "texture": "#2", "tintindex": 0},
				"south": {"uv": [0, 4, 1.875, 8], "texture": "#2", "tintindex": 0},
				"west": {"uv": [0, 0, 0, 4], "texture": "#2", "tintindex": 0},
				"up": {"uv": [1.875, 0, 0, 0], "texture": "#2"},
				"down": {"uv": [1.875, 0, 0, 0], "texture": "#2"}
			}
		},
		{
			"from": [31.5, -2, 1],
			"to": [31.5, 30, 3],
			"rotation": {"angle": 0, "axis": "y", "origin": [16, 0, 0]},
			"faces": {
				"north": {"uv": [0, 0, 0, 4], "texture": "#2", "tintindex": 0},
				"east": {"uv": [2.375, 5.25, 2.625, 9.25], "texture": "#2", "tintindex": 0},
				"south": {"uv": [0, 0, 0, 4], "texture": "#2", "tintindex": 0},
				"west": {"uv": [2.625, 5.25, 2.875, 9.25], "texture": "#2", "tintindex": 0},
				"up": {"uv": [0, 0.25, 0, 0], "texture": "#2"},
				"down": {"uv": [0, 0, 0, 0.25], "texture": "#2"}
			}
		}
	],
	"display": {
		"thirdperson_righthand": {
			"rotation": [75, 45, 0],
			"translation": [0, 2.5, 0],
			"scale": [0.375, 0.375, 0.375]
		},
		"thirdperson_lefthand": {
			"rotation": [75, 45, 0],
			"translation": [0, 2.5, 0],
			"scale": [0.375, 0.375, 0.375]
		},
		"firstperson_righthand": {
			"rotation": [-180, 85, 180],
			"translation": [4.25, 0, 2.25],
			"scale": [0.4, 0.4, 0.4]
		},
		"firstperson_lefthand": {
			"rotation": [-180, 85, 180],
			"scale": [0.4, 0.4, 0.4]
		},
		"ground": {
			"translation": [0, 3, 0],
			"scale": [0.25, 0.25, 0.25]
		},
		"gui": {
			"rotation": [30, 225, 0],
			"translation": [0.25, -0.75, 0],
			"scale": [0.35, 0.35, 0.35]
		},
		"fixed": {
			"translation": [1, -28, 11],
			"scale": [2, 2, 2]
		}
	}
}