{
	"credit": "Made with Blockbench",
	"texture_size": [64, 64],
	"textures": {
		"2": "goth_furniture:goth_table",
		"particle": "goth_furniture:goth_table"
	},
	"elements": [
		{
			"from": [1.70781, 0, 7.7064],
			"to": [14.70781, 7, 7.7064],
			"rotation": {"angle": -45, "axis": "y", "origin": [7.70781, 2, 7.7064]},
			"faces": {
				"north": {"uv": [3, 0, 6.25, 1.75], "texture": "#2"},
				"east": {"uv": [0, 0, 0, 1.75], "texture": "#2"},
				"south": {"uv": [3, 1.75, 6.25, 3.5], "texture": "#2"},
				"west": {"uv": [0, 0, 0, 1.75], "texture": "#2"},
				"up": {"uv": [3.25, 0, 0, 0], "texture": "#2"},
				"down": {"uv": [3.25, 0, 0, 0], "texture": "#2"}
			}
		},
		{
			"from": [8.06137, 0, 1.55995],
			"to": [8.06137, 7, 14.55995],
			"rotation": {"angle": -45, "axis": "y", "origin": [8.06137, 3.5, 8.05995]},
			"faces": {
				"north": {"uv": [0, 0, 0, 1.75], "texture": "#2"},
				"east": {"uv": [3, 3.5, 6.25, 5.25], "texture": "#2"},
				"south": {"uv": [0, 0, 0, 1.75], "texture": "#2"},
				"west": {"uv": [3, 5.25, 6.25, 7], "texture": "#2"},
				"up": {"uv": [0, 3.25, 0, 0], "texture": "#2"},
				"down": {"uv": [0, 0, 0, 3.25], "texture": "#2"}
			}
		},
		{
			"from": [7, 5, 7],
			"to": [9, 16, 9],
			"faces": {
				"north": {"uv": [1.5, 6.5, 2, 9.25], "texture": "#2"},
				"east": {"uv": [2, 6.5, 2.5, 9.25], "texture": "#2"},
				"south": {"uv": [2.5, 6.5, 3, 9.25], "texture": "#2"},
				"west": {"uv": [6.75, 5.5, 7.25, 8.25], "texture": "#2"},
				"up": {"uv": [7.75, 7, 7.25, 6.5], "texture": "#2"},
				"down": {"uv": [7.75, 7, 7.25, 7.5], "texture": "#2"}
			}
		},
		{
			"from": [0, 14, 0],
			"to": [16, 16, 2],
			"faces": {
				"north": {"uv": [6.25, 0, 10.25, 0.5], "texture": "#2"},
				"east": {"uv": [3, 7, 3.5, 7.5], "texture": "#2"},
				"south": {"uv": [6.25, 0.5, 10.25, 1], "texture": "#2"},
				"west": {"uv": [3.5, 7, 4, 7.5], "texture": "#2"},
				"up": {"uv": [10.25, 1.5, 6.25, 1], "texture": "#2"},
				"down": {"uv": [10.25, 1.5, 6.25, 2], "texture": "#2"}
			}
		},
		{
			"from": [0, 14, 14],
			"to": [16, 16, 16],
			"faces": {
				"north": {"uv": [6.25, 2, 10.25, 2.5], "texture": "#2"},
				"east": {"uv": [5, 7, 5.5, 7.5], "texture": "#2"},
				"south": {"uv": [6.25, 2.5, 10.25, 3], "texture": "#2"},
				"west": {"uv": [5.5, 7, 6, 7.5], "texture": "#2"},
				"up": {"uv": [10.25, 3.5, 6.25, 3], "texture": "#2"},
				"down": {"uv": [10.25, 3.5, 6.25, 4], "texture": "#2"}
			}
		},
		{
			"from": [0, 14, 2],
			"to": [2, 16, 14],
			"faces": {
				"north": {"uv": [4, 7, 4.5, 7.5], "texture": "#2"},
				"east": {"uv": [0, 6, 3, 6.5], "texture": "#2"},
				"south": {"uv": [4.5, 7, 5, 7.5], "texture": "#2"},
				"west": {"uv": [6.25, 4, 9.25, 4.5], "texture": "#2"},
				"up": {"uv": [6.75, 7.5, 6.25, 4.5], "texture": "#2"},
				"down": {"uv": [0.5, 6.5, 0, 9.5], "texture": "#2"}
			}
		},
		{
			"from": [14, 14, 2],
			"to": [16, 16, 14],
			"faces": {
				"north": {"uv": [7.25, 5.5, 7.75, 6], "texture": "#2"},
				"east": {"uv": [6.75, 4.5, 9.75, 5], "texture": "#2"},
				"south": {"uv": [7.25, 6, 7.75, 6.5], "texture": "#2"},
				"west": {"uv": [6.75, 5, 9.75, 5.5], "texture": "#2"},
				"up": {"uv": [1, 9.5, 0.5, 6.5], "texture": "#2"},
				"down": {"uv": [1.5, 6.5, 1, 9.5], "texture": "#2"}
			}
		},
		{
			"from": [2, 15.9, 2],
			"to": [14, 15.9, 14],
			"faces": {
				"north": {"uv": [0, 0, 3, 0], "texture": "#2"},
				"east": {"uv": [0, 0, 3, 0], "texture": "#2"},
				"south": {"uv": [0, 0, 3, 0], "texture": "#2"},
				"west": {"uv": [0, 0, 3, 0], "texture": "#2"},
				"up": {"uv": [3, 3, 0, 0], "texture": "#2"},
				"down": {"uv": [3, 3, 0, 6], "texture": "#2"}
			}
		}
	],
	"display": {
		"thirdperson_righthand": {
			"rotation": [75, 45, 0],
			"translation": [0, 2.5, 0],
			"scale": [0.375, 0.375, 0.375]
		},
		"thirdperson_lefthand": {
			"rotation": [75, 45, 0],
			"translation": [0, 2.5, 0],
			"scale": [0.375, 0.375, 0.375]
		},
		"firstperson_righthand": {
			"rotation": [0, 45, 0],
			"scale": [0.4, 0.4, 0.4]
		},
		"firstperson_lefthand": {
			"rotation": [0, 225, 0],
			"scale": [0.4, 0.4, 0.4]
		},
		"ground": {
			"translation": [0, 3, 0],
			"scale": [0.25, 0.25, 0.25]
		},
		"gui": {
			"rotation": [-168.29, -67.25, 179.07],
			"translation": [0, -0.5, 0],
			"scale": [0.625, 0.625, 0.625]
		},
		"fixed": {
			"rotation": [-90, 0, 0],
			"translation": [0, 0, -15],
			"scale": [2, 2, 2]
		}
	}
}