{
	"credit": "Made with Blockbench",
	"texture_size": [64, 64],
	"textures": {
		"1": "goth_furniture:goth_chair"
	},
	"elements": [
		{
			"from": [11, 3, 12],
			"to": [13, 5, 14],
			"faces": {
				"north": {"uv": [4, 5.75, 4.5, 6.25], "texture": "#1"},
				"east": {"uv": [4.5, 5.75, 5, 6.25], "texture": "#1"},
				"south": {"uv": [3, 6.25, 3.5, 6.75], "texture": "#1"},
				"west": {"uv": [3.5, 6.25, 4, 6.75], "texture": "#1"},
				"up": {"uv": [4.5, 6.75, 4, 6.25], "texture": "#1"},
				"down": {"uv": [5, 6.25, 4.5, 6.75], "texture": "#1"}
			}
		},
		{
			"from": [3, 3, 12],
			"to": [5, 5, 14],
			"faces": {
				"north": {"uv": [6, 6.5, 6.5, 7], "texture": "#1"},
				"east": {"uv": [6.5, 6.5, 7, 7], "texture": "#1"},
				"south": {"uv": [3, 6.75, 3.5, 7.25], "texture": "#1"},
				"west": {"uv": [3.5, 6.75, 4, 7.25], "texture": "#1"},
				"up": {"uv": [4.5, 7.25, 4, 6.75], "texture": "#1"},
				"down": {"uv": [5, 6.75, 4.5, 7.25], "texture": "#1"}
			}
		},
		{
			"from": [11, 3, 3],
			"to": [13, 5, 5],
			"faces": {
				"north": {"uv": [6.5, 7, 7, 7.5], "texture": "#1"},
				"east": {"uv": [7, 6.5, 7.5, 7], "texture": "#1"},
				"south": {"uv": [7, 7, 7.5, 7.5], "texture": "#1"},
				"west": {"uv": [3, 7.25, 3.5, 7.75], "texture": "#1"},
				"up": {"uv": [4, 7.75, 3.5, 7.25], "texture": "#1"},
				"down": {"uv": [4.5, 7.25, 4, 7.75], "texture": "#1"}
			}
		},
		{
			"from": [3, 3, 3],
			"to": [5, 5, 5],
			"faces": {
				"north": {"uv": [7, 0, 7.5, 0.5], "texture": "#1"},
				"east": {"uv": [7, 0.5, 7.5, 1], "texture": "#1"},
				"south": {"uv": [7, 1, 7.5, 1.5], "texture": "#1"},
				"west": {"uv": [7, 1.5, 7.5, 2], "texture": "#1"},
				"up": {"uv": [7.5, 2.5, 7, 2], "texture": "#1"},
				"down": {"uv": [6.5, 7, 6, 7.5], "texture": "#1"}
			}
		},
		{
			"from": [3.5, 0, 12],
			"to": [4.5, 3, 13],
			"faces": {
				"north": {"uv": [7.5, 0.5, 7.75, 1.25], "texture": "#1"},
				"east": {"uv": [7.5, 1.25, 7.75, 2], "texture": "#1"},
				"south": {"uv": [6, 7.5, 6.25, 8.25], "texture": "#1"},
				"west": {"uv": [6.25, 7.5, 6.5, 8.25], "texture": "#1"},
				"up": {"uv": [7.75, 2.25, 7.5, 2], "texture": "#1"},
				"down": {"uv": [7.75, 2.25, 7.5, 2.5], "texture": "#1"}
			}
		},
		{
			"from": [3.5, 22, 13],
			"to": [4.5, 25, 14],
			"faces": {
				"north": {"uv": [4, 7.75, 4.25, 8.5], "texture": "#1"},
				"east": {"uv": [4.25, 7.75, 4.5, 8.5], "texture": "#1"},
				"south": {"uv": [4.5, 7.75, 4.75, 8.5], "texture": "#1"},
				"west": {"uv": [4.75, 7.75, 5, 8.5], "texture": "#1"},
				"up": {"uv": [8.25, 6.75, 8, 6.5], "texture": "#1"},
				"down": {"uv": [8.25, 6.75, 8, 7], "texture": "#1"}
			}
		},
		{
			"from": [11.5, 22, 13],
			"to": [12.5, 25, 14],
			"faces": {
				"north": {"uv": [7.75, 6.5, 8, 7.25], "texture": "#1"},
				"east": {"uv": [7.75, 7.25, 8, 8], "texture": "#1"},
				"south": {"uv": [8, 0, 8.25, 0.75], "texture": "#1"},
				"west": {"uv": [8, 0.75, 8.25, 1.5], "texture": "#1"},
				"up": {"uv": [8.25, 7.25, 8, 7], "texture": "#1"},
				"down": {"uv": [8.25, 7.25, 8, 7.5], "texture": "#1"}
			}
		},
		{
			"from": [11.5, 0, 12],
			"to": [12.5, 3, 13],
			"faces": {
				"north": {"uv": [6.5, 7.5, 6.75, 8.25], "texture": "#1"},
				"east": {"uv": [7.5, 6.5, 7.75, 7.25], "texture": "#1"},
				"south": {"uv": [6.75, 7.5, 7, 8.25], "texture": "#1"},
				"west": {"uv": [7, 7.5, 7.25, 8.25], "texture": "#1"},
				"up": {"uv": [8, 2.25, 7.75, 2], "texture": "#1"},
				"down": {"uv": [8, 2.25, 7.75, 2.5], "texture": "#1"}
			}
		},
		{
			"from": [11.5, 0, 4],
			"to": [12.5, 3, 5],
			"faces": {
				"north": {"uv": [3, 7.75, 3.25, 8.5], "texture": "#1"},
				"east": {"uv": [3.25, 7.75, 3.5, 8.5], "texture": "#1"},
				"south": {"uv": [3.5, 7.75, 3.75, 8.5], "texture": "#1"},
				"west": {"uv": [3.75, 7.75, 4, 8.5], "texture": "#1"},
				"up": {"uv": [8.25, 2.25, 8, 2], "texture": "#1"},
				"down": {"uv": [8.25, 2.25, 8, 2.5], "texture": "#1"}
			}
		},
		{
			"from": [3.5, 0, 4],
			"to": [4.5, 3, 5],
			"faces": {
				"north": {"uv": [7.25, 7.5, 7.5, 8.25], "texture": "#1"},
				"east": {"uv": [7.5, 7.25, 7.75, 8], "texture": "#1"},
				"south": {"uv": [7.75, 0.5, 8, 1.25], "texture": "#1"},
				"west": {"uv": [7.75, 1.25, 8, 2], "texture": "#1"},
				"up": {"uv": [8.25, 1.75, 8, 1.5], "texture": "#1"},
				"down": {"uv": [8.25, 1.75, 8, 2], "texture": "#1"}
			}
		},
		{
			"from": [3, 7, 12],
			"to": [5, 22, 14],
			"faces": {
				"north": {"uv": [5, 5.475, 5.5, 9.225], "texture": "#1"},
				"east": {"uv": [5.5, 5.475, 6, 9.225], "texture": "#1"},
				"south": {"uv": [0, 5.75, 0.5, 9.5], "texture": "#1"},
				"west": {"uv": [0.5, 5.75, 1, 9.5], "texture": "#1"},
				"up": {"uv": [3.5, 6.25, 3, 5.75], "texture": "#1"},
				"down": {"uv": [4, 5.75, 3.5, 6.25], "texture": "#1"}
			}
		},
		{
			"from": [11, 7, 12],
			"to": [13, 22, 14],
			"rotation": {"angle": 0, "axis": "y", "origin": [16, 0, 0]},
			"faces": {
				"north": {"uv": [1, 5.725, 1.5, 9.475], "texture": "#1"},
				"east": {"uv": [1.5, 5.725, 2, 9.475], "texture": "#1"},
				"south": {"uv": [2, 5.725, 2.5, 9.475], "texture": "#1"},
				"west": {"uv": [2.5, 5.725, 3, 9.475], "texture": "#1"},
				"up": {"uv": [5, 7.75, 4.5, 7.25], "texture": "#1"},
				"down": {"uv": [8, 0, 7.5, 0.5], "texture": "#1"}
			}
		},
		{
			"from": [5, 10, 13],
			"to": [11, 20, 13],
			"faces": {
				"north": {"uv": [5, 3, 6.5, 5.5], "texture": "#1"},
				"east": {"uv": [0, 0, 0, 2.5], "texture": "#1", "tintindex": 0},
				"south": {"uv": [5.5, 0, 7, 2.5], "texture": "#1"},
				"west": {"uv": [0, 0, 0, 2.5], "texture": "#1", "tintindex": 0},
				"up": {"uv": [1.5, 0, 0, 0], "texture": "#1", "tintindex": 0},
				"down": {"uv": [1.5, 0, 0, 0], "texture": "#1", "tintindex": 0}
			}
		},
		{
			"from": [3, 5, 3],
			"to": [13, 7, 14],
			"faces": {
				"north": {"uv": [6.5, 4.5, 9, 5], "texture": "#1"},
				"east": {"uv": [6, 6, 8.75, 6.5], "texture": "#1"},
				"south": {"uv": [6.5, 5, 9, 5.5], "texture": "#1"},
				"west": {"uv": [6.5, 3, 9.25, 3.5], "texture": "#1"},
				"up": {"uv": [2.5, 5.75, 0, 3], "texture": "#1"},
				"down": {"uv": [5, 3, 2.5, 5.75], "texture": "#1"}
			}
		},
		{
			"from": [2.6, 6, 2.5],
			"to": [13.6, 8, 14.5],
			"faces": {
				"north": {"uv": [6.5, 3.5, 9.25, 4], "texture": "#1", "tintindex": 0},
				"east": {"uv": [5.5, 2.5, 8.5, 3], "texture": "#1", "tintindex": 0},
				"south": {"uv": [6.5, 4, 9.25, 4.5], "texture": "#1", "tintindex": 0},
				"west": {"uv": [6, 5.5, 9, 6], "texture": "#1", "tintindex": 0},
				"up": {"uv": [2.75, 3, 0, 0], "texture": "#1", "tintindex": 0},
				"down": {"uv": [5.5, 0, 2.75, 3], "texture": "#1", "tintindex": 0}
			}
		}
	],
	"gui_light": "front",
	"display": {
		"thirdperson_righthand": {
			"rotation": [75, 45, 0],
			"translation": [0, 2.5, 0],
			"scale": [0.375, 0.375, 0.375]
		},
		"thirdperson_lefthand": {
			"rotation": [75, 45, 0],
			"translation": [0, 2.5, 0],
			"scale": [0.375, 0.375, 0.375]
		},
		"firstperson_righthand": {
			"rotation": [16, 143.25, 0],
			"translation": [0, 1.75, 0],
			"scale": [0.375, 0.375, 0.375]
		},
		"firstperson_lefthand": {
			"rotation": [16, 143.25, 0],
			"translation": [0, 1.75, 0],
			"scale": [0.375, 0.375, 0.375]
		},
		"ground": {
			"scale": [0.5, 0.5, 0.5]
		},
		"gui": {
			"rotation": [16, 143.25, 0],
			"translation": [0, -1.75, 0],
			"scale": [0.375, 0.375, 0.375]
		},
		"fixed": {
			"rotation": [-90, 0, 0],
			"translation": [0, 0, -15],
			"scale": [2, 2, 2]
		}
	}
}