{
	"credit": "Made with Blockbench",
	"texture_size": [64, 64],
	"textures": {
		"3": "goth_furniture:goth_painting_3"
	},
	"elements": [
		{
			"from": [-2, 16, 0],
			"to": [18, 18, 1],
			"faces": {
				"north": {"uv": [4, 0, 9, 0.5], "texture": "#3"},
				"east": {"uv": [5.75, 6, 6, 6.5], "texture": "#3"},
				"south": {"uv": [4, 0.5, 9, 1], "texture": "#3"},
				"west": {"uv": [6.25, 3, 6.5, 3.5], "texture": "#3"},
				"up": {"uv": [11, 2.25, 6, 2], "texture": "#3"},
				"down": {"uv": [11, 2.25, 6, 2.5], "texture": "#3"}
			}
		},
		{
			"from": [-2, -2, 0],
			"to": [18, 0, 1],
			"rotation": {"angle": 0, "axis": "y", "origin": [0, 16, 0]},
			"faces": {
				"north": {"uv": [4, 1, 9, 1.5], "texture": "#3"},
				"east": {"uv": [6.25, 4, 6.5, 4.5], "texture": "#3"},
				"south": {"uv": [4, 1.5, 9, 2], "texture": "#3"},
				"west": {"uv": [6.25, 4.5, 6.5, 5], "texture": "#3"},
				"up": {"uv": [11, 2.75, 6, 2.5], "texture": "#3"},
				"down": {"uv": [11, 2.75, 6, 3], "texture": "#3"}
			}
		},
		{
			"from": [16, 0, 0],
			"to": [18, 16, 1],
			"faces": {
				"north": {"uv": [4, 2, 4.5, 6], "texture": "#3"},
				"east": {"uv": [6, 3, 6.25, 7], "texture": "#3"},
				"south": {"uv": [4.5, 2, 5, 6], "texture": "#3"},
				"west": {"uv": [4, 6, 4.25, 10], "texture": "#3"},
				"up": {"uv": [5.25, 6.25, 4.75, 6], "texture": "#3"},
				"down": {"uv": [5.75, 6, 5.25, 6.25], "texture": "#3"}
			}
		},
		{
			"from": [-2, 0, 0],
			"to": [0, 16, 1],
			"rotation": {"angle": 0, "axis": "y", "origin": [16, 0, 0]},
			"faces": {
				"north": {"uv": [5, 2, 5.5, 6], "texture": "#3"},
				"east": {"uv": [4.25, 6, 4.5, 10], "texture": "#3"},
				"south": {"uv": [5.5, 2, 6, 6], "texture": "#3"},
				"west": {"uv": [4.5, 6, 4.75, 10], "texture": "#3"},
				"up": {"uv": [6.75, 3.75, 6.25, 3.5], "texture": "#3"},
				"down": {"uv": [6.75, 3.75, 6.25, 4], "texture": "#3"}
			}
		},
		{
			"from": [0, 0, 0.5],
			"to": [16, 16, 0.5],
			"faces": {
				"north": {"uv": [0, 0, 4, 4], "texture": "#3"},
				"east": {"uv": [0, 0, 0, 4], "texture": "#3"},
				"south": {"uv": [0, 4, 4, 8], "texture": "#3"},
				"west": {"uv": [0, 0, 0, 4], "texture": "#3"},
				"up": {"uv": [4, 0, 0, 0], "texture": "#3"},
				"down": {"uv": [4, 0, 0, 0], "texture": "#3"}
			}
		}
	],
	"display": {
		"thirdperson_righthand": {
			"rotation": [75, 45, 0],
			"translation": [0, 2.5, 0],
			"scale": [0.375, 0.375, 0.375]
		},
		"thirdperson_lefthand": {
			"rotation": [75, 45, 0],
			"translation": [0, 2.5, 0],
			"scale": [0.375, 0.375, 0.375]
		},
		"firstperson_righthand": {
			"rotation": [-180, 42.5, -180],
			"translation": [0, 5, 0],
			"scale": [0.4, 0.4, 0.4]
		},
		"firstperson_lefthand": {
			"rotation": [-180, 42.5, -180],
			"translation": [0, 5, 0],
			"scale": [0.4, 0.4, 0.4]
		},
		"ground": {
			"translation": [0, 3, 0],
			"scale": [0.25, 0.25, 0.25]
		},
		"gui": {
			"rotation": [30, 225, 0],
			"translation": [-2.75, 1.75, 0],
			"scale": [0.625, 0.625, 0.625]
		},
		"fixed": {
			"translation": [0, 0, 14.5],
			"scale": [2, 2, 2]
		}
	}
}