{
	"credit": "Made with Blockbench",
	"texture_size": [32, 32],
	"textures": {
		"2": "goth_furniture:goth_shelf",
		"particle": "goth_furniture:goth_shelf"
	},
	"elements": [
		{
			"from": [0.5, -6, 14],
			"to": [2.5, -2, 16],
			"faces": {
				"north": {"uv": [8, 12, 9, 14], "texture": "#2"},
				"east": {"uv": [9, 12, 10, 14], "texture": "#2"},
				"south": {"uv": [10, 12, 11, 14], "texture": "#2"},
				"west": {"uv": [11, 12, 12, 14], "texture": "#2"},
				"up": {"uv": [13.5, 7, 12.5, 6], "texture": "#2"},
				"down": {"uv": [13.5, 7, 12.5, 8], "texture": "#2"}
			}
		},
		{
			"from": [1.5, -6, 5],
			"to": [1.5, -2, 14],
			"faces": {
				"north": {"uv": [0, 0, 0, 2], "texture": "#2"},
				"east": {"uv": [8, 0, 12.5, 2], "texture": "#2"},
				"south": {"uv": [0, 0, 0, 2], "texture": "#2"},
				"west": {"uv": [8, 2, 12.5, 4], "texture": "#2"},
				"up": {"uv": [0, 4.5, 0, 0], "texture": "#2"},
				"down": {"uv": [0, 0, 0, 4.5], "texture": "#2"}
			}
		},
		{
			"from": [1, -9, 15],
			"to": [2, -6, 16],
			"faces": {
				"north": {"uv": [2, 13, 2.5, 14.5], "texture": "#2"},
				"east": {"uv": [2.5, 13, 3, 14.5], "texture": "#2"},
				"south": {"uv": [3, 13, 3.5, 14.5], "texture": "#2"},
				"west": {"uv": [3.5, 13, 4, 14.5], "texture": "#2"},
				"up": {"uv": [14, 5, 13.5, 4.5], "texture": "#2"},
				"down": {"uv": [14, 5, 13.5, 5.5], "texture": "#2"}
			}
		},
		{
			"from": [1, -5, 4],
			"to": [2, -2, 5],
			"faces": {
				"north": {"uv": [4, 13, 4.5, 14.5], "texture": "#2"},
				"east": {"uv": [4.5, 13, 5, 14.5], "texture": "#2"},
				"south": {"uv": [5, 13, 5.5, 14.5], "texture": "#2"},
				"west": {"uv": [5.5, 13, 6, 14.5], "texture": "#2"},
				"up": {"uv": [14, 6, 13.5, 5.5], "texture": "#2"},
				"down": {"uv": [14, 6, 13.5, 6.5], "texture": "#2"}
			}
		},
		{
			"from": [14, -9, 15],
			"to": [15, -6, 16],
			"rotation": {"angle": 0, "axis": "y", "origin": [16, 0, 0]},
			"faces": {
				"north": {"uv": [13, 12, 13.5, 13.5], "texture": "#2"},
				"east": {"uv": [13.5, 0, 14, 1.5], "texture": "#2"},
				"south": {"uv": [13.5, 1.5, 14, 3], "texture": "#2"},
				"west": {"uv": [13.5, 3, 14, 4.5], "texture": "#2"},
				"up": {"uv": [14, 8, 13.5, 7.5], "texture": "#2"},
				"down": {"uv": [14, 12, 13.5, 12.5], "texture": "#2"}
			}
		},
		{
			"from": [13.5, -6, 14],
			"to": [15.5, -2, 16],
			"rotation": {"angle": 0, "axis": "y", "origin": [16, 0, 0]},
			"faces": {
				"north": {"uv": [12, 12, 13, 14], "texture": "#2"},
				"east": {"uv": [12.5, 0, 13.5, 2], "texture": "#2"},
				"south": {"uv": [12.5, 2, 13.5, 4], "texture": "#2"},
				"west": {"uv": [12.5, 4, 13.5, 6], "texture": "#2"},
				"up": {"uv": [1, 14, 0, 13], "texture": "#2"},
				"down": {"uv": [2, 13, 1, 14], "texture": "#2"}
			}
		},
		{
			"from": [14.5, -6, 5],
			"to": [14.5, -2, 14],
			"rotation": {"angle": 0, "axis": "y", "origin": [16, 0, 0]},
			"faces": {
				"north": {"uv": [0, 0, 0, 2], "texture": "#2"},
				"east": {"uv": [8, 4, 12.5, 6], "texture": "#2"},
				"south": {"uv": [0, 0, 0, 2], "texture": "#2"},
				"west": {"uv": [8, 6, 12.5, 8], "texture": "#2"},
				"up": {"uv": [0, 4.5, 0, 0], "texture": "#2"},
				"down": {"uv": [0, 0, 0, 4.5], "texture": "#2"}
			}
		},
		{
			"from": [14, -5, 4],
			"to": [15, -2, 5],
			"rotation": {"angle": 0, "axis": "y", "origin": [16, 0, 0]},
			"faces": {
				"north": {"uv": [6, 13, 6.5, 14.5], "texture": "#2"},
				"east": {"uv": [6.5, 13, 7, 14.5], "texture": "#2"},
				"south": {"uv": [7, 13, 7.5, 14.5], "texture": "#2"},
				"west": {"uv": [7.5, 13, 8, 14.5], "texture": "#2"},
				"up": {"uv": [14, 7, 13.5, 6.5], "texture": "#2"},
				"down": {"uv": [14, 7, 13.5, 7.5], "texture": "#2"}
			}
		},
		{
			"from": [0, -2, 3],
			"to": [16, 0, 16],
			"faces": {
				"north": {"uv": [8, 8, 16, 9], "texture": "#2"},
				"east": {"uv": [8, 10, 14.5, 11], "texture": "#2"},
				"south": {"uv": [8, 9, 16, 10], "texture": "#2"},
				"west": {"uv": [8, 11, 14.5, 12], "texture": "#2"},
				"up": {"uv": [8, 6.5, 0, 0], "texture": "#2"},
				"down": {"uv": [8, 6.5, 0, 13], "texture": "#2"}
			}
		}
	],
	"gui_light": "front",
	"display": {
		"thirdperson_righthand": {
			"rotation": [75, 45, 0],
			"translation": [0, 2.5, 0],
			"scale": [0.375, 0.375, 0.375]
		},
		"thirdperson_lefthand": {
			"rotation": [75, 45, 0],
			"translation": [0, 2.5, 0],
			"scale": [0.375, 0.375, 0.375]
		},
		"firstperson_righthand": {
			"rotation": [0, 225, 0],
			"translation": [1.75, 5.25, 0],
			"scale": [0.4, 0.4, 0.4]
		},
		"firstperson_lefthand": {
			"rotation": [0, 225, 0],
			"translation": [1.75, 5.25, 0],
			"scale": [0.4, 0.4, 0.4]
		},
		"ground": {
			"translation": [0, 3, 0],
			"scale": [0.25, 0.25, 0.25]
		},
		"gui": {
			"rotation": [30, 225, 0],
			"translation": [1.25, 4.25, 0],
			"scale": [0.625, 0.625, 0.625]
		},
		"fixed": {
			"translation": [0, 32, -15],
			"scale": [2, 2, 2]
		}
	}
}