{
	"credit": "Made with Blockbench",
	"texture_size": [64, 64],
	"textures": {
		"3": "goth_furniture:goth_chandelier"
	},
	"elements": [
		{
			"from": [7, 0, 0],
			"to": [9, 4, 2],
			"rotation": {"angle": 0, "axis": "y", "origin": [8, 2.75, 8]},
			"faces": {
				"north": {"uv": [6, 4.75, 6.5, 5.75], "texture": "#3"},
				"east": {"uv": [5.25, 6, 5.75, 7], "texture": "#3"},
				"south": {"uv": [5.75, 6, 6.25, 7], "texture": "#3"},
				"west": {"uv": [6.25, 5.75, 6.75, 6.75], "texture": "#3"},
				"up": {"uv": [8.25, 1.5, 7.75, 1], "texture": "#3"},
				"down": {"uv": [2, 7.75, 1.5, 8.25], "texture": "#3"}
			}
		},
		{
			"from": [6, 5, 1],
			"to": [10, 9, 1],
			"rotation": {"angle": 0, "axis": "y", "origin": [8, 2.75, 8]},
			"faces": {
				"north": {"uv": [5.5, 0, 6.5, 1], "texture": "#3"},
				"east": {"uv": [0, 0, 0, 1], "texture": "#3"},
				"south": {"uv": [6.5, 0, 5.5, 1], "texture": "#3"},
				"west": {"uv": [0, 0, 0, 1], "texture": "#3"},
				"up": {"uv": [1, 0, 0, 0], "texture": "#3"},
				"down": {"uv": [1, 0, 0, 0], "texture": "#3"}
			}
		},
		{
			"from": [6.5, 4, -0.5],
			"to": [9.5, 5, 2.5],
			"rotation": {"angle": 0, "axis": "y", "origin": [8, 2.75, 8]},
			"faces": {
				"north": {"uv": [7.75, 4.75, 8.5, 5], "texture": "#3"},
				"east": {"uv": [5, 8, 5.75, 8.25], "texture": "#3"},
				"south": {"uv": [8, 5, 8.75, 5.25], "texture": "#3"},
				"west": {"uv": [8, 5.25, 8.75, 5.5], "texture": "#3"},
				"up": {"uv": [6.25, 4.75, 5.5, 4], "texture": "#3"},
				"down": {"uv": [0.75, 6, 0, 6.75], "texture": "#3"}
			}
		},
		{
			"from": [6.5, 1, 2.5],
			"to": [9.5, 3, 2.5],
			"rotation": {"angle": 0, "axis": "y", "origin": [8, 2.75, 8]},
			"faces": {
				"north": {"uv": [6.5, 5, 7.25, 5.5], "texture": "#3"},
				"east": {"uv": [0, 0, 0, 0.5], "texture": "#3"},
				"south": {"uv": [3.5, 6.75, 4.25, 7.25], "texture": "#3"},
				"west": {"uv": [0, 0, 0, 0.5], "texture": "#3"},
				"up": {"uv": [0.75, 0, 0, 0], "texture": "#3"},
				"down": {"uv": [0.75, 0, 0, 0], "texture": "#3"}
			}
		},
		{
			"from": [6.5, 1, -0.5],
			"to": [9.5, 3, -0.5],
			"rotation": {"angle": 0, "axis": "y", "origin": [8, 2.75, 8]},
			"faces": {
				"north": {"uv": [7, 0, 7.75, 0.5], "texture": "#3"},
				"east": {"uv": [0, 0, 0, 0.5], "texture": "#3"},
				"south": {"uv": [7, 0.5, 7.75, 1], "texture": "#3"},
				"west": {"uv": [0, 0, 0, 0.5], "texture": "#3"},
				"up": {"uv": [0.75, 0, 0, 0], "texture": "#3"},
				"down": {"uv": [0.75, 0, 0, 0], "texture": "#3"}
			}
		},
		{
			"from": [6.5, 1, -0.5],
			"to": [6.5, 3, 2.5],
			"rotation": {"angle": 0, "axis": "y", "origin": [8, 2.75, 8]},
			"faces": {
				"north": {"uv": [0, 0, 0, 0.5], "texture": "#3"},
				"east": {"uv": [4.25, 6.75, 5, 7.25], "texture": "#3"},
				"south": {"uv": [0, 0, 0, 0.5], "texture": "#3"},
				"west": {"uv": [6.75, 5.5, 7.5, 6], "texture": "#3"},
				"up": {"uv": [0, 0.75, 0, 0], "texture": "#3"},
				"down": {"uv": [0, 0, 0, 0.75], "texture": "#3"}
			}
		},
		{
			"from": [9.5, 1, -0.5],
			"to": [9.5, 3, 2.5],
			"rotation": {"angle": 0, "axis": "y", "origin": [8, 2.75, 8]},
			"faces": {
				"north": {"uv": [0, 0, 0, 0.5], "texture": "#3"},
				"east": {"uv": [6.75, 6, 7.5, 6.5], "texture": "#3"},
				"south": {"uv": [0, 0, 0, 0.5], "texture": "#3"},
				"west": {"uv": [6.25, 6.75, 7, 7.25], "texture": "#3"},
				"up": {"uv": [0, 0.75, 0, 0], "texture": "#3"},
				"down": {"uv": [0, 0, 0, 0.75], "texture": "#3"}
			}
		},
		{
			"from": [7.5, -3, 1],
			"to": [8.5, 0, 2],
			"rotation": {"angle": 0, "axis": "y", "origin": [8, 2.75, 8]},
			"faces": {
				"north": {"uv": [6.25, 4, 6.5, 4.75], "texture": "#3"},
				"east": {"uv": [6.25, 7.75, 6.5, 8.5], "texture": "#3"},
				"south": {"uv": [3.5, 8, 3.75, 8.75], "texture": "#3"},
				"west": {"uv": [3.75, 8, 4, 8.75], "texture": "#3"},
				"up": {"uv": [5.75, 5, 5.5, 4.75], "texture": "#3"},
				"down": {"uv": [6, 4.75, 5.75, 5], "texture": "#3"}
			}
		},
		{
			"from": [7, 0, 14],
			"to": [9, 4, 16],
			"rotation": {"angle": 0, "axis": "y", "origin": [8, 2.75, 8]},
			"faces": {
				"north": {"uv": [6.5, 0, 7, 1], "texture": "#3"},
				"east": {"uv": [6.5, 1, 7, 2], "texture": "#3"},
				"south": {"uv": [6.5, 2, 7, 3], "texture": "#3"},
				"west": {"uv": [6.5, 3, 7, 4], "texture": "#3"},
				"up": {"uv": [8.25, 2, 7.75, 1.5], "texture": "#3"},
				"down": {"uv": [2.5, 7.75, 2, 8.25], "texture": "#3"}
			}
		},
		{
			"from": [7.5, -3, 14],
			"to": [8.5, 0, 15],
			"rotation": {"angle": 0, "axis": "y", "origin": [8, 2.75, 8]},
			"faces": {
				"north": {"uv": [4, 8, 4.25, 8.75], "texture": "#3"},
				"east": {"uv": [4.25, 8, 4.5, 8.75], "texture": "#3"},
				"south": {"uv": [8, 8, 8.25, 8.75], "texture": "#3"},
				"west": {"uv": [0, 8.25, 0.25, 9], "texture": "#3"},
				"up": {"uv": [6.25, 6, 6, 5.75], "texture": "#3"},
				"down": {"uv": [6.75, 5.5, 6.5, 5.75], "texture": "#3"}
			}
		},
		{
			"from": [6.5, 1, 13.5],
			"to": [9.5, 3, 13.5],
			"rotation": {"angle": 0, "axis": "y", "origin": [8, 2.75, 8]},
			"faces": {
				"north": {"uv": [7, 4, 7.75, 4.5], "texture": "#3"},
				"east": {"uv": [0, 0, 0, 0.5], "texture": "#3"},
				"south": {"uv": [7, 4.5, 7.75, 5], "texture": "#3"},
				"west": {"uv": [0, 0, 0, 0.5], "texture": "#3"},
				"up": {"uv": [0.75, 0, 0, 0], "texture": "#3"},
				"down": {"uv": [0.75, 0, 0, 0], "texture": "#3"}
			}
		},
		{
			"from": [6.5, 1, 13.5],
			"to": [6.5, 3, 16.5],
			"rotation": {"angle": 0, "axis": "y", "origin": [8, 2.75, 8]},
			"faces": {
				"north": {"uv": [0, 0, 0, 0.5], "texture": "#3"},
				"east": {"uv": [7, 3, 7.75, 3.5], "texture": "#3"},
				"south": {"uv": [0, 0, 0, 0.5], "texture": "#3"},
				"west": {"uv": [7, 3.5, 7.75, 4], "texture": "#3"},
				"up": {"uv": [0, 0.75, 0, 0], "texture": "#3"},
				"down": {"uv": [0, 0, 0, 0.75], "texture": "#3"}
			}
		},
		{
			"from": [6.5, 4, 13.5],
			"to": [9.5, 5, 16.5],
			"rotation": {"angle": 0, "axis": "y", "origin": [8, 2.75, 8]},
			"faces": {
				"north": {"uv": [6.5, 8, 7.25, 8.25], "texture": "#3"},
				"east": {"uv": [7.25, 8, 8, 8.25], "texture": "#3"},
				"south": {"uv": [8, 7.5, 8.75, 7.75], "texture": "#3"},
				"west": {"uv": [8, 7.75, 8.75, 8], "texture": "#3"},
				"up": {"uv": [1.5, 6.75, 0.75, 6], "texture": "#3"},
				"down": {"uv": [2.25, 6, 1.5, 6.75], "texture": "#3"}
			}
		},
		{
			"from": [6, 5, 15],
			"to": [10, 9, 15],
			"rotation": {"angle": 0, "axis": "y", "origin": [8, 2.75, 8]},
			"faces": {
				"north": {"uv": [6.5, 0, 5.5, 1], "texture": "#3"},
				"east": {"uv": [0, 0, 0, 1], "texture": "#3"},
				"south": {"uv": [5.5, 0, 6.5, 1], "texture": "#3"},
				"west": {"uv": [0, 0, 0, 1], "texture": "#3"},
				"up": {"uv": [1, 0, 0, 0], "texture": "#3"},
				"down": {"uv": [1, 0, 0, 0], "texture": "#3"}
			}
		},
		{
			"from": [9.5, 1, 13.5],
			"to": [9.5, 3, 16.5],
			"rotation": {"angle": 0, "axis": "y", "origin": [8, 2.75, 8]},
			"faces": {
				"north": {"uv": [0, 0, 0, 0.5], "texture": "#3"},
				"east": {"uv": [7, 2, 7.75, 2.5], "texture": "#3"},
				"south": {"uv": [0, 0, 0, 0.5], "texture": "#3"},
				"west": {"uv": [7, 2.5, 7.75, 3], "texture": "#3"},
				"up": {"uv": [0, 0.75, 0, 0], "texture": "#3"},
				"down": {"uv": [0, 0, 0, 0.75], "texture": "#3"}
			}
		},
		{
			"from": [6.5, 1, 16.5],
			"to": [9.5, 3, 16.5],
			"rotation": {"angle": 0, "axis": "y", "origin": [8, 2.75, 8]},
			"faces": {
				"north": {"uv": [7, 1, 7.75, 1.5], "texture": "#3"},
				"east": {"uv": [0, 0, 0, 0.5], "texture": "#3"},
				"south": {"uv": [7, 1.5, 7.75, 2], "texture": "#3"},
				"west": {"uv": [0, 0, 0, 0.5], "texture": "#3"},
				"up": {"uv": [0.75, 0, 0, 0], "texture": "#3"},
				"down": {"uv": [0.75, 0, 0, 0], "texture": "#3"}
			}
		},
		{
			"from": [0, 0, 7],
			"to": [2, 4, 9],
			"rotation": {"angle": 0, "axis": "y", "origin": [8, 2.75, 8]},
			"faces": {
				"north": {"uv": [1.5, 6.75, 2, 7.75], "texture": "#3"},
				"east": {"uv": [2, 6.75, 2.5, 7.75], "texture": "#3"},
				"south": {"uv": [2.5, 6.75, 3, 7.75], "texture": "#3"},
				"west": {"uv": [3, 6.75, 3.5, 7.75], "texture": "#3"},
				"up": {"uv": [8.25, 3, 7.75, 2.5], "texture": "#3"},
				"down": {"uv": [3.5, 7.75, 3, 8.25], "texture": "#3"}
			}
		},
		{
			"from": [1, -3, 7.5],
			"to": [2, 0, 8.5],
			"rotation": {"angle": 0, "axis": "y", "origin": [8, 2.75, 8]},
			"faces": {
				"north": {"uv": [3.25, 8.25, 3.5, 9], "texture": "#3"},
				"east": {"uv": [8.25, 3.75, 8.5, 4.5], "texture": "#3"},
				"south": {"uv": [4.5, 8.25, 4.75, 9], "texture": "#3"},
				"west": {"uv": [4.75, 8.25, 5, 9], "texture": "#3"},
				"up": {"uv": [6, 7.25, 5.75, 7], "texture": "#3"},
				"down": {"uv": [6.25, 7, 6, 7.25], "texture": "#3"}
			}
		},
		{
			"from": [2.5, 1, 6.5],
			"to": [2.5, 3, 9.5],
			"rotation": {"angle": 0, "axis": "y", "origin": [8, 2.75, 8]},
			"faces": {
				"north": {"uv": [0, 0, 0, 0.5], "texture": "#3"},
				"east": {"uv": [7.75, 0.5, 8.5, 1], "texture": "#3"},
				"south": {"uv": [0, 0, 0, 0.5], "texture": "#3"},
				"west": {"uv": [0.75, 7.75, 1.5, 8.25], "texture": "#3"},
				"up": {"uv": [0, 0.75, 0, 0], "texture": "#3"},
				"down": {"uv": [0, 0, 0, 0.75], "texture": "#3"}
			}
		},
		{
			"from": [-0.5, 1, 6.5],
			"to": [2.5, 3, 6.5],
			"rotation": {"angle": 0, "axis": "y", "origin": [8, 2.75, 8]},
			"faces": {
				"north": {"uv": [0, 7.75, 0.75, 8.25], "texture": "#3"},
				"east": {"uv": [0, 0, 0, 0.5], "texture": "#3"},
				"south": {"uv": [7.75, 0, 8.5, 0.5], "texture": "#3"},
				"west": {"uv": [0, 0, 0, 0.5], "texture": "#3"},
				"up": {"uv": [0.75, 0, 0, 0], "texture": "#3"},
				"down": {"uv": [0.75, 0, 0, 0], "texture": "#3"}
			}
		},
		{
			"from": [-0.5, 4, 6.5],
			"to": [2.5, 5, 9.5],
			"rotation": {"angle": 0, "axis": "y", "origin": [8, 2.75, 8]},
			"faces": {
				"north": {"uv": [8.25, 2.25, 9, 2.5], "texture": "#3"},
				"east": {"uv": [2.5, 8.25, 3.25, 8.5], "texture": "#3"},
				"south": {"uv": [8.25, 2.5, 9, 2.75], "texture": "#3"},
				"west": {"uv": [8.25, 2.75, 9, 3], "texture": "#3"},
				"up": {"uv": [4.5, 6.75, 3.75, 6], "texture": "#3"},
				"down": {"uv": [5.25, 6, 4.5, 6.75], "texture": "#3"}
			}
		},
		{
			"from": [1, 5, 6],
			"to": [1, 9, 10],
			"rotation": {"angle": 0, "axis": "y", "origin": [8, 2.75, 8]},
			"faces": {
				"north": {"uv": [0, 0, 0, 1], "texture": "#3"},
				"east": {"uv": [5.5, 0, 6.5, 1], "texture": "#3"},
				"south": {"uv": [0, 0, 0, 1], "texture": "#3"},
				"west": {"uv": [6.5, 0, 5.5, 1], "texture": "#3"},
				"up": {"uv": [0, 1, 0, 0], "texture": "#3"},
				"down": {"uv": [0, 0, 0, 1], "texture": "#3"}
			}
		},
		{
			"from": [-0.5, 1, 9.5],
			"to": [2.5, 3, 9.5],
			"rotation": {"angle": 0, "axis": "y", "origin": [8, 2.75, 8]},
			"faces": {
				"north": {"uv": [6.5, 7.5, 7.25, 8], "texture": "#3"},
				"east": {"uv": [0, 0, 0, 0.5], "texture": "#3"},
				"south": {"uv": [7.25, 7.5, 8, 8], "texture": "#3"},
				"west": {"uv": [0, 0, 0, 0.5], "texture": "#3"},
				"up": {"uv": [0.75, 0, 0, 0], "texture": "#3"},
				"down": {"uv": [0.75, 0, 0, 0], "texture": "#3"}
			}
		},
		{
			"from": [-0.5, 1, 6.5],
			"to": [-0.5, 3, 9.5],
			"rotation": {"angle": 0, "axis": "y", "origin": [8, 2.75, 8]},
			"faces": {
				"north": {"uv": [0, 0, 0, 0.5], "texture": "#3"},
				"east": {"uv": [7.5, 5.5, 8.25, 6], "texture": "#3"},
				"south": {"uv": [0, 0, 0, 0.5], "texture": "#3"},
				"west": {"uv": [7.5, 6, 8.25, 6.5], "texture": "#3"},
				"up": {"uv": [0, 0.75, 0, 0], "texture": "#3"},
				"down": {"uv": [0, 0, 0, 0.75], "texture": "#3"}
			}
		},
		{
			"from": [14, 0, 7],
			"to": [16, 4, 9],
			"rotation": {"angle": 0, "axis": "y", "origin": [8, 2.75, 8]},
			"faces": {
				"north": {"uv": [6.5, 4, 7, 5], "texture": "#3"},
				"east": {"uv": [0, 6.75, 0.5, 7.75], "texture": "#3"},
				"south": {"uv": [0.5, 6.75, 1, 7.75], "texture": "#3"},
				"west": {"uv": [1, 6.75, 1.5, 7.75], "texture": "#3"},
				"up": {"uv": [8.25, 2.5, 7.75, 2], "texture": "#3"},
				"down": {"uv": [3, 7.75, 2.5, 8.25], "texture": "#3"}
			}
		},
		{
			"from": [14, -3, 7.5],
			"to": [15, 0, 8.5],
			"rotation": {"angle": 0, "axis": "y", "origin": [8, 2.75, 8]},
			"faces": {
				"north": {"uv": [8.25, 1.5, 8.5, 2.25], "texture": "#3"},
				"east": {"uv": [1.75, 8.25, 2, 9], "texture": "#3"},
				"south": {"uv": [2, 8.25, 2.25, 9], "texture": "#3"},
				"west": {"uv": [2.25, 8.25, 2.5, 9], "texture": "#3"},
				"up": {"uv": [5.25, 7, 5, 6.75], "texture": "#3"},
				"down": {"uv": [7, 6.5, 6.75, 6.75], "texture": "#3"}
			}
		},
		{
			"from": [13.5, 1, 6.5],
			"to": [13.5, 3, 9.5],
			"rotation": {"angle": 0, "axis": "y", "origin": [8, 2.75, 8]},
			"faces": {
				"north": {"uv": [0, 0, 0, 0.5], "texture": "#3"},
				"east": {"uv": [5.75, 7.25, 6.5, 7.75], "texture": "#3"},
				"south": {"uv": [0, 0, 0, 0.5], "texture": "#3"},
				"west": {"uv": [5, 7.5, 5.75, 8], "texture": "#3"},
				"up": {"uv": [0, 0.75, 0, 0], "texture": "#3"},
				"down": {"uv": [0, 0, 0, 0.75], "texture": "#3"}
			}
		},
		{
			"from": [13.5, 1, 6.5],
			"to": [16.5, 3, 6.5],
			"rotation": {"angle": 0, "axis": "y", "origin": [8, 2.75, 8]},
			"faces": {
				"north": {"uv": [4.25, 7.25, 5, 7.75], "texture": "#3"},
				"east": {"uv": [0, 0, 0, 0.5], "texture": "#3"},
				"south": {"uv": [7.25, 5, 8, 5.5], "texture": "#3"},
				"west": {"uv": [0, 0, 0, 0.5], "texture": "#3"},
				"up": {"uv": [0.75, 0, 0, 0], "texture": "#3"},
				"down": {"uv": [0.75, 0, 0, 0], "texture": "#3"}
			}
		},
		{
			"from": [13.5, 4, 6.5],
			"to": [16.5, 5, 9.5],
			"rotation": {"angle": 0, "axis": "y", "origin": [8, 2.75, 8]},
			"faces": {
				"north": {"uv": [0.25, 8.25, 1, 8.5], "texture": "#3"},
				"east": {"uv": [1, 8.25, 1.75, 8.5], "texture": "#3"},
				"south": {"uv": [8.25, 1, 9, 1.25], "texture": "#3"},
				"west": {"uv": [8.25, 1.25, 9, 1.5], "texture": "#3"},
				"up": {"uv": [3, 6.75, 2.25, 6], "texture": "#3"},
				"down": {"uv": [3.75, 6, 3, 6.75], "texture": "#3"}
			}
		},
		{
			"from": [15, 5, 6],
			"to": [15, 9, 10],
			"rotation": {"angle": 0, "axis": "y", "origin": [8, 2.75, 8]},
			"faces": {
				"north": {"uv": [0, 0, 0, 1], "texture": "#3"},
				"east": {"uv": [5.5, 0, 6.5, 1], "texture": "#3"},
				"south": {"uv": [0, 0, 0, 1], "texture": "#3"},
				"west": {"uv": [6.5, 0, 5.5, 1], "texture": "#3"},
				"up": {"uv": [0, 1, 0, 0], "texture": "#3"},
				"down": {"uv": [0, 0, 0, 1], "texture": "#3"}
			}
		},
		{
			"from": [13.5, 1, 9.5],
			"to": [16.5, 3, 9.5],
			"rotation": {"angle": 0, "axis": "y", "origin": [8, 2.75, 8]},
			"faces": {
				"north": {"uv": [7, 7, 7.75, 7.5], "texture": "#3"},
				"east": {"uv": [0, 0, 0, 0.5], "texture": "#3"},
				"south": {"uv": [3.5, 7.25, 4.25, 7.75], "texture": "#3"},
				"west": {"uv": [0, 0, 0, 0.5], "texture": "#3"},
				"up": {"uv": [0.75, 0, 0, 0], "texture": "#3"},
				"down": {"uv": [0.75, 0, 0, 0], "texture": "#3"}
			}
		},
		{
			"from": [16.5, 1, 6.5],
			"to": [16.5, 3, 9.5],
			"rotation": {"angle": 0, "axis": "y", "origin": [8, 2.75, 8]},
			"faces": {
				"north": {"uv": [0, 0, 0, 0.5], "texture": "#3"},
				"east": {"uv": [5, 7, 5.75, 7.5], "texture": "#3"},
				"south": {"uv": [0, 0, 0, 0.5], "texture": "#3"},
				"west": {"uv": [7, 6.5, 7.75, 7], "texture": "#3"},
				"up": {"uv": [0, 0.75, 0, 0], "texture": "#3"},
				"down": {"uv": [0, 0, 0, 0.75], "texture": "#3"}
			}
		},
		{
			"from": [2.5, -1, 8],
			"to": [13.5, 9, 8],
			"faces": {
				"north": {"uv": [0, 0, 2.75, 2.5], "texture": "#3"},
				"east": {"uv": [0, 0, 0, 2.5], "texture": "#3"},
				"south": {"uv": [0, 2.5, 2.75, 5], "texture": "#3"},
				"west": {"uv": [0, 0, 0, 2.5], "texture": "#3"},
				"up": {"uv": [2.75, 0, 0, 0], "texture": "#3"},
				"down": {"uv": [2.75, 0, 0, 0], "texture": "#3"}
			}
		},
		{
			"from": [8, -1, 2.5],
			"to": [8, 9, 13.5],
			"rotation": {"angle": 0, "axis": "y", "origin": [8, 4, 8]},
			"faces": {
				"north": {"uv": [0, 0, 0, 2.5], "texture": "#3"},
				"east": {"uv": [2.75, 0, 5.5, 2.5], "texture": "#3"},
				"south": {"uv": [0, 0, 0, 2.5], "texture": "#3"},
				"west": {"uv": [2.75, 2.5, 5.5, 5], "texture": "#3"},
				"up": {"uv": [0, 2.75, 0, 0], "texture": "#3"},
				"down": {"uv": [0, 0, 0, 2.75], "texture": "#3"}
			}
		},
		{
			"from": [6, 11, 6],
			"to": [10, 12, 10],
			"faces": {
				"north": {"uv": [7.75, 3, 8.75, 3.25], "texture": "#3"},
				"east": {"uv": [7.75, 3.25, 8.75, 3.5], "texture": "#3"},
				"south": {"uv": [3.5, 7.75, 4.5, 8], "texture": "#3"},
				"west": {"uv": [7.75, 3.5, 8.75, 3.75], "texture": "#3"},
				"up": {"uv": [6.5, 3, 5.5, 2], "texture": "#3"},
				"down": {"uv": [6.5, 3, 5.5, 4], "texture": "#3"}
			}
		},
		{
			"from": [7, 9, 7],
			"to": [9, 11, 9],
			"faces": {
				"north": {"uv": [7.75, 3.75, 8.25, 4.25], "texture": "#3"},
				"east": {"uv": [7.75, 4.25, 8.25, 4.75], "texture": "#3"},
				"south": {"uv": [4.5, 7.75, 5, 8.25], "texture": "#3"},
				"west": {"uv": [5.75, 7.75, 6.25, 8.25], "texture": "#3"},
				"up": {"uv": [8.25, 7, 7.75, 6.5], "texture": "#3"},
				"down": {"uv": [8.25, 7, 7.75, 7.5], "texture": "#3"}
			}
		}
	],
	"display": {
		"thirdperson_righthand": {
			"rotation": [75, 45, 0],
			"translation": [0, 2.5, 0],
			"scale": [0.375, 0.375, 0.375]
		},
		"thirdperson_lefthand": {
			"rotation": [75, 45, 0],
			"translation": [0, 2.5, 0],
			"scale": [0.375, 0.375, 0.375]
		},
		"firstperson_righthand": {
			"rotation": [-180, 64.5, -180],
			"translation": [0, 7, 2.5],
			"scale": [0.4, 0.4, 0.4]
		},
		"firstperson_lefthand": {
			"rotation": [-180, 57.25, 180],
			"translation": [0, 6.75, 2.25],
			"scale": [0.4, 0.4, 0.4]
		},
		"ground": {
			"translation": [0, 3, 0],
			"scale": [0.25, 0.25, 0.25]
		},
		"gui": {
			"rotation": [30, 225, 0],
			"translation": [0, 2, 0],
			"scale": [0.625, 0.625, 0.625]
		},
		"fixed": {
			"rotation": [90, 0, 0],
			"translation": [0, 0, -7],
			"scale": [2, 2, 2]
		}
	}
}