{
	"credit": "Made with Blockbench",
	"texture_size": [128, 128],
	"textures": {
		"1": "goth_furniture:goth_painting"
	},
	"elements": [
		{
			"from": [0, 30, 0],
			"to": [25, 32, 1],
			"faces": {
				"north": {"uv": [1, 4, 4.125, 4.25], "texture": "#1"},
				"east": {"uv": [2, 4.75, 2.125, 5], "texture": "#1"},
				"south": {"uv": [4.125, 4, 7.25, 4.25], "texture": "#1"},
				"west": {"uv": [2.125, 4.75, 2.25, 5], "texture": "#1"},
				"up": {"uv": [4.625, 4.625, 1.5, 4.5], "texture": "#1"},
				"down": {"uv": [4.625, 4.625, 1.5, 4.75], "texture": "#1"}
			}
		},
		{
			"from": [0, -4, 0],
			"to": [25, -2, 1],
			"rotation": {"angle": 0, "axis": "y", "origin": [0, 16, 0]},
			"faces": {
				"north": {"uv": [1, 4.25, 4.125, 4.5], "texture": "#1"},
				"east": {"uv": [2.75, 4.75, 2.875, 5], "texture": "#1"},
				"south": {"uv": [4.125, 4.25, 7.25, 4.5], "texture": "#1"},
				"west": {"uv": [2.875, 4.75, 3, 5], "texture": "#1"},
				"up": {"uv": [7.75, 4.625, 4.625, 4.5], "texture": "#1"},
				"down": {"uv": [7.75, 4.625, 4.625, 4.75], "texture": "#1"}
			}
		},
		{
			"from": [23, -2, 0],
			"to": [25, 30, 1],
			"faces": {
				"north": {"uv": [0, 4, 0.25, 8], "texture": "#1"},
				"east": {"uv": [1, 4.5, 1.125, 8.5], "texture": "#1"},
				"south": {"uv": [0.25, 4, 0.5, 8], "texture": "#1"},
				"west": {"uv": [1.125, 4.5, 1.25, 8.5], "texture": "#1"},
				"up": {"uv": [1.75, 4.875, 1.5, 4.75], "texture": "#1"},
				"down": {"uv": [2, 4.75, 1.75, 4.875], "texture": "#1"}
			}
		},
		{
			"from": [0, -2, 0],
			"to": [2, 30, 1],
			"rotation": {"angle": 0, "axis": "y", "origin": [16, 0, 0]},
			"faces": {
				"north": {"uv": [0.5, 4, 0.75, 8], "texture": "#1"},
				"east": {"uv": [1.25, 4.5, 1.375, 8.5], "texture": "#1"},
				"south": {"uv": [0.75, 4, 1, 8], "texture": "#1"},
				"west": {"uv": [1.375, 4.5, 1.5, 8.5], "texture": "#1"},
				"up": {"uv": [2.5, 4.875, 2.25, 4.75], "texture": "#1"},
				"down": {"uv": [2.75, 4.75, 2.5, 4.875], "texture": "#1"}
			}
		},
		{
			"from": [2, -2, 0.5],
			"to": [23, 30, 0.5],
			"faces": {
				"north": {"uv": [0, 0, 2.625, 4], "texture": "#1"},
				"east": {"uv": [0, 0, 0, 4], "texture": "#1"},
				"south": {"uv": [2.625, 0, 5.25, 4], "texture": "#1"},
				"west": {"uv": [0, 0, 0, 4], "texture": "#1"},
				"up": {"uv": [2.625, 0, 0, 0], "texture": "#1"},
				"down": {"uv": [2.625, 0, 0, 0], "texture": "#1"}
			}
		}
	],
	"display": {
		"thirdperson_righthand": {
			"rotation": [75, 45, 0],
			"translation": [0, 2.5, 0],
			"scale": [0.375, 0.375, 0.375]
		},
		"thirdperson_lefthand": {
			"rotation": [75, 45, 0],
			"translation": [0, 2.5, 0],
			"scale": [0.375, 0.375, 0.375]
		},
		"firstperson_righthand": {
			"rotation": [0, 45, 0],
			"scale": [0.4, 0.4, 0.4]
		},
		"firstperson_lefthand": {
			"rotation": [0, 225, 0],
			"scale": [0.4, 0.4, 0.4]
		},
		"ground": {
			"translation": [0, 3, 0],
			"scale": [0.25, 0.25, 0.25]
		},
		"gui": {
			"rotation": [30, 225, 0],
			"scale": [0.35, 0.35, 0.35]
		},
		"fixed": {
			"translation": [-9, 8, 14.5],
			"scale": [2, 2, 2]
		}
	}
}