{"credit":"magic_store_official","texture_size":[64,64],"textures":{"0":"custom/furniture/medieval_001/oak/mc_medieval_lamp_01_v2_texture","particle":"custom/furniture/medieval_001/oak/mc_medieval_lamp_01_v2_texture"},"elements":[{"from":[4,2,4],"to":[12,3,12],"rotation":{"angle":0,"axis":"y","origin":[0,10,6]},"faces":{"north":{"uv":[7.75,5.75,9.75,6],"texture":"#0"},"east":{"uv":[7.75,6,9.75,6.25],"texture":"#0"},"south":{"uv":[7.75,5.75,9.75,6],"texture":"#0"},"west":{"uv":[7.75,6,9.75,6.25],"texture":"#0"},"up":{"uv":[7,2,5,0],"texture":"#0"},"down":{"uv":[7,2,5,0],"texture":"#0"}}},{"from":[4,10,4],"to":[12,11,12],"rotation":{"angle":0,"axis":"y","origin":[0,10,6]},"faces":{"north":{"uv":[7.75,5.75,9.75,6],"texture":"#0"},"east":{"uv":[7.75,6,9.75,6.25],"texture":"#0"},"south":{"uv":[7.75,5.75,9.75,6],"texture":"#0"},"west":{"uv":[7.75,6,9.75,6.25],"texture":"#0"},"up":{"uv":[7,2,5,0],"texture":"#0"},"down":{"uv":[7,2,5,0],"texture":"#0"}}},{"from":[4.5,6,4.5],"to":[11.5,7,11.5],"rotation":{"angle":0,"axis":"y","origin":[0,10,6]},"faces":{"north":{"uv":[7.75,6.25,9.5,6.5],"texture":"#0"},"east":{"uv":[8,1,9.75,1.25],"texture":"#0"},"south":{"uv":[7.75,6.25,9.5,6.5],"texture":"#0"},"west":{"uv":[8,1,9.75,1.25],"texture":"#0"},"up":{"uv":[4.75,6.75,3,5],"texture":"#0"},"down":{"uv":[4.75,6.75,3,5],"texture":"#0"}}},{"from":[5,3,5],"to":[6,10,6],"rotation":{"angle":0,"axis":"y","origin":[0,10,6]},"faces":{"north":{"uv":[4.5,6.75,4.75,8.5],"texture":"#0"},"east":{"uv":[1,8,1.25,9.75],"texture":"#0"},"south":{"uv":[4.5,6.75,4.75,8.5],"texture":"#0"},"west":{"uv":[1,8,1.25,9.75],"texture":"#0"},"up":{"uv":[7.25,5,7,4.75],"texture":"#0"},"down":{"uv":[7.25,5,7,4.75],"texture":"#0"}}},{"from":[5,3,10],"to":[6,10,11],"rotation":{"angle":0,"axis":"y","origin":[0,10,6]},"faces":{"north":{"uv":[4.5,6.75,4.75,8.5],"texture":"#0"},"east":{"uv":[1,8,1.25,9.75],"texture":"#0"},"south":{"uv":[4.5,6.75,4.75,8.5],"texture":"#0"},"west":{"uv":[1,8,1.25,9.75],"texture":"#0"},"up":{"uv":[7.25,5,7,4.75],"texture":"#0"},"down":{"uv":[7.25,5,7,4.75],"texture":"#0"}}},{"from":[10,3,5],"to":[11,10,6],"rotation":{"angle":0,"axis":"y","origin":[0,10,6]},"faces":{"north":{"uv":[4.5,6.75,4.75,8.5],"texture":"#0"},"east":{"uv":[1,8,1.25,9.75],"texture":"#0"},"south":{"uv":[4.5,6.75,4.75,8.5],"texture":"#0"},"west":{"uv":[1,8,1.25,9.75],"texture":"#0"},"up":{"uv":[7.25,5,7,4.75],"texture":"#0"},"down":{"uv":[7.25,5,7,4.75],"texture":"#0"}}},{"from":[10,3,10],"to":[11,10,11],"rotation":{"angle":0,"axis":"y","origin":[0,10,6]},"faces":{"north":{"uv":[4.5,6.75,4.75,8.5],"texture":"#0"},"east":{"uv":[1,8,1.25,9.75],"texture":"#0"},"south":{"uv":[4.5,6.75,4.75,8.5],"texture":"#0"},"west":{"uv":[1,8,1.25,9.75],"texture":"#0"},"up":{"uv":[7.25,5,7,4.75],"texture":"#0"},"down":{"uv":[7.25,5,7,4.75],"texture":"#0"}}},{"from":[6,3,6],"to":[10,10,10],"rotation":{"angle":0,"axis":"y","origin":[0,10,6]},"faces":{"north":{"uv":[3,6.75,4,8.5],"texture":"#0"},"east":{"uv":[7,1,8,2.75],"texture":"#0"},"south":{"uv":[3,6.75,4,8.5],"texture":"#0"},"west":{"uv":[7,1,8,2.75],"texture":"#0"},"up":{"uv":[7.25,8.5,6.25,7.5],"texture":"#0"},"down":{"uv":[7.25,8.5,6.25,7.5],"texture":"#0"}}},{"from":[5,1,5],"to":[11,2,11],"rotation":{"angle":0,"axis":"y","origin":[0,10,6]},"faces":{"north":{"uv":[8,1.25,9.5,1.5],"texture":"#0"},"east":{"uv":[8,1.5,9.5,1.75],"texture":"#0"},"south":{"uv":[8,1.25,9.5,1.5],"texture":"#0"},"west":{"uv":[8,1.5,9.5,1.75],"texture":"#0"},"up":{"uv":[6.25,6.5,4.75,5],"texture":"#0"},"down":{"uv":[6.25,6.5,4.75,5],"texture":"#0"}}},{"from":[5,11,5],"to":[11,12,11],"rotation":{"angle":0,"axis":"y","origin":[0,10,6]},"faces":{"north":{"uv":[8,1.25,9.5,1.5],"texture":"#0"},"east":{"uv":[8,1.5,9.5,1.75],"texture":"#0"},"south":{"uv":[8,1.25,9.5,1.5],"texture":"#0"},"west":{"uv":[8,1.5,9.5,1.75],"texture":"#0"},"up":{"uv":[6.25,6.5,4.75,5],"texture":"#0"},"down":{"uv":[6.25,6.5,4.75,5],"texture":"#0"}}},{"from":[8,12,7],"to":[8,16,9],"rotation":{"angle":0,"axis":"y","origin":[0,10,6]},"faces":{"east":{"uv":[0.5,8,1,9],"texture":"#0"},"west":{"uv":[0.5,8,1,9],"texture":"#0"}}}],"display":{"thirdperson_righthand":{"rotation":[4.25,36,0],"translation":[0,1.75,0.5],"scale":[0.3,0.3,0.3]},"thirdperson_lefthand":{"rotation":[4.25,36,0],"translation":[0,1.75,0.5],"scale":[0.3,0.3,0.3]},"firstperson_righthand":{"rotation":[170.25,-23.5,-180],"translation":[-4,5,6.5],"scale":[0.22,0.22,0.22]},"firstperson_lefthand":{"rotation":[170.25,-23.5,-180],"translation":[-4,5,6.5],"scale":[0.22,0.22,0.22]},"ground":{"translation":[0,-1.5,0],"scale":[0.4,0.4,0.4]},"gui":{"rotation":[30,140,0],"translation":[0,0.5,0]},"head":{"rotation":[0,0,1],"translation":[0,-29.25,0],"scale":[2,2,2]},"fixed":{"rotation":[90,0,0],"translation":[0.5,-2,-20],"scale":[2.5,2.5,2.5]}},"groups":[{"name":"group","origin":[0,10,6],"color":0,"boneType":"","children":[0,1,2,3,4,5,6,7,8,9,10]}]}