{"credit":"magic_store_official","texture_size":[128,128],"textures":{"0":"custom/furniture/medieval_001/oak/mc_medieval_bed_01_v2_texture","particle":"custom/furniture/medieval_001/oak/mc_medieval_bed_01_v2_texture"},"elements":[{"from":[-2,7,16],"to":[18,12,24],"faces":{"north":{"uv":[5.25,4.75,7.75,5.375],"texture":"#0"},"east":{"uv":[5.5,1.25,6.5,1.875],"texture":"#0"},"south":{"uv":[5.25,4.75,7.75,5.375],"texture":"#0"},"west":{"uv":[5.5,1.25,6.5,1.875],"texture":"#0"},"up":{"uv":[5.25,5.625,2.75,4.625],"texture":"#0"},"down":{"uv":[5.25,5.625,2.75,4.625],"texture":"#0"}}},{"from":[-3,7,-8],"to":[19,13,16],"faces":{"north":{"uv":[0,4.75,2.75,5.5],"texture":"#0"},"east":{"uv":[4.75,3,7.75,3.75],"texture":"#0"},"south":{"uv":[0,4.75,2.75,5.5],"texture":"#0"},"west":{"uv":[7.75,3,4.75,3.75],"texture":"#0"},"up":{"uv":[5.5,3,2.75,0],"texture":"#0"},"down":{"uv":[5.5,3,2.75,0],"texture":"#0"}}},{"from":[-3,5,-11],"to":[19,7,27],"faces":{"north":{"uv":[5.5,1,8.25,1.25],"texture":"#0"},"east":{"uv":[5.5,0,10.25,0.25],"texture":"#0"},"south":{"uv":[5.5,1,8.25,1.25],"texture":"#0"},"west":{"uv":[5.5,0,10.25,0.25],"texture":"#0"},"up":{"uv":[2.75,4.75,0,0],"texture":"#0"},"down":{"uv":[2.75,4.75,0,0],"texture":"#0"}}},{"from":[0,7,-10],"to":[16,15,-8],"faces":{"north":{"uv":[5.25,3.75,7.25,4.75],"texture":"#0"},"east":{"uv":[4,5.875,4.25,6.875],"texture":"#0"},"south":{"uv":[5.25,3.75,7.25,4.75],"texture":"#0"},"west":{"uv":[4,5.875,4.25,6.875],"texture":"#0"},"up":{"uv":[4.25,5.875,2.25,5.625],"texture":"#0"},"down":{"uv":[4.25,5.875,2.25,5.625],"texture":"#0"}}},{"from":[3,15,-10],"to":[13,17,-8],"faces":{"north":{"uv":[5.75,5.625,7,5.875],"texture":"#0"},"east":{"uv":[4.75,4.25,5,4.5],"texture":"#0"},"south":{"uv":[5.75,5.625,7,5.875],"texture":"#0"},"west":{"uv":[4.75,4.25,5,4.5],"texture":"#0"},"up":{"uv":[3.5,6.125,2.25,5.875],"texture":"#0"},"down":{"uv":[3.5,6.125,2.25,5.875],"texture":"#0"}}},{"from":[3,20,24],"to":[13,22,26],"faces":{"north":{"uv":[5.75,5.625,7,5.875],"texture":"#0"},"east":{"uv":[4.75,4.25,5,4.5],"texture":"#0"},"south":{"uv":[5.75,5.625,7,5.875],"texture":"#0"},"west":{"uv":[4.75,4.25,5,4.5],"texture":"#0"},"up":{"uv":[3.5,6.125,2.25,5.875],"texture":"#0"},"down":{"uv":[3.5,6.125,2.25,5.875],"texture":"#0"}}},{"from":[0,7,24],"to":[16,20,26],"faces":{"north":{"uv":[2.75,3,4.75,4.625],"texture":"#0"},"east":{"uv":[4.25,5.625,4.5,7.25],"texture":"#0"},"south":{"uv":[2.75,3,4.75,4.625],"texture":"#0"},"west":{"uv":[4.25,5.625,4.5,7.25],"texture":"#0"},"up":{"uv":[7.75,5.625,5.75,5.375],"texture":"#0"},"down":{"uv":[7.75,5.625,5.75,5.375],"texture":"#0"}}},{"from":[2,2,22],"to":[13,5,28],"rotation":{"angle":-22.5,"axis":"x","origin":[0,0,0]},"faces":{"north":{"uv":[5.5,2.625,6.875,3],"texture":"#0"},"east":{"uv":[4.5,5.625,5.25,6],"texture":"#0"},"south":{"uv":[5.5,2.625,6.875,3],"texture":"#0"},"west":{"uv":[4.5,5.625,5.25,6],"texture":"#0"},"up":{"uv":[6.875,1,5.5,0.25],"texture":"#0"},"down":{"uv":[6.875,1,5.5,0.25],"texture":"#0"}}},{"from":[-5,15,-13],"to":[1,17,-7],"faces":{"north":{"uv":[5.75,5.875,6.5,6.125],"texture":"#0"},"east":{"uv":[4.5,6,5.25,6.25],"texture":"#0"},"south":{"uv":[5.75,5.875,6.5,6.125],"texture":"#0"},"west":{"uv":[4.5,6,5.25,6.25],"texture":"#0"},"up":{"uv":[2.25,6.25,1.5,5.5],"texture":"#0"},"down":{"uv":[2.25,6.25,1.5,5.5],"texture":"#0"}}},{"from":[-4,1,-12],"to":[0,15,-8],"faces":{"north":{"uv":[0.5,5.5,1,7.25],"texture":"#0"},"east":{"uv":[1,5.5,1.5,7.25],"texture":"#0"},"south":{"uv":[0.5,5.5,1,7.25],"texture":"#0"},"west":{"uv":[1,5.5,1.5,7.25],"texture":"#0"},"up":{"uv":[5.25,4.25,4.75,3.75],"texture":"#0"},"down":{"uv":[5.25,4.25,4.75,3.75],"texture":"#0"}}},{"from":[16,1,-12],"to":[20,15,-8],"faces":{"north":{"uv":[0.5,5.5,1,7.25],"texture":"#0"},"east":{"uv":[1,5.5,1.5,7.25],"texture":"#0"},"south":{"uv":[0.5,5.5,1,7.25],"texture":"#0"},"west":{"uv":[1,5.5,1.5,7.25],"texture":"#0"},"up":{"uv":[5.25,4.25,4.75,3.75],"texture":"#0"},"down":{"uv":[5.25,4.25,4.75,3.75],"texture":"#0"}}},{"from":[15,15,-13],"to":[21,17,-7],"faces":{"north":{"uv":[5.75,5.875,6.5,6.125],"texture":"#0"},"east":{"uv":[4.5,6,5.25,6.25],"texture":"#0"},"south":{"uv":[5.75,5.875,6.5,6.125],"texture":"#0"},"west":{"uv":[4.5,6,5.25,6.25],"texture":"#0"},"up":{"uv":[2.25,6.25,1.5,5.5],"texture":"#0"},"down":{"uv":[2.25,6.25,1.5,5.5],"texture":"#0"}}},{"from":[-5,0,-13],"to":[1,2,-7],"faces":{"north":{"uv":[5.75,5.875,6.5,6.125],"texture":"#0"},"east":{"uv":[4.5,6,5.25,6.25],"texture":"#0"},"south":{"uv":[5.75,5.875,6.5,6.125],"texture":"#0"},"west":{"uv":[4.5,6,5.25,6.25],"texture":"#0"},"up":{"uv":[2.25,6.25,1.5,5.5],"texture":"#0"},"down":{"uv":[2.25,6.25,1.5,5.5],"texture":"#0"}}},{"from":[15,0,-13],"to":[21,2,-7],"faces":{"north":{"uv":[5.75,5.875,6.5,6.125],"texture":"#0"},"east":{"uv":[4.5,6,5.25,6.25],"texture":"#0"},"south":{"uv":[5.75,5.875,6.5,6.125],"texture":"#0"},"west":{"uv":[4.5,6,5.25,6.25],"texture":"#0"},"up":{"uv":[2.25,6.25,1.5,5.5],"texture":"#0"},"down":{"uv":[2.25,6.25,1.5,5.5],"texture":"#0"}}},{"from":[16,1,24],"to":[20,21,28],"faces":{"north":{"uv":[5.25,5.375,5.75,7.875],"texture":"#0"},"east":{"uv":[0,5.5,0.5,8],"texture":"#0"},"south":{"uv":[5.25,5.375,5.75,7.875],"texture":"#0"},"west":{"uv":[0,5.5,0.5,8],"texture":"#0"},"up":{"uv":[4,6.375,3.5,5.875],"texture":"#0"},"down":{"uv":[4,6.375,3.5,5.875],"texture":"#0"}}},{"from":[15,20,23],"to":[21,22,29],"faces":{"north":{"uv":[5.75,5.875,6.5,6.125],"texture":"#0"},"east":{"uv":[4.5,6,5.25,6.25],"texture":"#0"},"south":{"uv":[5.75,5.875,6.5,6.125],"texture":"#0"},"west":{"uv":[4.5,6,5.25,6.25],"texture":"#0"},"up":{"uv":[2.25,6.25,1.5,5.5],"texture":"#0"},"down":{"uv":[2.25,6.25,1.5,5.5],"texture":"#0"}}},{"from":[-4,1,24],"to":[0,21,28],"faces":{"north":{"uv":[5.25,5.375,5.75,7.875],"texture":"#0"},"east":{"uv":[0,5.5,0.5,8],"texture":"#0"},"south":{"uv":[5.25,5.375,5.75,7.875],"texture":"#0"},"west":{"uv":[0,5.5,0.5,8],"texture":"#0"},"up":{"uv":[4,6.375,3.5,5.875],"texture":"#0"},"down":{"uv":[4,6.375,3.5,5.875],"texture":"#0"}}},{"from":[-5,20,23],"to":[1,22,29],"faces":{"north":{"uv":[5.75,5.875,6.5,6.125],"texture":"#0"},"east":{"uv":[4.5,6,5.25,6.25],"texture":"#0"},"south":{"uv":[5.75,5.875,6.5,6.125],"texture":"#0"},"west":{"uv":[4.5,6,5.25,6.25],"texture":"#0"},"up":{"uv":[2.25,6.25,1.5,5.5],"texture":"#0"},"down":{"uv":[2.25,6.25,1.5,5.5],"texture":"#0"}}},{"from":[15,0,23],"to":[21,2,29],"faces":{"north":{"uv":[5.75,5.875,6.5,6.125],"texture":"#0"},"east":{"uv":[4.5,6,5.25,6.25],"texture":"#0"},"south":{"uv":[5.75,5.875,6.5,6.125],"texture":"#0"},"west":{"uv":[4.5,6,5.25,6.25],"texture":"#0"},"up":{"uv":[2.25,6.25,1.5,5.5],"texture":"#0"},"down":{"uv":[2.25,6.25,1.5,5.5],"texture":"#0"}}},{"from":[-5,0,23],"to":[1,2,29],"faces":{"north":{"uv":[5.75,5.875,6.5,6.125],"texture":"#0"},"east":{"uv":[4.5,6,5.25,6.25],"texture":"#0"},"south":{"uv":[5.75,5.875,6.5,6.125],"texture":"#0"},"west":{"uv":[4.5,6,5.25,6.25],"texture":"#0"},"up":{"uv":[2.25,6.25,1.5,5.5],"texture":"#0"},"down":{"uv":[2.25,6.25,1.5,5.5],"texture":"#0"}}}],"display":{"thirdperson_righthand":{"rotation":[-41.36,85.41,130.04],"translation":[-0.25,3.25,-0.25],"scale":[0.3,0.3,0.3]},"thirdperson_lefthand":{"rotation":[-41.36,85.41,130.04],"translation":[-0.25,3.25,-0.25],"scale":[0.3,0.3,0.3]},"firstperson_righthand":{"rotation":[172,-23.5,-180],"translation":[-4,5,6.5],"scale":[0.22,0.22,0.22]},"firstperson_lefthand":{"rotation":[172,-23.5,-180],"translation":[-4,5,6.5],"scale":[0.22,0.22,0.22]},"ground":{"translation":[0,-1.25,0],"scale":[0.3,0.3,0.3]},"gui":{"rotation":[30,140,0],"translation":[0.25,-0.75,0],"scale":[0.3,0.3,0.3]},"head":{"rotation":[0,-180,0],"translation":[0.25,-24.75,8.25],"scale":[2.3,2.3,2.3]},"fixed":{"rotation":[-90,0,0],"translation":[10.25,0,-24],"scale":[2.875,2.875,2.875]}},"groups":[0,1,2,3,4,5,6,7,{"name":"group","origin":[0,0,0],"color":0,"boneType":"","children":[]},{"name":"group","origin":[0,0,0],"color":0,"boneType":"","children":[{"name":"group","origin":[0,0,0],"color":0,"boneType":"","children":[8,9,10,11,12,13]}]},{"name":"group","origin":[0,0,0],"color":0,"boneType":"","children":[14,15,16,17,18,19]}]}