{
	"credit": "Made with Blockbench",
	"texture_size": [32, 32],
	"textures": {
		"2": "mini_dungeon_set:book_2",
		"3": "mini_dungeon_set:book_1"
	},
	"elements": [
		{
			"from": [5, 0, 6],
			"to": [11, 1, 11],
			"rotation": {"angle": -22.5, "axis": "y", "origin": [6.25, 1.5, 8.625]},
			"faces": {
				"north": {"uv": [5, 5, 8, 5.5], "texture": "#3"},
				"east": {"uv": [6, 3, 8.5, 3.5], "texture": "#3"},
				"south": {"uv": [5, 5.5, 8, 6], "texture": "#3"},
				"west": {"uv": [6, 3.5, 8.5, 4], "texture": "#3"},
				"up": {"uv": [3, 2.5, 0, 0], "texture": "#3"},
				"down": {"uv": [3, 2.5, 0, 5], "texture": "#3"}
			}
		},
		{
			"from": [5, 2, 6],
			"to": [11, 3, 11],
			"rotation": {"angle": -22.5, "axis": "y", "origin": [6.25, 1.5, 8.625]},
			"faces": {
				"north": {"uv": [6, 0, 9, 0.5], "texture": "#3"},
				"east": {"uv": [6, 4, 8.5, 4.5], "texture": "#3"},
				"south": {"uv": [6, 0.5, 9, 1], "texture": "#3"},
				"west": {"uv": [6, 4.5, 8.5, 5], "texture": "#3"},
				"up": {"uv": [6, 2.5, 3, 0], "texture": "#3"},
				"down": {"uv": [6, 2.5, 3, 5], "texture": "#3"}
			}
		},
		{
			"from": [5, 1, 6],
			"to": [11, 2, 7],
			"rotation": {"angle": -22.5, "axis": "y", "origin": [6.25, 1.5, 8.625]},
			"faces": {
				"north": {"uv": [6, 1, 9, 1.5], "texture": "#3"},
				"east": {"uv": [9, 0.5, 9.5, 1], "texture": "#3"},
				"south": {"uv": [6, 1.5, 9, 2], "texture": "#3"},
				"west": {"uv": [9, 1, 9.5, 1.5], "texture": "#3"},
				"up": {"uv": [9, 2.5, 6, 2], "texture": "#3"},
				"down": {"uv": [9, 2.5, 6, 3], "texture": "#3"}
			}
		},
		{
			"from": [5.5, 1, 7],
			"to": [10.5, 2, 10.5],
			"rotation": {"angle": -22.5, "axis": "y", "origin": [6.25, 1.5, 8.625]},
			"faces": {
				"north": {"uv": [7, 7.5, 9.5, 8], "texture": "#3"},
				"east": {"uv": [8, 5, 9.75, 5.5], "texture": "#3"},
				"south": {"uv": [1, 8, 3.5, 8.5], "texture": "#3"},
				"west": {"uv": [8, 5.5, 9.75, 6], "texture": "#3"},
				"up": {"uv": [2.5, 6.75, 0, 5], "texture": "#3"},
				"down": {"uv": [5, 5, 2.5, 6.75], "texture": "#3"}
			}
		},
		{
			"from": [3.5, 1.5, 7],
			"to": [5.5, 1.5, 8.5],
			"rotation": {"angle": -22.5, "axis": "y", "origin": [6.25, 1.5, 8.625]},
			"faces": {
				"north": {"uv": [0, 0, 1, 0], "texture": "#3"},
				"east": {"uv": [0, 0, 0.75, 0], "texture": "#3"},
				"south": {"uv": [0, 0, 1, 0], "texture": "#3"},
				"west": {"uv": [0, 0, 0.75, 0], "texture": "#3"},
				"up": {"uv": [9.5, 3.75, 8.5, 3], "texture": "#3"},
				"down": {"uv": [9.5, 4, 8.5, 4.75], "texture": "#3"}
			}
		},
		{
			"from": [4.90927, 3, 5.6308],
			"to": [9.90927, 4, 11.6308],
			"rotation": {"angle": 22.5, "axis": "y", "origin": [6.82403, 4.5, 8.27855]},
			"faces": {
				"north": {"uv": [6, 3.5, 8.5, 4], "texture": "#2"},
				"east": {"uv": [5, 5, 8, 5.5], "texture": "#2"},
				"south": {"uv": [6, 3, 8.5, 3.5], "texture": "#2"},
				"west": {"uv": [5, 5.5, 8, 6], "texture": "#2"},
				"up": {"uv": [3, 2.5, 0, 0], "rotation": 90, "texture": "#2"},
				"down": {"uv": [3, 2.5, 0, 5], "rotation": 270, "texture": "#2"}
			}
		},
		{
			"from": [4.90927, 5, 5.6308],
			"to": [9.90927, 6, 11.6308],
			"rotation": {"angle": 22.5, "axis": "y", "origin": [6.82403, 4.5, 8.27855]},
			"faces": {
				"north": {"uv": [6, 4.5, 8.5, 5], "texture": "#2"},
				"east": {"uv": [6, 0, 9, 0.5], "texture": "#2"},
				"south": {"uv": [6, 4, 8.5, 4.5], "texture": "#2"},
				"west": {"uv": [6, 0.5, 9, 1], "texture": "#2"},
				"up": {"uv": [6, 2.5, 3, 0], "rotation": 90, "texture": "#2"},
				"down": {"uv": [6, 2.5, 3, 5], "rotation": 270, "texture": "#2"}
			}
		},
		{
			"from": [8.90927, 4, 5.6308],
			"to": [9.90927, 5, 11.6308],
			"rotation": {"angle": 22.5, "axis": "y", "origin": [6.82403, 4.5, 8.27855]},
			"faces": {
				"north": {"uv": [9, 1, 9.5, 1.5], "texture": "#2"},
				"east": {"uv": [6, 1, 9, 1.5], "texture": "#2"},
				"south": {"uv": [9, 0.5, 9.5, 1], "texture": "#2"},
				"west": {"uv": [6, 1.5, 9, 2], "texture": "#2"},
				"up": {"uv": [9, 2.5, 6, 2], "rotation": 90, "texture": "#2"},
				"down": {"uv": [9, 2.5, 6, 3], "rotation": 270, "texture": "#2"}
			}
		},
		{
			"from": [5.40927, 4, 6.1308],
			"to": [8.90927, 5, 11.1308],
			"rotation": {"angle": 22.5, "axis": "y", "origin": [6.82403, 4.5, 8.27855]},
			"faces": {
				"north": {"uv": [8, 5.5, 9.75, 6], "texture": "#2"},
				"east": {"uv": [7, 7.5, 9.5, 8], "texture": "#2"},
				"south": {"uv": [8, 5, 9.75, 5.5], "texture": "#2"},
				"west": {"uv": [1, 8, 3.5, 8.5], "texture": "#2"},
				"up": {"uv": [2.5, 6.75, 0, 5], "rotation": 90, "texture": "#2"},
				"down": {"uv": [5, 5, 2.5, 6.75], "rotation": 270, "texture": "#2"}
			}
		},
		{
			"from": [7.40927, 4.5, 4.1308],
			"to": [8.90927, 4.5, 6.1308],
			"rotation": {"angle": 22.5, "axis": "y", "origin": [6.82403, 4.5, 8.27855]},
			"faces": {
				"north": {"uv": [0, 0, 0.75, 0], "texture": "#2"},
				"east": {"uv": [0, 0, 1, 0], "texture": "#2"},
				"south": {"uv": [0, 0, 0.75, 0], "texture": "#2"},
				"west": {"uv": [0, 0, 1, 0], "texture": "#2"},
				"up": {"uv": [9.5, 3.75, 8.5, 3], "rotation": 90, "texture": "#2"},
				"down": {"uv": [9.5, 4, 8.5, 4.75], "rotation": 270, "texture": "#2"}
			}
		}
	],
	"display": {
		"thirdperson_righthand": {
			"translation": [0, 4.25, -0.5]
		},
		"thirdperson_lefthand": {
			"translation": [0, 4.25, -0.5]
		},
		"firstperson_righthand": {
			"rotation": [39.75, -21, 0],
			"translation": [3.25, 5.5, 0],
			"scale": [1.08008, 1.08008, 1.08008]
		},
		"firstperson_lefthand": {
			"rotation": [39.75, -21, 0],
			"translation": [3.25, 5.5, 0],
			"scale": [1.08008, 1.08008, 1.08008]
		},
		"ground": {
			"translation": [0, 5.25, -0.25]
		},
		"gui": {
			"rotation": [31, 87, 0],
			"translation": [-0.5, 4.25, 0]
		},
		"head": {
			"translation": [0, -35, 0]
		},
		"fixed": {
			"rotation": [-90, 0, 0],
			"translation": [0.75, -1.75, -14.75],
			"scale": [2, 2, 2]
		}
	},
	"groups": [
		{
			"name": "group",
			"origin": [0, 0, 0],
			"color": 0,
			"children": [
				{
					"name": "group",
					"origin": [8, 8, 8],
					"color": 0,
					"children": [0, 1, 2, 3, 4]
				},
				{
					"name": "group",
					"origin": [8, 8, 8],
					"color": 0,
					"children": [5, 6, 7, 8, 9]
				}
			]
		}
	]
}