{
	"credit": "Made with Blockbench",
	"texture_size": [32, 32],
	"textures": {
		"4": "mini_dungeon_set:candle_holder"
	},
	"elements": [
		{
			"from": [4, 0, 3],
			"to": [12, 2, 11],
			"rotation": {"angle": 0, "axis": "y", "origin": [18.25, 12.95, -11.25]},
			"faces": {
				"north": {"uv": [6, 0.5, 8, 1], "texture": "#4"},
				"east": {"uv": [6, 1, 8, 1.5], "texture": "#4"},
				"south": {"uv": [6, 1.5, 8, 2], "texture": "#4"},
				"west": {"uv": [6, 2, 8, 2.5], "texture": "#4"},
				"up": {"uv": [4.5, 2, 2.5, 0], "texture": "#4"},
				"down": {"uv": [4.5, 2, 2.5, 4], "texture": "#4"}
			}
		},
		{
			"from": [3, 14.9, 2],
			"to": [13, 16.9, 12],
			"rotation": {"angle": 0, "axis": "y", "origin": [18.25, 12.95, -11.25]},
			"faces": {
				"north": {"uv": [5.5, 4.5, 8, 5], "texture": "#4"},
				"east": {"uv": [5, 5.5, 7.5, 6], "texture": "#4"},
				"south": {"uv": [5.5, 5, 8, 5.5], "texture": "#4"},
				"west": {"uv": [6, 0, 8.5, 0.5], "texture": "#4"},
				"up": {"uv": [2.5, 2.5, 0, 0], "texture": "#4"},
				"down": {"uv": [2.5, 2.5, 0, 5], "texture": "#4"}
			}
		},
		{
			"from": [7, 3, 6],
			"to": [9, 15, 8],
			"rotation": {"angle": 0, "axis": "y", "origin": [18.25, 12.95, -11.25]},
			"faces": {
				"north": {"uv": [0, 5, 0.5, 8], "texture": "#4"},
				"east": {"uv": [0.5, 5, 1, 8], "texture": "#4"},
				"south": {"uv": [1, 5, 1.5, 8], "texture": "#4"},
				"west": {"uv": [1.5, 5, 2, 8], "texture": "#4"},
				"up": {"uv": [2.5, 5.5, 2, 5], "texture": "#4"},
				"down": {"uv": [6.5, 2.5, 6, 3], "texture": "#4"}
			}
		},
		{
			"from": [5, 2, 4],
			"to": [11, 3, 10],
			"rotation": {"angle": 0, "axis": "y", "origin": [18.25, 12.95, -11.25]},
			"faces": {
				"north": {"uv": [7, 8, 8.5, 8.25], "texture": "#4"},
				"east": {"uv": [8, 7, 9.5, 7.25], "texture": "#4"},
				"south": {"uv": [8, 7.25, 9.5, 7.5], "texture": "#4"},
				"west": {"uv": [8, 7.5, 9.5, 7.75], "texture": "#4"},
				"up": {"uv": [4, 5.5, 2.5, 4], "texture": "#4"},
				"down": {"uv": [5.5, 4, 4, 5.5], "texture": "#4"}
			}
		},
		{
			"from": [5, 13.9, 4],
			"to": [11, 14.9, 10],
			"rotation": {"angle": 0, "axis": "y", "origin": [18.25, 12.95, -11.25]},
			"faces": {
				"north": {"uv": [8, 7.75, 9.5, 8], "texture": "#4"},
				"east": {"uv": [7, 8.25, 8.5, 8.5], "texture": "#4"},
				"south": {"uv": [8.5, 0, 10, 0.25], "texture": "#4"},
				"west": {"uv": [8.5, 0.25, 10, 0.5], "texture": "#4"},
				"up": {"uv": [6, 1.5, 4.5, 0], "texture": "#4"},
				"down": {"uv": [6, 1.5, 4.5, 3], "texture": "#4"}
			}
		},
		{
			"from": [6.25, 9.9, 5.25],
			"to": [9.75, 13.9, 8.75],
			"rotation": {"angle": 0, "axis": "y", "origin": [18.25, 12.95, -11.25]},
			"faces": {
				"north": {"uv": [4.5, 3, 5.5, 4], "texture": "#4"},
				"east": {"uv": [5, 6, 6, 7], "texture": "#4"},
				"south": {"uv": [6, 6, 7, 7], "texture": "#4"},
				"west": {"uv": [6.5, 2.5, 7.5, 3.5], "texture": "#4"},
				"up": {"uv": [7.5, 4.5, 6.5, 3.5], "texture": "#4"},
				"down": {"uv": [3, 7, 2, 8], "texture": "#4"}
			}
		},
		{
			"from": [8.25, 16.9, 3.25],
			"to": [11.75, 22.9, 6.75],
			"rotation": {"angle": 0, "axis": "y", "origin": [18.25, 12.95, -11.25]},
			"faces": {
				"north": {"uv": [2, 5.5, 3, 7], "texture": "#4"},
				"east": {"uv": [3, 5.5, 4, 7], "texture": "#4"},
				"south": {"uv": [5.5, 3, 6.5, 4.5], "texture": "#4"},
				"west": {"uv": [4, 5.5, 5, 7], "texture": "#4"},
				"up": {"uv": [4, 8, 3, 7], "texture": "#4"},
				"down": {"uv": [5, 7, 4, 8], "texture": "#4"}
			}
		},
		{
			"from": [4.75, 16.9, 3.25],
			"to": [8.25, 19.9, 6.75],
			"rotation": {"angle": 0, "axis": "y", "origin": [18.25, 12.95, -11.25]},
			"faces": {
				"north": {"uv": [5, 8, 6, 8.75], "texture": "#4"},
				"east": {"uv": [8, 5.5, 9, 6.25], "texture": "#4"},
				"south": {"uv": [6, 8, 7, 8.75], "texture": "#4"},
				"west": {"uv": [8, 6.25, 9, 7], "texture": "#4"},
				"up": {"uv": [6, 8, 5, 7], "texture": "#4"},
				"down": {"uv": [7, 7, 6, 8], "texture": "#4"}
			}
		},
		{
			"from": [6.75, 16.9, 6.75],
			"to": [10.25, 20.9, 10.25],
			"rotation": {"angle": 0, "axis": "y", "origin": [18.25, 12.95, -11.25]},
			"faces": {
				"north": {"uv": [7, 6, 8, 7], "texture": "#4"},
				"east": {"uv": [7, 7, 8, 8], "texture": "#4"},
				"south": {"uv": [7.5, 2.5, 8.5, 3.5], "texture": "#4"},
				"west": {"uv": [7.5, 3.5, 8.5, 4.5], "texture": "#4"},
				"up": {"uv": [1, 9, 0, 8], "texture": "#4"},
				"down": {"uv": [9, 0.5, 8, 1.5], "texture": "#4"}
			}
		},
		{
			"from": [6.75, 20.9, 8.5],
			"to": [10.25, 24.9, 8.5],
			"rotation": {"angle": 0, "axis": "y", "origin": [18.25, 12.95, -11.25]},
			"faces": {
				"north": {"uv": [1.008, 8.008, 1.992, 8.992], "texture": "#4"},
				"east": {"uv": [0.008, 0.008, 0.008, 0.992], "texture": "#4"},
				"south": {"uv": [8.008, 1.508, 8.992, 2.492], "texture": "#4"},
				"west": {"uv": [0.008, 0.008, 0.008, 0.992], "texture": "#4"},
				"up": {"uv": [0.992, 0.008, 0.008, 0.008], "texture": "#4"},
				"down": {"uv": [0.992, 0.008, 0.008, 0.008], "texture": "#4"}
			}
		},
		{
			"from": [4.75, 19.9, 5],
			"to": [8.25, 23.9, 5],
			"rotation": {"angle": 0, "axis": "y", "origin": [18.25, 12.95, -11.25]},
			"faces": {
				"north": {"uv": [4.008, 8.008, 4.992, 8.992], "texture": "#4"},
				"east": {"uv": [0.008, 0.008, 0.008, 0.992], "texture": "#4"},
				"south": {"uv": [8.008, 4.508, 8.992, 5.492], "texture": "#4"},
				"west": {"uv": [0.008, 0.008, 0.008, 0.992], "texture": "#4"},
				"up": {"uv": [0.992, 0.008, 0.008, 0.008], "texture": "#4"},
				"down": {"uv": [0.992, 0.008, 0.008, 0.008], "texture": "#4"}
			}
		},
		{
			"from": [8.25, 22.9, 5],
			"to": [11.75, 26.9, 5],
			"rotation": {"angle": 0, "axis": "y", "origin": [18.25, 12.95, -11.25]},
			"faces": {
				"north": {"uv": [2.008, 8.008, 2.992, 8.992], "texture": "#4"},
				"east": {"uv": [0.008, 0.008, -0.008, 0.992], "texture": "#4"},
				"south": {"uv": [3.008, 8.008, 3.992, 8.992], "texture": "#4"},
				"west": {"uv": [0.008, 0.008, -0.008, 0.992], "texture": "#4"},
				"up": {"uv": [0.992, 0.008, 0.008, -0.008], "texture": "#4"},
				"down": {"uv": [0.992, 0.008, 0.008, -0.008], "texture": "#4"}
			}
		}
	],
	"display": {
		"thirdperson_righthand": {
			"translation": [0.25, -0.75, 2.25]
		},
		"thirdperson_lefthand": {
			"translation": [0.25, -0.75, 2.25]
		},
		"firstperson_righthand": {
			"translation": [0, -8.25, 0]
		},
		"firstperson_lefthand": {
			"translation": [23, -9.25, 0]
		},
		"ground": {
			"translation": [0, 6, 0],
			"scale": [0.54, 0.54, 0.54]
		},
		"gui": {
			"rotation": [0, 47.5, 0],
			"translation": [0.75, -2.5, 0],
			"scale": [0.50586, 0.50586, 0.50586]
		},
		"head": {
			"translation": [0, -34.25, 0],
			"scale": [1.09766, 1.09766, 1.09766]
		},
		"fixed": {
			"rotation": [-90, 0, 0],
			"translation": [0.25, 2, -15],
			"scale": [1.87695, 1.87695, 1.87695]
		}
	},
	"groups": [
		{
			"name": "group",
			"origin": [0, 0, 0],
			"color": 0,
			"children": [
				{
					"name": "group",
					"origin": [8, 8, 8],
					"color": 0,
					"children": [0, 1, 2, 3, 4, 5, 6, 7, 8, 9, 10, 11]
				},
				{
					"name": "group",
					"origin": [8, 8, 8],
					"color": 0,
					"children": []
				},
				{
					"name": "group",
					"origin": [8, 8, 8],
					"color": 0,
					"children": []
				},
				{
					"name": "feather",
					"origin": [0, 0, 0],
					"color": 0,
					"children": []
				},
				{
					"name": "chest",
					"origin": [0, 0, 0],
					"color": 0,
					"children": []
				}
			]
		}
	]
}