{
	"credit": "Made with Blockbench",
	"texture_size": [32, 32],
	"textures": {
		"1": "mini_dungeon_set:chest"
	},
	"elements": [
		{
			"from": [-3.75, 0, 1.75],
			"to": [19.25, 12, 17.75],
			"rotation": {"angle": 0, "axis": "y", "origin": [7.75, 8.75, 8.5]},
			"faces": {
				"north": {"uv": [2.879, 2.879, 5.746, 4.371], "texture": "#1"},
				"east": {"uv": [4.004, 0.004, 5.996, 1.496], "texture": "#1"},
				"south": {"uv": [0.004, 2.879, 2.871, 4.371], "texture": "#1"},
				"west": {"uv": [0.004, 4.379, 1.996, 5.871], "texture": "#1"},
				"up": {"uv": [1.996, 2.871, 0.004, 0.004], "rotation": 90, "texture": "#1"},
				"down": {"uv": [3.996, 0.004, 2.004, 2.871], "rotation": 270, "texture": "#1"}
			}
		},
		{
			"from": [-3.75, 0, -1.25],
			"to": [1.25, 12, 1.75],
			"rotation": {"angle": 0, "axis": "y", "origin": [7.75, 8.75, 8.5]},
			"faces": {
				"north": {"uv": [0.629, 5.879, 1.246, 7.371], "texture": "#1"},
				"east": {"uv": [6.629, 0.004, 6.996, 1.496], "texture": "#1"},
				"south": {"uv": [0.004, 5.879, 0.621, 7.371], "texture": "#1"},
				"west": {"uv": [6.879, 6.004, 7.246, 7.496], "texture": "#1"},
				"up": {"uv": [7.871, 2.121, 7.504, 1.504], "rotation": 90, "texture": "#1"},
				"down": {"uv": [7.871, 2.129, 7.504, 2.746], "rotation": 270, "texture": "#1"}
			}
		},
		{
			"from": [-3.75, 0, 17.75],
			"to": [1.25, 12, 20.75],
			"rotation": {"angle": 0, "axis": "y", "origin": [7.75, 8.75, 8.5]},
			"faces": {
				"north": {"uv": [0.004, 5.879, 0.621, 7.371], "texture": "#1"},
				"east": {"uv": [6.879, 6.004, 7.246, 7.496], "texture": "#1"},
				"south": {"uv": [0.629, 5.879, 1.246, 7.371], "texture": "#1"},
				"west": {"uv": [6.629, 0.004, 6.996, 1.496], "texture": "#1"},
				"up": {"uv": [7.871, 2.121, 7.504, 1.504], "rotation": 270, "texture": "#1"},
				"down": {"uv": [7.871, 2.129, 7.504, 2.746], "rotation": 90, "texture": "#1"}
			}
		},
		{
			"from": [5.25, 0, -1.25],
			"to": [10.25, 12, 1.75],
			"rotation": {"angle": 0, "axis": "y", "origin": [7.75, 8.75, 8.5]},
			"faces": {
				"north": {"uv": [6.004, 0.004, 6.621, 1.496], "texture": "#1"},
				"east": {"uv": [7.004, 0.004, 7.371, 1.496], "texture": "#1"},
				"south": {"uv": [1.254, 5.879, 1.871, 7.371], "texture": "#1"},
				"west": {"uv": [7.254, 6.004, 7.621, 7.496], "texture": "#1"},
				"up": {"uv": [2.996, 8.121, 2.629, 7.504], "rotation": 90, "texture": "#1"},
				"down": {"uv": [3.371, 7.504, 3.004, 8.121], "rotation": 270, "texture": "#1"}
			}
		},
		{
			"from": [5.25, 0, 17.75],
			"to": [10.25, 12, 20.75],
			"rotation": {"angle": 0, "axis": "y", "origin": [7.75, 8.75, 8.5]},
			"faces": {
				"north": {"uv": [1.254, 5.879, 1.871, 7.371], "texture": "#1"},
				"east": {"uv": [7.254, 6.004, 7.621, 7.496], "texture": "#1"},
				"south": {"uv": [6.004, 0.004, 6.621, 1.496], "texture": "#1"},
				"west": {"uv": [7.004, 0.004, 7.371, 1.496], "texture": "#1"},
				"up": {"uv": [2.996, 8.121, 2.629, 7.504], "rotation": 270, "texture": "#1"},
				"down": {"uv": [3.371, 7.504, 3.004, 8.121], "rotation": 90, "texture": "#1"}
			}
		},
		{
			"from": [-3.75, 12, -1.25],
			"to": [1.25, 15, 20.75],
			"rotation": {"angle": 0, "axis": "y", "origin": [7.75, 8.75, 8.5]},
			"faces": {
				"north": {"uv": [4.004, 7.504, 4.621, 7.871], "texture": "#1"},
				"east": {"uv": [2.004, 5.629, 4.746, 5.996], "texture": "#1"},
				"south": {"uv": [3.379, 7.504, 3.996, 7.871], "texture": "#1"},
				"west": {"uv": [4.754, 5.629, 7.496, 5.996], "texture": "#1"},
				"up": {"uv": [6.746, 2.121, 4.004, 1.504], "rotation": 90, "texture": "#1"},
				"down": {"uv": [6.746, 2.129, 4.004, 2.746], "rotation": 270, "texture": "#1"}
			}
		},
		{
			"from": [5.25, 12, -1.25],
			"to": [10.25, 15, 20.75],
			"rotation": {"angle": 0, "axis": "y", "origin": [7.75, 8.75, 8.5]},
			"faces": {
				"north": {"uv": [4.629, 7.504, 5.246, 7.871], "texture": "#1"},
				"east": {"uv": [5.754, 2.754, 8.496, 3.121], "texture": "#1"},
				"south": {"uv": [7.504, 4.254, 8.121, 4.621], "texture": "#1"},
				"west": {"uv": [5.754, 3.129, 8.496, 3.496], "texture": "#1"},
				"up": {"uv": [4.746, 4.996, 2.004, 4.379], "rotation": 90, "texture": "#1"},
				"down": {"uv": [7.496, 4.379, 4.754, 4.996], "rotation": 270, "texture": "#1"}
			}
		},
		{
			"from": [14.25, 12, -1.25],
			"to": [19.25, 15, 20.75],
			"rotation": {"angle": 0, "axis": "y", "origin": [7.75, 8.75, 8.5]},
			"faces": {
				"north": {"uv": [7.504, 5.004, 8.121, 5.371], "texture": "#1"},
				"east": {"uv": [5.754, 3.504, 8.496, 3.871], "texture": "#1"},
				"south": {"uv": [7.504, 4.629, 8.121, 4.996], "texture": "#1"},
				"west": {"uv": [5.754, 3.879, 8.496, 4.246], "texture": "#1"},
				"up": {"uv": [4.746, 5.621, 2.004, 5.004], "rotation": 90, "texture": "#1"},
				"down": {"uv": [7.496, 5.004, 4.754, 5.621], "rotation": 270, "texture": "#1"}
			}
		},
		{
			"from": [14.25, 0, -1.25],
			"to": [19.25, 12, 1.75],
			"rotation": {"angle": 0, "axis": "y", "origin": [7.75, 8.75, 8.5]},
			"faces": {
				"north": {"uv": [5.004, 6.004, 5.621, 7.496], "texture": "#1"},
				"east": {"uv": [1.129, 7.379, 1.496, 8.871], "texture": "#1"},
				"south": {"uv": [4.379, 6.004, 4.996, 7.496], "texture": "#1"},
				"west": {"uv": [1.504, 7.379, 1.871, 8.871], "texture": "#1"},
				"up": {"uv": [6.746, 8.121, 6.379, 7.504], "rotation": 90, "texture": "#1"},
				"down": {"uv": [7.121, 7.504, 6.754, 8.121], "rotation": 270, "texture": "#1"}
			}
		},
		{
			"from": [14.25, 0, 17.75],
			"to": [19.25, 12, 20.75],
			"rotation": {"angle": 0, "axis": "y", "origin": [7.75, 8.75, 8.5]},
			"faces": {
				"north": {"uv": [4.379, 6.004, 4.996, 7.496], "texture": "#1"},
				"east": {"uv": [1.504, 7.379, 1.871, 8.871], "texture": "#1"},
				"south": {"uv": [5.004, 6.004, 5.621, 7.496], "texture": "#1"},
				"west": {"uv": [1.129, 7.379, 1.496, 8.871], "texture": "#1"},
				"up": {"uv": [6.746, 8.121, 6.379, 7.504], "rotation": 270, "texture": "#1"},
				"down": {"uv": [7.121, 7.504, 6.754, 8.121], "rotation": 90, "texture": "#1"}
			}
		},
		{
			"from": [4.85, 5, -3.25],
			"to": [10.85, 10, -1.25],
			"rotation": {"angle": 0, "axis": "y", "origin": [7.75, 8.75, 8.5]},
			"faces": {
				"north": {"uv": [6.754, 2.129, 7.496, 2.746], "texture": "#1"},
				"east": {"uv": [7.754, 0.004, 7.996, 0.621], "texture": "#1"},
				"south": {"uv": [6.754, 1.504, 7.496, 2.121], "texture": "#1"},
				"west": {"uv": [7.754, 0.629, 7.996, 1.246], "texture": "#1"},
				"up": {"uv": [7.871, 6.746, 7.629, 6.004], "rotation": 90, "texture": "#1"},
				"down": {"uv": [7.871, 6.754, 7.629, 7.496], "rotation": 270, "texture": "#1"}
			}
		},
		{
			"from": [5.85, 3, -3.25],
			"to": [9.85, 5, -1.25],
			"rotation": {"angle": 0, "axis": "y", "origin": [7.75, 8.75, 8.5]},
			"faces": {
				"north": {"uv": [7.879, 1.504, 8.371, 1.746], "texture": "#1"},
				"east": {"uv": [3.379, 7.879, 3.621, 8.121], "texture": "#1"},
				"south": {"uv": [7.754, 1.254, 8.246, 1.496], "texture": "#1"},
				"west": {"uv": [3.629, 7.879, 3.871, 8.121], "texture": "#1"},
				"up": {"uv": [8.121, 2.246, 7.879, 1.754], "rotation": 90, "texture": "#1"},
				"down": {"uv": [8.121, 2.254, 7.879, 2.746], "rotation": 270, "texture": "#1"}
			}
		}
	],
	"display": {
		"thirdperson_righthand": {
			"translation": [0, 2, 0],
			"scale": [0.28, 0.28, 0.28]
		},
		"thirdperson_lefthand": {
			"translation": [0, 2, 0],
			"scale": [0.28, 0.28, 0.28]
		},
		"firstperson_righthand": {
			"rotation": [0, 88, 0],
			"scale": [0.29, 0.29, 0.29]
		},
		"firstperson_lefthand": {
			"rotation": [0, 71, 0],
			"scale": [0.4, 0.4, 0.4]
		},
		"ground": {
			"translation": [0, 1.75, 0],
			"scale": [0.48781, 0.48781, 0.48781]
		},
		"gui": {
			"rotation": [-166.15, 0, -180],
			"translation": [-0.25, 0, 0],
			"scale": [0.41031, 0.41031, 0.41031]
		},
		"head": {
			"translation": [0, -35.25, 0]
		},
		"fixed": {
			"rotation": [-90, 0, 0],
			"translation": [0, -2.5, -15],
			"scale": [2, 2, 2]
		}
	},
	"groups": [
		{
			"name": "group",
			"origin": [0, 0, 0],
			"color": 0,
			"children": [
				{
					"name": "chest",
					"origin": [0, 0, 0],
					"color": 0,
					"children": [0, 1, 2, 3, 4, 5, 6, 7, 8, 9, 10, 11]
				}
			]
		}
	]
}