{
	"credit": "Made with Blockbench",
	"texture_size": [32, 32],
	"textures": {
		"5": "mini_dungeon_set:flower_jar"
	},
	"elements": [
		{
			"from": [6, 0, 7],
			"to": [9, 9, 10],
			"rotation": {"angle": 0, "axis": "y", "origin": [0, 0, 2]},
			"faces": {
				"north": {"uv": [3, 0, 4.5, 4.5], "texture": "#5"},
				"east": {"uv": [4.5, 0, 6, 4.5], "texture": "#5"},
				"south": {"uv": [3, 4.5, 4.5, 9], "texture": "#5"},
				"west": {"uv": [4.5, 4.5, 6, 9], "texture": "#5"},
				"up": {"uv": [7.5, 5.5, 6, 4], "texture": "#5"},
				"down": {"uv": [7.5, 5.5, 6, 7], "texture": "#5"}
			}
		},
		{
			"from": [6, 7.05, 8],
			"to": [7, 10.05, 9],
			"rotation": {"angle": 22.5, "axis": "z", "origin": [6.5, 11.5, 7.5]},
			"faces": {
				"north": {"uv": [8, 6, 8.5, 7.5], "texture": "#5"},
				"east": {"uv": [7.5, 8, 8, 9.5], "texture": "#5"},
				"south": {"uv": [8, 7.5, 8.5, 9], "texture": "#5"},
				"west": {"uv": [8.5, 0, 9, 1.5], "texture": "#5"},
				"up": {"uv": [9, 2, 8.5, 1.5], "texture": "#5"},
				"down": {"uv": [9, 2, 8.5, 2.5], "texture": "#5"}
			}
		},
		{
			"from": [2.75, 9.7, 6],
			"to": [8.75, 9.7, 11],
			"rotation": {"angle": 22.5, "axis": "z", "origin": [6, 9, 9.5]},
			"faces": {
				"north": {"uv": [0, 0, 3, 0], "texture": "#5"},
				"east": {"uv": [0, 0, 2.5, 0], "texture": "#5"},
				"south": {"uv": [0, 0, 3, 0], "texture": "#5"},
				"west": {"uv": [0, 0, 2.5, 0], "texture": "#5"},
				"up": {"uv": [3, 2.5, 0, 0], "texture": "#5"},
				"down": {"uv": [3, 2.5, 0, 5], "texture": "#5"}
			}
		},
		{
			"from": [7, 1, 10.25],
			"to": [8, 5, 11.25],
			"rotation": {"angle": 22.5, "axis": "x", "origin": [7.5, 4, 10.5]},
			"faces": {
				"north": {"uv": [0, 7, 0.5, 9], "texture": "#5"},
				"east": {"uv": [0.5, 7, 1, 9], "texture": "#5"},
				"south": {"uv": [1, 7, 1.5, 9], "texture": "#5"},
				"west": {"uv": [1.5, 7, 2, 9], "texture": "#5"},
				"up": {"uv": [9, 3, 8.5, 2.5], "texture": "#5"},
				"down": {"uv": [9, 3, 8.5, 3.5], "texture": "#5"}
			}
		},
		{
			"from": [7, 4.0287, 10.03573],
			"to": [8, 8.0287, 11.03573],
			"rotation": {"angle": -22.5, "axis": "x", "origin": [7.5, 5.7037, 9.81073]},
			"faces": {
				"north": {"uv": [2, 7, 2.5, 9], "texture": "#5"},
				"east": {"uv": [2.5, 7, 3, 9], "texture": "#5"},
				"south": {"uv": [6, 7, 6.5, 9], "texture": "#5"},
				"west": {"uv": [6.5, 7, 7, 9], "texture": "#5"},
				"up": {"uv": [9, 4, 8.5, 3.5], "texture": "#5"},
				"down": {"uv": [9, 4, 8.5, 4.5], "texture": "#5"}
			}
		},
		{
			"from": [7, 4.0287, 5.96427],
			"to": [8, 8.0287, 6.96427],
			"rotation": {"angle": 22.5, "axis": "x", "origin": [7.5, 5.7037, 7.18927]},
			"faces": {
				"north": {"uv": [7.5, 6, 8, 8], "texture": "#5"},
				"east": {"uv": [8, 0, 8.5, 2], "texture": "#5"},
				"south": {"uv": [8, 2, 8.5, 4], "texture": "#5"},
				"west": {"uv": [8, 4, 8.5, 6], "texture": "#5"},
				"up": {"uv": [9, 6, 8.5, 5.5], "texture": "#5"},
				"down": {"uv": [9, 6, 8.5, 6.5], "texture": "#5"}
			}
		},
		{
			"from": [7, 1, 5.75],
			"to": [8, 5, 6.75],
			"rotation": {"angle": -22.5, "axis": "x", "origin": [7.5, 4, 6.5]},
			"faces": {
				"north": {"uv": [7, 7, 7.5, 9], "texture": "#5"},
				"east": {"uv": [7.5, 0, 8, 2], "texture": "#5"},
				"south": {"uv": [7.5, 2, 8, 4], "texture": "#5"},
				"west": {"uv": [7.5, 4, 8, 6], "texture": "#5"},
				"up": {"uv": [9, 5, 8.5, 4.5], "texture": "#5"},
				"down": {"uv": [9, 5, 8.5, 5.5], "texture": "#5"}
			}
		}
	],
	"display": {
		"thirdperson_righthand": {
			"translation": [0.75, 3, 0]
		},
		"thirdperson_lefthand": {
			"translation": [-0.75, 4.25, 1.5]
		},
		"firstperson_righthand": {
			"translation": [3, 4.75, -4.25]
		},
		"firstperson_lefthand": {
			"translation": [0, 6.75, 0]
		},
		"ground": {
			"translation": [0, 7.25, 0]
		},
		"gui": {
			"rotation": [0, 87, 0],
			"translation": [0, 1.5, 0]
		},
		"head": {
			"translation": [0, -35.25, 0]
		},
		"fixed": {
			"rotation": [-90, 0, 0],
			"translation": [1.25, -1.25, -14.75],
			"scale": [2, 2, 2]
		}
	},
	"groups": [
		{
			"name": "group",
			"origin": [0, 0, 0],
			"color": 0,
			"children": []
		},
		{
			"name": "group",
			"origin": [8, 8, 8],
			"color": 0,
			"children": [0, 1, 2, 3, 4, 5, 6]
		}
	]
}