{
	"credit": "Made with Blockbench",
	"texture_size": [32, 32],
	"textures": {
		"0": "mini_dungeon_set:ink_and_pen",
		"particle": "mini_dungeon_set:ink_and_pen"
	},
	"elements": [
		{
			"from": [7, 0, 8],
			"to": [9, 2, 10],
			"rotation": {"angle": 0, "axis": "y", "origin": [13, 0, 0]},
			"faces": {
				"north": {"uv": [6, 0, 8, 2], "texture": "#0"},
				"east": {"uv": [6, 2, 8, 4], "texture": "#0"},
				"south": {"uv": [6, 4, 8, 6], "texture": "#0"},
				"west": {"uv": [6, 6, 8, 8], "texture": "#0"},
				"up": {"uv": [10, 2, 8, 0], "texture": "#0"},
				"down": {"uv": [10, 2, 8, 4], "texture": "#0"}
			}
		},
		{
			"from": [7.25, 2, 8.25],
			"to": [8.75, 2.75, 9.75],
			"rotation": {"angle": 0, "axis": "y", "origin": [13, 0, 0]},
			"faces": {
				"north": {"uv": [8, 6, 9.5, 7], "texture": "#0"},
				"east": {"uv": [8, 7, 9.5, 8], "texture": "#0"},
				"south": {"uv": [8, 8, 9.5, 9], "texture": "#0"},
				"west": {"uv": [8, 9, 9.5, 10], "texture": "#0"},
				"up": {"uv": [9.5, 5.5, 8, 4], "texture": "#0"},
				"down": {"uv": [7.5, 8, 6, 9.5], "texture": "#0"}
			}
		},
		{
			"from": [7.95, 2.75, 8.75],
			"to": [7.95, 8.5, 14.25],
			"rotation": {"angle": 0, "axis": "y", "origin": [13, 0, 0]},
			"faces": {
				"north": {"uv": [0, 0, 0, 6], "texture": "#0"},
				"east": {"uv": [0, 0, 5.5, 6], "texture": "#0"},
				"south": {"uv": [0, 0, 0, 6], "texture": "#0"},
				"west": {"uv": [0, 6, 5.5, 12], "texture": "#0"},
				"up": {"uv": [0, 5.5, 0, 0], "texture": "#0"},
				"down": {"uv": [0, 0, 0, 5.5], "texture": "#0"}
			}
		}
	],
	"display": {
		"thirdperson_righthand": {
			"translation": [0, 7.5, 0.5]
		},
		"thirdperson_lefthand": {
			"translation": [0, 8, 0.5]
		},
		"firstperson_righthand": {
			"translation": [0, 7, -2.5]
		},
		"firstperson_lefthand": {
			"translation": [0, 8.25, 0]
		},
		"ground": {
			"translation": [0, 4.25, 0]
		},
		"gui": {
			"rotation": [-180, 58, -180],
			"translation": [-1.75, 3.5, 0]
		},
		"head": {
			"translation": [0, -34.75, 0]
		},
		"fixed": {
			"rotation": [-90, 0, 0],
			"translation": [0, -1.75, -14.75],
			"scale": [2, 2, 2]
		}
	},
	"groups": [
		{
			"name": "group",
			"origin": [0, 0, 0],
			"color": 0,
			"children": [
				{
					"name": "feather",
					"origin": [0, 0, 0],
					"color": 0,
					"children": [0, 1, 2]
				}
			]
		}
	]
}