{
	"credit": "Made by Elo106",
	"texture_size": [64, 64],
	"textures": {
		"5": "voxelspawns:vs_alchy"
	},
	"elements": [
		{
			"from": [7, 0, 7],
			"to": [9, 4, 9],
			"rotation": {"angle": 45, "axis": "y", "origin": [8, 4, 8]},
			"faces": {
				"north": {"uv": [3, 8, 4, 10], "texture": "#5"},
				"east": {"uv": [0, 9, 1, 11], "texture": "#5"},
				"south": {"uv": [1, 9, 2, 11], "texture": "#5"},
				"west": {"uv": [2, 9, 3, 11], "texture": "#5"},
				"up": {"uv": [7, 10, 6, 9], "texture": "#5"},
				"down": {"uv": [8, 9, 7, 10], "texture": "#5"}
			}
		},
		{
			"from": [6.8, -0.2, 6.8],
			"to": [9.2, 4.2, 9.2],
			"rotation": {"angle": 45, "axis": "y", "origin": [8, 4, 8]},
			"faces": {
				"north": {"uv": [0, 14, 1, 16], "texture": "#5"},
				"east": {"uv": [1, 14, 2, 16], "texture": "#5"},
				"south": {"uv": [2, 14, 3, 16], "texture": "#5"},
				"west": {"uv": [3, 14, 4, 16], "texture": "#5"},
				"up": {"uv": [5, 16, 4, 15], "texture": "#5"},
				"down": {"uv": [6, 15, 5, 16], "texture": "#5"}
			}
		},
		{
			"from": [7, 6, 7],
			"to": [9, 7, 9],
			"rotation": {"angle": 0, "axis": "y", "origin": [8, 4, 8]},
			"faces": {
				"north": {"uv": [9, 8, 10, 8.5], "texture": "#5"},
				"east": {"uv": [9, 8.5, 10, 9], "texture": "#5"},
				"south": {"uv": [9, 9, 10, 9.5], "texture": "#5"},
				"west": {"uv": [9, 9.5, 10, 10], "texture": "#5"},
				"up": {"uv": [10, 8, 9, 7], "texture": "#5"},
				"down": {"uv": [9, 9, 8, 10], "texture": "#5"}
			}
		},
		{
			"from": [5, -2, 5],
			"to": [11, 0, 11],
			"rotation": {"angle": 0, "axis": "y", "origin": [8, 0.5, 8]},
			"faces": {
				"north": {"uv": [7, 5, 10, 6], "texture": "#5"},
				"east": {"uv": [6, 7, 9, 8], "texture": "#5"},
				"south": {"uv": [0, 8, 3, 9], "texture": "#5"},
				"west": {"uv": [6, 8, 9, 9], "texture": "#5"},
				"up": {"uv": [7, 3, 4, 0], "texture": "#5"},
				"down": {"uv": [7, 3, 4, 6], "texture": "#5"}
			}
		},
		{
			"from": [4, -4, 4],
			"to": [12, -2, 12],
			"rotation": {"angle": 0, "axis": "y", "origin": [8, 0.5, 8]},
			"faces": {
				"north": {"uv": [4, 6, 8, 7], "texture": "#5"},
				"east": {"uv": [7, 0, 11, 1], "texture": "#5"},
				"south": {"uv": [7, 1, 11, 2], "texture": "#5"},
				"west": {"uv": [7, 2, 11, 3], "texture": "#5"},
				"up": {"uv": [4, 4, 0, 0], "texture": "#5"},
				"down": {"uv": [4, 4, 0, 8], "texture": "#5"}
			}
		},
		{
			"from": [4.2, -3.8, 4.2],
			"to": [11.8, -2.2, 11.8],
			"rotation": {"angle": 0, "axis": "y", "origin": [8, 0.5, 8]},
			"faces": {
				"north": {"uv": [12, 10, 16, 11], "texture": "#5", "tintindex": 0},
				"east": {"uv": [12, 11, 16, 12], "texture": "#5", "tintindex": 0},
				"south": {"uv": [12, 9, 16, 10], "texture": "#5", "tintindex": 0},
				"west": {"uv": [12, 8, 16, 9], "texture": "#5", "tintindex": 0},
				"up": {"uv": [16, 8, 12, 4], "texture": "#5", "tintindex": 0},
				"down": {"uv": [16, 0, 12, 4], "texture": "#5", "tintindex": 0}
			}
		},
		{
			"from": [6, 4, 6],
			"to": [10, 6, 10],
			"rotation": {"angle": 0, "axis": "y", "origin": [8, 0.5, 8]},
			"faces": {
				"north": {"uv": [8, 6, 10, 7], "texture": "#5"},
				"east": {"uv": [9, 3, 11, 4], "texture": "#5"},
				"south": {"uv": [4, 9, 6, 10], "texture": "#5"},
				"west": {"uv": [9, 4, 11, 5], "texture": "#5"},
				"up": {"uv": [9, 5, 7, 3], "texture": "#5"},
				"down": {"uv": [6, 7, 4, 9], "texture": "#5"}
			}
		}
	],
	"gui_light": "front",
	"display": {
		"thirdperson_righthand": {
			"translation": [0, 3, -0.5],
			"scale": [0.7, 0.7, 0.7]
		},
		"thirdperson_lefthand": {
			"translation": [0, 3, -0.5],
			"scale": [0.7, 0.7, 0.7]
		},
		"firstperson_righthand": {
			"rotation": [0, 90, 0],
			"translation": [3.25, 7, 0],
			"scale": [0.7, 0.7, 0.7]
		},
		"firstperson_lefthand": {
			"rotation": [-180, 16, 180],
			"translation": [3.25, 7, 0],
			"scale": [0.7, 0.7, 0.7]
		},
		"ground": {
			"rotation": [-8.53, -1.45, 19.3],
			"translation": [-2, 2, -1],
			"scale": [0.6, 0.6, 0.6]
		},
		"gui": {
			"rotation": [-180, 45, -180],
			"translation": [-0.25, 4.5, 0]
		},
		"head": {
			"rotation": [0, 0, 90],
			"translation": [-9.75, 0, 0]
		},
		"fixed": {
			"rotation": [-90, -41, 0],
			"translation": [3.75, 3.75, -12]
		}
	},
	"groups": [
		{
			"name": "alchy",
			"origin": [0, 0, 0],
			"color": 0,
			"children": [0, 1, 2, 3, 4, 5, 6]
		}
	]
}