{
	"credit": "Made by Elo106",
	"texture_size": [64, 64],
	"textures": {
		"2": "voxelspawns:vs_elegant"
	},
	"elements": [
		{
			"from": [7, 5.5, 7],
			"to": [9, 9.5, 9],
			"rotation": {"angle": 45, "axis": "y", "origin": [8, 9.5, 8]},
			"faces": {
				"north": {"uv": [2, 4, 2.5, 5], "texture": "#2"},
				"east": {"uv": [4, 7, 4.5, 8], "texture": "#2"},
				"south": {"uv": [4.5, 7.25, 5, 8.25], "texture": "#2"},
				"west": {"uv": [5, 7.25, 5.5, 8.25], "texture": "#2"},
				"up": {"uv": [2, 7, 1.5, 6.5], "texture": "#2"},
				"down": {"uv": [7.75, 7.25, 7.25, 7.75], "texture": "#2"}
			}
		},
		{
			"from": [7, 11.5, 7],
			"to": [9, 12.5, 9],
			"rotation": {"angle": 0, "axis": "y", "origin": [8, 9.5, 8]},
			"faces": {
				"north": {"uv": [2, 5, 2.5, 5.25], "texture": "#2"},
				"east": {"uv": [1.5, 7, 2, 7.25], "texture": "#2"},
				"south": {"uv": [7.5, 2.75, 8, 3], "texture": "#2"},
				"west": {"uv": [7.5, 3, 8, 3.25], "texture": "#2"},
				"up": {"uv": [8, 2.25, 7.5, 1.75], "texture": "#2"},
				"down": {"uv": [8, 2.25, 7.5, 2.75], "texture": "#2"}
			}
		},
		{
			"from": [5.66297, -3.96916, 3.998],
			"to": [10.32322, 3.03484, 12.002],
			"rotation": {"angle": 0, "axis": "y", "origin": [7.32122, 9.53284, 7]},
			"faces": {
				"north": {"uv": [3.25, 5.25, 4.5, 7], "texture": "#2"},
				"east": {"uv": [2.5, 0, 4.5, 1.75], "texture": "#2"},
				"south": {"uv": [4.5, 5.5, 5.75, 7.25], "texture": "#2"},
				"west": {"uv": [2.5, 1.75, 4.5, 3.5], "texture": "#2"},
				"up": {"uv": [5.75, 5.5, 4.5, 3.5], "texture": "#2"},
				"down": {"uv": [3.25, 5.25, 2, 7.25], "texture": "#2"}
			}
		},
		{
			"from": [3, 2.5, 4],
			"to": [13, 5.5, 12],
			"rotation": {"angle": 0, "axis": "y", "origin": [8, 6, 8]},
			"faces": {
				"north": {"uv": [5.75, 3.5, 8.25, 4.25], "texture": "#2"},
				"east": {"uv": [0, 5.75, 2, 6.5], "texture": "#2"},
				"south": {"uv": [5.75, 4.25, 8.25, 5], "texture": "#2"},
				"west": {"uv": [5.75, 5, 7.75, 5.75], "texture": "#2"},
				"up": {"uv": [2.5, 2, 0, 0], "texture": "#2"},
				"down": {"uv": [2.5, 2, 0, 4], "texture": "#2"}
			}
		},
		{
			"from": [-3, -1.5, 8],
			"to": [5, 7.5, 8],
			"rotation": {"angle": 0, "axis": "y", "origin": [8, 6, 8]},
			"faces": {
				"north": {"uv": [9.25, 0, 11.25, 2.25], "texture": "#2"},
				"east": {"uv": [11.5, 9.75, 13.5, 10.5], "texture": "#2"},
				"south": {"uv": [11.25, 0, 9.25, 2.25], "texture": "#2"},
				"west": {"uv": [9.5, 2.25, 11.5, 3], "texture": "#2"},
				"up": {"uv": [11.5, 10.5, 9, 8.5], "texture": "#2"},
				"down": {"uv": [16, 8.5, 13.5, 10.5], "texture": "#2"}
			}
		},
		{
			"from": [11, -1.5, 8],
			"to": [19, 7.5, 8],
			"rotation": {"angle": 0, "axis": "y", "origin": [8, 6, 8]},
			"faces": {
				"north": {"uv": [11.25, 0, 9.25, 2.25], "texture": "#2"},
				"east": {"uv": [11.5, 9.75, 13.5, 10.5], "texture": "#2"},
				"south": {"uv": [9.25, 0, 11.25, 2.25], "texture": "#2"},
				"west": {"uv": [9.5, 2.25, 11.5, 3], "texture": "#2"},
				"up": {"uv": [11.5, 10.5, 9, 8.5], "texture": "#2"},
				"down": {"uv": [16, 8.5, 13.5, 10.5], "texture": "#2"}
			}
		},
		{
			"from": [8.20176, -3.54437, 4.001],
			"to": [11.19976, 3.45363, 11.999],
			"rotation": {"angle": -22.5, "axis": "z", "origin": [9.70076, -1.54537, 8]},
			"faces": {
				"north": {"uv": [6.5, 5.75, 7.25, 7.5], "texture": "#2"},
				"east": {"uv": [2.5, 3.5, 4.5, 5.25], "texture": "#2"},
				"south": {"uv": [3.25, 7, 4, 8.75], "texture": "#2"},
				"west": {"uv": [0, 4, 2, 5.75], "texture": "#2"},
				"up": {"uv": [6.5, 7.75, 5.75, 5.75], "texture": "#2"},
				"down": {"uv": [0.75, 6.5, 0, 8.5], "texture": "#2"}
			}
		},
		{
			"from": [4.80024, -3.54437, 4.001],
			"to": [7.79824, 3.45363, 11.999],
			"rotation": {"angle": 22.5, "axis": "z", "origin": [6.29924, -1.54537, 8]},
			"faces": {
				"north": {"uv": [7.25, 0, 8, 1.75], "texture": "#2"},
				"east": {"uv": [4.5, 0, 6.5, 1.75], "texture": "#2"},
				"south": {"uv": [1.5, 7.25, 2.25, 9], "texture": "#2"},
				"west": {"uv": [4.5, 1.75, 6.5, 3.5], "texture": "#2"},
				"up": {"uv": [7.25, 2, 6.5, 0], "texture": "#2"},
				"down": {"uv": [1.5, 6.5, 0.75, 8.5], "texture": "#2"}
			}
		},
		{
			"from": [6, 9.5, 6],
			"to": [10, 11.5, 10],
			"rotation": {"angle": 0, "axis": "y", "origin": [8, 6, 8]},
			"faces": {
				"north": {"uv": [6.5, 3, 7.5, 3.5], "texture": "#2"},
				"east": {"uv": [7.25, 5.75, 8.25, 6.25], "texture": "#2"},
				"south": {"uv": [7.25, 6.25, 8.25, 6.75], "texture": "#2"},
				"west": {"uv": [7.25, 6.75, 8.25, 7.25], "texture": "#2"},
				"up": {"uv": [7.5, 3, 6.5, 2], "texture": "#2"},
				"down": {"uv": [3.25, 7.25, 2.25, 8.25], "texture": "#2"}
			}
		},
		{
			"from": [3.26031, 2.39076, 4.199],
			"to": [12.76231, 4.99276, 11.801],
			"rotation": {"angle": 0, "axis": "y", "origin": [8.06131, 5.69176, 8]},
			"faces": {
				"north": {"uv": [6.5, 13, 9, 13.75], "texture": "#2", "tintindex": 0},
				"east": {"uv": [7, 15.25, 9, 16], "texture": "#2", "tintindex": 0},
				"south": {"uv": [6.5, 14.5, 9, 15.25], "texture": "#2", "tintindex": 0},
				"west": {"uv": [7, 13.75, 9, 14.5], "texture": "#2", "tintindex": 0},
				"up": {"uv": [11.5, 14, 9, 12], "texture": "#2", "tintindex": 0},
				"down": {"uv": [11.5, 14, 9, 16], "texture": "#2", "tintindex": 0}
			}
		},
		{
			"from": [5.73606, -3.72924, 4.181],
			"to": [10.01231, 2.39076, 11.801],
			"rotation": {"angle": 0, "axis": "y", "origin": [9.95231, 9.08076, 6.991]},
			"faces": {
				"north": {"uv": [14.75, 14.25, 16, 16], "texture": "#2", "tintindex": 0},
				"east": {"uv": [11.5, 12.5, 13.5, 14.25], "texture": "#2", "tintindex": 0},
				"south": {"uv": [14.75, 12.5, 16, 14.25], "texture": "#2", "tintindex": 0},
				"west": {"uv": [11.5, 14.25, 13.5, 16], "texture": "#2", "tintindex": 0},
				"up": {"uv": [14.75, 14, 13.5, 12], "texture": "#2", "tintindex": 0},
				"down": {"uv": [14.75, 14, 13.5, 16], "texture": "#2", "tintindex": 0}
			}
		},
		{
			"from": [8.40076, -3.34537, 4.2],
			"to": [11.00076, 3.25463, 11.8],
			"rotation": {"angle": -22.5, "axis": "z", "origin": [9.70076, -1.54537, 8]},
			"faces": {
				"north": {"uv": [3.5, 14.25, 4.25, 16], "texture": "#2", "tintindex": 0},
				"east": {"uv": [0, 12.25, 2, 14], "texture": "#2", "tintindex": 0},
				"south": {"uv": [2, 12.5, 2.75, 14.25], "texture": "#2", "tintindex": 0},
				"west": {"uv": [0.75, 14.25, 2.75, 16], "texture": "#2", "tintindex": 0},
				"up": {"uv": [3.5, 16, 2.75, 14], "texture": "#2", "tintindex": 0},
				"down": {"uv": [0.75, 14, 0, 16], "texture": "#2", "tintindex": 0}
			}
		},
		{
			"from": [4.99924, -3.34537, 4.2],
			"to": [7.59924, 3.25463, 11.8],
			"rotation": {"angle": 22.5, "axis": "z", "origin": [6.29924, -1.54537, 8]},
			"faces": {
				"north": {"uv": [14.5, 0.25, 15.25, 2], "texture": "#2", "tintindex": 0},
				"east": {"uv": [14, 2.25, 16, 4], "texture": "#2", "tintindex": 0},
				"south": {"uv": [13.25, 2.25, 14, 4], "texture": "#2", "tintindex": 0},
				"west": {"uv": [12.5, 0.5, 14.5, 2.25], "texture": "#2", "tintindex": 0},
				"up": {"uv": [16, 2.25, 15.25, 0.25], "texture": "#2", "tintindex": 0},
				"down": {"uv": [13.25, 2.25, 12.5, 4.25], "texture": "#2", "tintindex": 0}
			}
		}
	],
	"gui_light": "front",
	"display": {
		"thirdperson_righthand": {
			"translation": [0, 3, -2.5],
			"scale": [0.7, 0.7, 0.7]
		},
		"thirdperson_lefthand": {
			"translation": [0, 3, -2.5],
			"scale": [0.7, 0.7, 0.7]
		},
		"firstperson_righthand": {
			"rotation": [-180, 26, -180],
			"translation": [3.25, 3.75, 0],
			"scale": [0.7, 0.7, 0.7]
		},
		"firstperson_lefthand": {
			"rotation": [-180, 26, -180],
			"translation": [3.25, 3.75, 0],
			"scale": [0.7, 0.7, 0.7]
		},
		"ground": {
			"rotation": [-8.53, -1.45, 19.3],
			"translation": [-2, 1, -1],
			"scale": [0.6, 0.6, 0.6]
		},
		"gui": {
			"rotation": [-180, 13, -180],
			"translation": [0, 3.5, 0],
			"scale": [0.9, 0.9, 0.9]
		},
		"head": {
			"rotation": [0, 0, 90],
			"translation": [-9.75, 0, 0]
		},
		"fixed": {
			"rotation": [-90, 0, 0],
			"translation": [-0.25, 0, -12]
		}
	},
	"groups": [
		{
			"name": "elegant",
			"origin": [0, 0, 0],
			"color": 0,
			"children": [0, 1, 2, 3, 4, 5, 6, 7, 8, 9, 10, 11, 12]
		}
	]
}