{
	"credit": "Made by Elo106",
	"texture_size": [64, 64],
	"textures": {
		"4": "item/voxelspawns/vs_fat"
	},
	"elements": [
		{
			"from": [4, -4, 4],
			"to": [12, 4, 12],
			"rotation": {"angle": 0, "axis": "y", "origin": [8, 0, 8]},
			"faces": {
				"north": {"uv": [2.5, 0, 4.5, 2], "texture": "#4"},
				"east": {"uv": [2.5, 2, 4.5, 4], "texture": "#4"},
				"south": {"uv": [2.5, 4, 4.5, 6], "texture": "#4"},
				"west": {"uv": [4.5, 0, 6.5, 2], "texture": "#4"},
				"up": {"uv": [6.5, 4, 4.5, 2], "texture": "#4"},
				"down": {"uv": [6.5, 4, 4.5, 6], "texture": "#4"}
			}
		},
		{
			"from": [3, -3, 3],
			"to": [13, 3, 13],
			"rotation": {"angle": 0, "axis": "y", "origin": [8, 0, 8]},
			"faces": {
				"north": {"uv": [0, 5, 2.5, 6.5], "texture": "#4"},
				"east": {"uv": [2.5, 6, 5, 7.5], "texture": "#4"},
				"south": {"uv": [5, 6, 7.5, 7.5], "texture": "#4"},
				"west": {"uv": [0, 6.5, 2.5, 8], "texture": "#4"},
				"up": {"uv": [2.5, 2.5, 0, 0], "texture": "#4"},
				"down": {"uv": [2.5, 2.5, 0, 5], "texture": "#4"}
			}
		},
		{
			"from": [3.2, -2.8, 3.2],
			"to": [12.8, 1.8, 12.8],
			"rotation": {"angle": 0, "axis": "y", "origin": [8, 0, 8]},
			"faces": {
				"north": {"uv": [13.5, 9.75, 16, 11], "texture": "#4", "tintindex": 0},
				"east": {"uv": [13.5, 11.25, 16, 12.5], "texture": "#4", "tintindex": 0},
				"south": {"uv": [13.5, 13, 16, 14.25], "texture": "#4", "tintindex": 0},
				"west": {"uv": [13.5, 14.5, 16, 15.75], "texture": "#4", "tintindex": 0},
				"up": {"uv": [16, 7.25, 13.5, 4.75], "texture": "#4", "tintindex": 0},
				"down": {"uv": [16, 7.25, 13.5, 9.75], "texture": "#4", "tintindex": 0}
			}
		},
		{
			"from": [6, 4, 6],
			"to": [10, 6, 10],
			"rotation": {"angle": 45, "axis": "y", "origin": [8, 5, 8]},
			"faces": {
				"north": {"uv": [6.5, 2, 7.5, 2.5], "texture": "#4"},
				"east": {"uv": [6.5, 2.5, 7.5, 3], "texture": "#4"},
				"south": {"uv": [6.5, 3, 7.5, 3.5], "texture": "#4"},
				"west": {"uv": [6.5, 3.5, 7.5, 4], "texture": "#4"},
				"up": {"uv": [7.5, 1, 6.5, 0], "texture": "#4"},
				"down": {"uv": [7.5, 1, 6.5, 2], "texture": "#4"}
			}
		}
	],
	"gui_light": "front",
	"display": {
		"thirdperson_righthand": {
			"rotation": [39.5, 0, 0],
			"translation": [0, 4.5, 0.75],
			"scale": [0.7, 0.7, 0.7]
		},
		"thirdperson_lefthand": {
			"rotation": [39.5, 0, 0],
			"translation": [0, 4.5, 0.75],
			"scale": [0.7, 0.7, 0.7]
		},
		"firstperson_righthand": {
			"rotation": [0, 90, 0],
			"translation": [3.25, 7.25, 0.25],
			"scale": [0.7, 0.7, 0.7]
		},
		"firstperson_lefthand": {
			"rotation": [-180, 23.75, 180],
			"translation": [3.25, 7.25, 0.25],
			"scale": [0.7, 0.7, 0.7]
		},
		"ground": {
			"rotation": [-8.53, -1.45, 19.3],
			"translation": [-2, 1, -1],
			"scale": [0.6, 0.6, 0.6]
		},
		"gui": {
			"rotation": [-180, 40.5, -180],
			"translation": [0, 4.5, 0]
		},
		"head": {
			"rotation": [0, 0, 90],
			"translation": [-9.75, 0, 0]
		},
		"fixed": {
			"rotation": [-90, 0, 0],
			"translation": [-0.25, 0.5, -12]
		}
	},
	"groups": [
		{
			"name": "fat",
			"origin": [0, 0, 0],
			"color": 0,
			"children": [0, 1, 2, 3]
		}
	]
}