{
	"credit": "Made by Elo106",
	"texture_size": [64, 64],
	"textures": {
		"6": "item/voxelspawns/vs_normal"
	},
	"elements": [
		{
			"from": [7, 4, 7],
			"to": [9, 8, 9],
			"rotation": {"angle": 45, "axis": "y", "origin": [8, 8, 8]},
			"faces": {
				"north": {"uv": [2.5, 5.5, 3, 6.5], "texture": "#6"},
				"east": {"uv": [3, 5.5, 3.5, 6.5], "texture": "#6"},
				"south": {"uv": [3.5, 5.5, 4, 6.5], "texture": "#6"},
				"west": {"uv": [4, 5.5, 4.5, 6.5], "texture": "#6"},
				"up": {"uv": [6.5, 4.5, 6, 4], "texture": "#6"},
				"down": {"uv": [5, 6, 4.5, 6.5], "texture": "#6"}
			}
		},
		{
			"from": [7, 10, 7],
			"to": [9, 11, 9],
			"rotation": {"angle": 0, "axis": "y", "origin": [8, 8, 8]},
			"faces": {
				"north": {"uv": [6, 5, 6.5, 5.25], "texture": "#6"},
				"east": {"uv": [6, 5.25, 6.5, 5.5], "texture": "#6"},
				"south": {"uv": [5.5, 6, 6, 6.25], "texture": "#6"},
				"west": {"uv": [6, 6, 6.5, 6.25], "texture": "#6"},
				"up": {"uv": [6.5, 5, 6, 4.5], "texture": "#6"},
				"down": {"uv": [5.5, 6, 5, 6.5], "texture": "#6"}
			}
		},
		{
			"from": [5, -4, 5],
			"to": [11, 4, 11],
			"rotation": {"angle": 0, "axis": "y", "origin": [8, 4.5, 8]},
			"faces": {
				"north": {"uv": [2, 0, 3.5, 2], "texture": "#6"},
				"east": {"uv": [2, 2, 3.5, 4], "texture": "#6"},
				"south": {"uv": [3.5, 0, 5, 2], "texture": "#6"},
				"west": {"uv": [3.5, 2, 5, 4], "texture": "#6"},
				"up": {"uv": [6.5, 3, 5, 1.5], "texture": "#6"},
				"down": {"uv": [1.5, 5.5, 0, 7], "texture": "#6"}
			}
		},
		{
			"from": [4, -3, 4],
			"to": [12, 3, 12],
			"rotation": {"angle": 0, "axis": "y", "origin": [8, 4.5, 8]},
			"faces": {
				"north": {"uv": [0, 4, 2, 5.5], "texture": "#6"},
				"east": {"uv": [2, 4, 4, 5.5], "texture": "#6"},
				"south": {"uv": [4, 4, 6, 5.5], "texture": "#6"},
				"west": {"uv": [5, 0, 7, 1.5], "texture": "#6"},
				"up": {"uv": [2, 2, 0, 0], "texture": "#6"},
				"down": {"uv": [2, 2, 0, 4], "texture": "#6"}
			}
		},
		{
			"from": [4.2, -2.8, 4.2],
			"to": [11.8, 2.8, 11.8],
			"rotation": {"angle": 0, "axis": "y", "origin": [8, 4.5, 8]},
			"faces": {
				"north": {"uv": [14, 4.5, 16, 6], "texture": "#6", "tintindex": 0},
				"east": {"uv": [14, 3, 16, 4.5], "texture": "#6", "tintindex": 0},
				"south": {"uv": [14, 1.5, 16, 3], "texture": "#6", "tintindex": 0},
				"west": {"uv": [14, 0, 16, 1.5], "texture": "#6", "tintindex": 0},
				"up": {"uv": [16, 10, 14, 8], "texture": "#6", "tintindex": 0},
				"down": {"uv": [16, 6, 14, 8], "texture": "#6", "tintindex": 0}
			}
		},
		{
			"from": [6, 8, 6],
			"to": [10, 10, 10],
			"rotation": {"angle": 0, "axis": "y", "origin": [8, 4.5, 8]},
			"faces": {
				"north": {"uv": [4.5, 5.5, 5.5, 6], "texture": "#6"},
				"east": {"uv": [5.5, 5.5, 6.5, 6], "texture": "#6"},
				"south": {"uv": [6, 3, 7, 3.5], "texture": "#6"},
				"west": {"uv": [6, 3.5, 7, 4], "texture": "#6"},
				"up": {"uv": [6, 4, 5, 3], "texture": "#6"},
				"down": {"uv": [2.5, 5.5, 1.5, 6.5], "texture": "#6"}
			}
		}
	],
	"gui_light": "front",
	"display": {
		"thirdperson_righthand": {
			"translation": [0, 3.25, -2.5],
			"scale": [0.7, 0.7, 0.7]
		},
		"thirdperson_lefthand": {
			"translation": [0, 3.5, -2.5],
			"scale": [0.7, 0.7, 0.7]
		},
		"firstperson_righthand": {
			"rotation": [-180, 80, -180],
			"translation": [3.25, 6.75, 0],
			"scale": [0.6, 0.6, 0.6]
		},
		"firstperson_lefthand": {
			"rotation": [-180, 80, -180],
			"translation": [3.25, 6.75, 0],
			"scale": [0.6, 0.6, 0.6]
		},
		"ground": {
			"rotation": [-8.53, -1.45, 19.3],
			"translation": [-2, 1, -1],
			"scale": [0.6, 0.6, 0.6]
		},
		"gui": {
			"rotation": [-180, 26, -180],
			"translation": [-0.25, 4.5, 0]
		},
		"head": {
			"rotation": [0, 0, 90],
			"translation": [-9.75, 0, 0]
		},
		"fixed": {
			"rotation": [-90, 0, 0],
			"translation": [3.75, 3.75, -12]
		}
	},
	"groups": [
		{
			"name": "normal",
			"origin": [0, 0, 0],
			"color": 0,
			"children": [0, 1, 2, 3, 4, 5]
		}
	]
}