{
	"credit": "Made by Elo106",
	"texture_size": [64, 64],
	"textures": {
		"1": "voxelspawns:vs_potion"
	},
	"elements": [
		{
			"from": [7, 7, 7],
			"to": [9, 11, 9],
			"rotation": {"angle": 45, "axis": "y", "origin": [8, 8, 8]},
			"faces": {
				"north": {"uv": [7, 6, 7.5, 7], "texture": "#1"},
				"east": {"uv": [7, 7, 7.5, 8], "texture": "#1"},
				"south": {"uv": [4, 7.5, 4.5, 8.5], "texture": "#1"},
				"west": {"uv": [4.5, 7.5, 5, 8.5], "texture": "#1"},
				"up": {"uv": [8, 8, 7.5, 7.5], "texture": "#1"},
				"down": {"uv": [8.5, 0, 8, 0.5], "texture": "#1"}
			}
		},
		{
			"from": [4.2, -3.8, 4.2],
			"to": [11.8, 6.8, 11.8],
			"rotation": {"angle": 0, "axis": "y", "origin": [8, 4.5, 8]},
			"faces": {
				"north": {"uv": [0, 0, 2, 2.75], "texture": "#1", "tintindex": 0},
				"east": {"uv": [2, 0, 4, 2.75], "texture": "#1", "tintindex": 0},
				"south": {"uv": [0, 2.75, 2, 5.5], "texture": "#1", "tintindex": 0},
				"west": {"uv": [2, 2.75, 4, 5.5], "texture": "#1", "tintindex": 0},
				"up": {"uv": [6, 7.5, 4, 5.5], "texture": "#1", "tintindex": 0},
				"down": {"uv": [8, 0, 6, 2], "texture": "#1"}
			}
		},
		{
			"from": [4, -4, 4],
			"to": [12, 7, 12],
			"rotation": {"angle": 0, "axis": "y", "origin": [8, 4.5, 8]},
			"faces": {
				"north": {"uv": [4, 0, 6, 2.75], "texture": "#1"},
				"east": {"uv": [4, 2.75, 6, 5.5], "texture": "#1"},
				"south": {"uv": [0, 5.5, 2, 8.25], "texture": "#1"},
				"west": {"uv": [2, 5.5, 4, 8.25], "texture": "#1"},
				"up": {"uv": [8, 4, 6, 2], "texture": "#1"},
				"down": {"uv": [8, 4, 6, 6], "texture": "#1"}
			}
		},
		{
			"from": [3.81, -4.19, 3.81],
			"to": [12.19, 7.19, 12.19],
			"rotation": {"angle": 0, "axis": "y", "origin": [8, 4.5, 8]},
			"faces": {
				"north": {"uv": [14, 2.75, 16, 5.5], "texture": "#1"},
				"east": {"uv": [12, 0, 14, 2.75], "texture": "#1"},
				"south": {"uv": [12, 2.75, 14, 5.5], "texture": "#1"},
				"west": {"uv": [14, 0, 16, 2.75], "texture": "#1"},
				"up": {"uv": [14, 7.5, 12, 5.5], "texture": "#1"},
				"down": {"uv": [16, 5.5, 14, 7.5], "texture": "#1"}
			}
		},
		{
			"from": [3.8, -4.2, 3.8],
			"to": [12.2, 7.2, 13.2],
			"rotation": {"angle": -22.5, "axis": "x", "origin": [8, 1.5, 8]},
			"faces": {
				"north": {"uv": [12, 10.25, 14, 13], "texture": "#1"},
				"east": {"uv": [14, 7.5, 16, 10.25], "texture": "#1"},
				"south": {"uv": [14, 10.25, 16, 13], "texture": "#1"},
				"west": {"uv": [12, 7.5, 14, 10.25], "texture": "#1"},
				"up": {"uv": [16, 15, 14, 13], "texture": "#1"},
				"down": {"uv": [14, 13, 12, 15], "texture": "#1"}
			}
		},
		{
			"from": [3.799, -4.201, 2.799],
			"to": [12.201, 7.201, 12.201],
			"rotation": {"angle": 22.5, "axis": "x", "origin": [8, 1.5, 8]},
			"faces": {
				"north": {"uv": [12, 10.25, 14, 13], "texture": "#1"},
				"east": {"uv": [14, 7.5, 16, 10.25], "texture": "#1"},
				"south": {"uv": [14, 10.25, 16, 13], "texture": "#1"},
				"west": {"uv": [12, 7.5, 14, 10.25], "texture": "#1"},
				"up": {"uv": [16, 15, 14, 13], "texture": "#1"},
				"down": {"uv": [14, 13, 12, 15], "texture": "#1"}
			}
		},
		{
			"from": [6, 8, 6],
			"to": [10, 10, 10],
			"rotation": {"angle": 0, "axis": "y", "origin": [8, 4.5, 8]},
			"faces": {
				"north": {"uv": [5, 7.5, 6, 8], "texture": "#1"},
				"east": {"uv": [7.5, 6, 8.5, 6.5], "texture": "#1"},
				"south": {"uv": [7.5, 6.5, 8.5, 7], "texture": "#1"},
				"west": {"uv": [7.5, 7, 8.5, 7.5], "texture": "#1"},
				"up": {"uv": [7, 7, 6, 6], "texture": "#1"},
				"down": {"uv": [7, 7, 6, 8], "texture": "#1"}
			}
		}
	],
	"gui_light": "front",
	"display": {
		"thirdperson_righthand": {
			"translation": [0, 3, -2.5],
			"scale": [0.7, 0.7, 0.7]
		},
		"thirdperson_lefthand": {
			"translation": [0, 3, -2.5],
			"scale": [0.7, 0.7, 0.7]
		},
		"firstperson_righthand": {
			"rotation": [0, 90, 0],
			"translation": [3.25, 3.75, 0],
			"scale": [0.7, 0.7, 0.7]
		},
		"firstperson_lefthand": {
			"rotation": [-180, 0, 180],
			"translation": [3.25, 3.75, 0],
			"scale": [0.7, 0.7, 0.7]
		},
		"ground": {
			"rotation": [-8.53, -1.45, 19.3],
			"translation": [-2, 1, -1],
			"scale": [0.6, 0.6, 0.6]
		},
		"gui": {
			"rotation": [0, 113, 0],
			"translation": [-0.25, 4.5, 0]
		},
		"head": {
			"rotation": [0, 0, 90],
			"translation": [-9.75, 0, 0]
		},
		"fixed": {
			"rotation": [-90, 0, 0],
			"translation": [3.75, 3.75, -12]
		}
	},
	"groups": [
		{
			"name": "pot",
			"origin": [0, 0, 0],
			"color": 0,
			"children": [0, 1, 2, 3, 4, 5, 6]
		}
	]
}