{
	"credit": "Made by Elo106",
	"texture_size": [64, 64],
	"textures": {
		"0": "voxelspawns:vs_vial",
		"particle": "voxelspawns:vs_vial"
	},
	"elements": [
		{
			"from": [7, 7, 7],
			"to": [9, 11, 9],
			"rotation": {"angle": 45, "axis": "y", "origin": [8, 8, 8]},
			"faces": {
				"north": {"uv": [6, 4, 7, 6], "texture": "#0"},
				"east": {"uv": [6, 6, 7, 8], "texture": "#0"},
				"south": {"uv": [7, 4, 8, 6], "texture": "#0"},
				"west": {"uv": [7, 6, 8, 8], "texture": "#0"},
				"up": {"uv": [9, 3, 8, 2], "texture": "#0"},
				"down": {"uv": [9, 3, 8, 4], "texture": "#0"}
			}
		},
		{
			"from": [6, -4, 6],
			"to": [10, 7, 10],
			"rotation": {"angle": 0, "axis": "y", "origin": [8, 4.5, 8]},
			"faces": {
				"north": {"uv": [0, 0, 2, 5.5], "texture": "#0"},
				"east": {"uv": [2, 0, 4, 5.5], "texture": "#0"},
				"south": {"uv": [4, 0, 6, 5.5], "texture": "#0"},
				"west": {"uv": [0, 5.5, 2, 11], "texture": "#0"},
				"up": {"uv": [4, 7.5, 2, 5.5], "texture": "#0"},
				"down": {"uv": [6, 5.5, 4, 7.5], "texture": "#0"}
			}
		},
		{
			"from": [6.2, -3.8, 6.2],
			"to": [9.8, 1.8, 9.8],
			"rotation": {"angle": 0, "axis": "y", "origin": [8, 4.5, 8]},
			"faces": {
				"north": {"uv": [14, 0, 16, 3], "texture": "#0", "tintindex": 0},
				"east": {"uv": [12, 0, 14, 3], "texture": "#0", "tintindex": 0},
				"south": {"uv": [14, 5.5, 16, 8.5], "texture": "#0", "tintindex": 0},
				"west": {"uv": [12, 5.5, 14, 8.5], "texture": "#0", "tintindex": 0},
				"up": {"uv": [16, 13, 14, 11], "texture": "#0", "tintindex": 0},
				"down": {"uv": [14, 11, 12, 13], "texture": "#0", "tintindex": 0}
			}
		},
		{
			"from": [6, 8, 6],
			"to": [10, 10, 10],
			"rotation": {"angle": 0, "axis": "y", "origin": [8, 4.5, 8]},
			"faces": {
				"north": {"uv": [2, 7.5, 4, 8.5], "texture": "#0"},
				"east": {"uv": [4, 7.5, 6, 8.5], "texture": "#0"},
				"south": {"uv": [8, 0, 10, 1], "texture": "#0"},
				"west": {"uv": [8, 1, 10, 2], "texture": "#0"},
				"up": {"uv": [8, 2, 6, 0], "texture": "#0"},
				"down": {"uv": [8, 2, 6, 4], "texture": "#0"}
			}
		},
		{
			"from": [5.8, 2.8, 5.8],
			"to": [10.2, 4.2, 10.2],
			"faces": {
				"north": {"uv": [9, 2, 11, 2.5], "texture": "#0"},
				"east": {"uv": [9, 7.5, 11, 8], "texture": "#0"},
				"south": {"uv": [9, 7, 11, 7.5], "texture": "#0"},
				"west": {"uv": [9, 6.5, 11, 7], "texture": "#0"},
				"up": {"uv": [9, 4.5, 11, 6.5], "texture": "#0"},
				"down": {"uv": [9, 2.5, 11, 4.5], "texture": "#0"}
			}
		}
	],
	"gui_light": "front",
	"display": {
		"thirdperson_righthand": {
			"translation": [0, 4, 0],
			"scale": [0.7, 0.7, 0.7]
		},
		"thirdperson_lefthand": {
			"translation": [0, 4, 0],
			"scale": [0.7, 0.7, 0.7]
		},
		"firstperson_righthand": {
			"translation": [3.25, 3.75, 0],
			"scale": [0.7, 0.7, 0.7]
		},
		"firstperson_lefthand": {
			"rotation": [-180, -13.25, 180],
			"translation": [3.25, 3.75, 0],
			"scale": [0.7, 0.7, 0.7]
		},
		"ground": {
			"rotation": [-8.53, -1.45, 19.3],
			"translation": [-2, 1, -1],
			"scale": [0.6, 0.6, 0.6]
		},
		"gui": {
			"rotation": [0, 113, 0],
			"translation": [-0.25, 4.5, 0]
		},
		"head": {
			"rotation": [0, 0, 90],
			"translation": [-9.75, 0, 0]
		},
		"fixed": {
			"rotation": [-90, -90, 0],
			"translation": [10, 10, -12]
		}
	},
	"groups": [
		{
			"name": "vialhalffull",
			"origin": [0, 0, 0],
			"color": 0,
			"children": [0, 1, 2, 3, 4]
		}
	]
}