{"textures":{"0":"modelengine:entity/manscar"},"elements":[{"name":"cube","from":[5.1499996,24.8,5.6],"to":[10.55,30.2,11.0],"rotation":{"angle":0.0,"axis":"x","origin":[3.35,7.999999,2.2999997]},"faces":{"down":{"uv":[2.25,0.0,4.5,2.25],"rotation":0,"texture":"#0","tintindex":0},"east":{"uv":[2.25,0.0,4.5,2.25],"rotation":0,"texture":"#0","tintindex":0},"north":{"uv":[0.0,0.0,2.25,2.25],"rotation":0,"texture":"#0","tintindex":0},"south":{"uv":[2.25,0.0,4.5,2.25],"rotation":0,"texture":"#0","tintindex":0},"up":{"uv":[2.25,0.0,4.5,2.25],"rotation":0,"texture":"#0","tintindex":0},"west":{"uv":[2.25,0.0,4.5,2.25],"rotation":0,"texture":"#0","tintindex":0}}},{"name":"cube","from":[0.9499998,29.900002,-4.6000004],"to":[14.75,29.900002,9.2],"rotation":{"angle":22.5,"axis":"x","origin":[2.6,14.15,2.2999997]},"faces":{"down":{"uv":[5.25,10.75,11.0,5.0],"rotation":0,"texture":"#0","tintindex":0},"east":{"uv":[0.0,0.0,5.75,0.0],"rotation":0,"texture":"#0","tintindex":0},"north":{"uv":[0.0,0.0,5.75,0.0],"rotation":0,"texture":"#0","tintindex":0},"south":{"uv":[0.0,0.0,5.75,0.0],"rotation":0,"texture":"#0","tintindex":0},"up":{"uv":[5.25,5.0,11.0,10.75],"rotation":0,"texture":"#0","tintindex":0},"west":{"uv":[0.0,0.0,5.75,0.0],"rotation":0,"texture":"#0","tintindex":0}}},{"name":"cube","from":[4.85,29.900002,-3.1000004],"to":[10.85,32.0,2.8999999],"rotation":{"angle":22.5,"axis":"x","origin":[3.35,7.999999,2.2999997]},"faces":{"down":{"uv":[12.5,0.0,10.0,0.875],"rotation":0,"texture":"#0","tintindex":0},"east":{"uv":[12.5,0.0,10.0,0.875],"rotation":0,"texture":"#0","tintindex":0},"north":{"uv":[12.5,0.0,10.0,0.875],"rotation":0,"texture":"#0","tintindex":0},"south":{"uv":[12.5,0.0,10.0,0.875],"rotation":0,"texture":"#0","tintindex":0},"up":{"uv":[12.5,1.25,10.0,3.75],"rotation":0,"texture":"#0","tintindex":0},"west":{"uv":[12.5,0.0,10.0,0.875],"rotation":0,"texture":"#0","tintindex":0}}}],"display":{"head":{"translation":[0.0,6.480003,0.0],"rotation":[0.0,0.0,0.0],"scale":[3.8095,3.8095,3.8095]}}}