{"textures":{"0":"modelengine:entity/manscar"},"elements":[{"name":"cube","from":[7.1,7.0999985,7.4],"to":[8.9,26.3,9.2],"rotation":{"angle":0.0,"axis":"x","origin":[3.35,10.549998,1.9999998]},"faces":{"down":{"uv":[4.5,5.0,5.25,5.75],"rotation":0,"texture":"#0","tintindex":0},"east":{"uv":[4.5,5.0,5.25,13.0],"rotation":0,"texture":"#0","tintindex":0},"north":{"uv":[4.5,5.0,5.25,13.0],"rotation":0,"texture":"#0","tintindex":0},"south":{"uv":[4.5,5.0,5.25,13.0],"rotation":0,"texture":"#0","tintindex":0},"up":{"uv":[4.5,5.0,5.25,13.0],"rotation":0,"texture":"#0","tintindex":0},"west":{"uv":[4.5,5.0,5.25,13.0],"rotation":0,"texture":"#0","tintindex":0}}},{"name":"cube","from":[5.5099998,21.05,6.962],"to":[10.31,28.25,9.6014],"rotation":{"angle":0.0,"axis":"x","origin":[3.35,10.549998,1.9999998]},"faces":{"down":{"uv":[1.5,11.0,0.0,12.0],"rotation":0,"texture":"#0","tintindex":0},"east":{"uv":[1.75,9.0,2.75,12.0],"rotation":0,"texture":"#0","tintindex":0},"north":{"uv":[0.0,9.0,2.0,12.0],"rotation":0,"texture":"#0","tintindex":0},"south":{"uv":[0.0,5.0,2.0,8.0],"rotation":0,"texture":"#0","tintindex":0},"up":{"uv":[4.625,12.09975,2.75,11.0],"rotation":0,"texture":"#0","tintindex":0},"west":{"uv":[1.75,9.0,2.75,12.0],"rotation":0,"texture":"#0","tintindex":0}}},{"name":"cube","from":[5.5099998,12.049998,15.601399],"to":[10.31,23.45,15.601399],"rotation":{"angle":-22.5,"axis":"x","origin":[3.35,10.549998,1.9999998]},"faces":{"down":{"uv":[4.5,0.0,6.5,4.75],"rotation":0,"texture":"#0","tintindex":0},"east":{"uv":[4.5,0.0,6.5,4.75],"rotation":0,"texture":"#0","tintindex":0},"north":{"uv":[6.5,0.0,4.5,4.75],"rotation":0,"texture":"#0","tintindex":0},"south":{"uv":[4.5,0.0,6.5,4.75],"rotation":0,"texture":"#0","tintindex":0},"up":{"uv":[4.5,0.0,6.5,4.75],"rotation":0,"texture":"#0","tintindex":0},"west":{"uv":[4.5,0.0,6.5,4.75],"rotation":0,"texture":"#0","tintindex":0}}},{"name":"cube","from":[11.3,12.799998,7.1006002],"to":[13.688,18.199999,9.4886],"rotation":{"angle":22.5,"axis":"z","origin":[3.35,10.549998,1.9999998]},"faces":{"down":{"uv":[3.5,9.75,4.495,12.0],"rotation":0,"texture":"#0","tintindex":0},"east":{"uv":[4.495,9.75,3.5,12.0],"rotation":0,"texture":"#0","tintindex":0},"north":{"uv":[3.5,9.75,4.495,12.0],"rotation":0,"texture":"#0","tintindex":0},"south":{"uv":[3.5,9.75,4.495,12.0],"rotation":0,"texture":"#0","tintindex":0},"up":{"uv":[3.5,9.75,4.495,12.0],"rotation":0,"texture":"#0","tintindex":0},"west":{"uv":[3.5,9.75,4.495,12.0],"rotation":0,"texture":"#0","tintindex":0}}},{"name":"cube","from":[2.1620002,12.799998,7.1012],"to":[4.5499997,19.399998,9.489201],"rotation":{"angle":-22.5,"axis":"z","origin":[12.95,10.549998,1.9999998]},"faces":{"down":{"uv":[4.495,8.0,3.5,8.995],"rotation":0,"texture":"#0","tintindex":0},"east":{"uv":[4.495,9.0,3.5,12.0],"rotation":0,"texture":"#0","tintindex":0},"north":{"uv":[4.495,9.0,3.5,12.0],"rotation":0,"texture":"#0","tintindex":0},"south":{"uv":[4.495,9.0,3.5,12.0],"rotation":0,"texture":"#0","tintindex":0},"up":{"uv":[4.495,9.0,3.5,12.0],"rotation":0,"texture":"#0","tintindex":0},"west":{"uv":[4.495,9.0,3.5,12.0],"rotation":0,"texture":"#0","tintindex":0}}},{"name":"cube","from":[3.9499998,23.75,7.7012],"to":[11.75,24.938,8.8892],"rotation":{"angle":-22.5,"axis":"z","origin":[12.95,10.549998,1.9999998]},"faces":{"down":{"uv":[3.495,8.5,3.0,11.75],"rotation":270,"texture":"#0","tintindex":0},"east":{"uv":[3.495,8.25,3.0,8.745],"rotation":270,"texture":"#0","tintindex":0},"north":{"uv":[3.495,8.5,3.0,11.75],"rotation":270,"texture":"#0","tintindex":0},"south":{"uv":[3.495,8.5,3.0,11.75],"rotation":270,"texture":"#0","tintindex":0},"up":{"uv":[3.495,8.5,3.0,11.75],"rotation":270,"texture":"#0","tintindex":0},"west":{"uv":[3.495,8.5,3.0,11.75],"rotation":270,"texture":"#0","tintindex":0}}},{"name":"cube","from":[12.662001,13.999999,7.7012],"to":[13.85,16.399998,8.8892],"rotation":{"angle":22.5,"axis":"z","origin":[12.95,10.549998,1.9999998]},"faces":{"down":{"uv":[11.245,4.0,10.75,4.495],"rotation":0,"texture":"#0","tintindex":0},"east":{"uv":[10.75,4.0,11.245,5.0],"rotation":0,"texture":"#0","tintindex":0},"north":{"uv":[11.245,4.0,10.75,5.0],"rotation":0,"texture":"#0","tintindex":0},"south":{"uv":[11.245,4.0,10.75,5.0],"rotation":0,"texture":"#0","tintindex":0},"up":{"uv":[11.245,4.0,10.75,5.0],"rotation":0,"texture":"#0","tintindex":0},"west":{"uv":[10.75,4.0,11.245,5.0],"rotation":0,"texture":"#0","tintindex":0}}},{"name":"cube","from":[9.530001,11.239999,7.1],"to":[9.530001,13.639998,9.5],"rotation":{"angle":22.5,"axis":"z","origin":[4.5499997,15.349998,11.6]},"faces":{"down":{"uv":[10.25,8.0,11.25,9.0],"rotation":0,"texture":"#0","tintindex":0},"east":{"uv":[3.5,13.5,2.5,14.5],"rotation":0,"texture":"#0","tintindex":0},"north":{"uv":[10.25,8.0,11.25,9.0],"rotation":0,"texture":"#0","tintindex":0},"south":{"uv":[10.25,8.0,11.25,9.0],"rotation":0,"texture":"#0","tintindex":0},"up":{"uv":[10.25,8.0,11.25,9.0],"rotation":0,"texture":"#0","tintindex":0},"west":{"uv":[1.25,13.5,2.25,14.5],"rotation":0,"texture":"#0","tintindex":0}}},{"name":"cube","from":[9.530001,10.639998,9.5],"to":[11.93,13.639998,9.5],"rotation":{"angle":22.5,"axis":"z","origin":[4.5499997,15.349998,11.6]},"faces":{"down":{"uv":[10.25,8.0,11.25,9.0],"rotation":0,"texture":"#0","tintindex":0},"east":{"uv":[10.25,8.0,11.25,9.0],"rotation":0,"texture":"#0","tintindex":0},"north":{"uv":[2.25,13.5,1.25,14.75],"rotation":0,"texture":"#0","tintindex":0},"south":{"uv":[1.25,13.5,2.25,14.75],"rotation":0,"texture":"#0","tintindex":0},"up":{"uv":[10.25,8.0,11.25,9.0],"rotation":0,"texture":"#0","tintindex":0},"west":{"uv":[10.25,8.0,11.25,9.0],"rotation":0,"texture":"#0","tintindex":0}}},{"name":"cube","from":[5.48,18.59,11.900001],"to":[10.280001,21.59,11.900001],"rotation":{"angle":-22.5,"axis":"x","origin":[4.5499997,15.349998,11.6]},"faces":{"down":{"uv":[10.25,8.0,11.25,9.0],"rotation":0,"texture":"#0","tintindex":0},"east":{"uv":[10.25,8.0,11.25,9.0],"rotation":0,"texture":"#0","tintindex":0},"north":{"uv":[9.0,0.0,11.0,1.0],"rotation":0,"texture":"#0","tintindex":0},"south":{"uv":[1.0,12.0,3.0,13.25],"rotation":0,"texture":"#0","tintindex":0},"up":{"uv":[10.25,8.0,11.25,9.0],"rotation":0,"texture":"#0","tintindex":0},"west":{"uv":[10.25,8.0,11.25,9.0],"rotation":0,"texture":"#0","tintindex":0}}},{"name":"cube","from":[5.48,15.889999,5.1499996],"to":[10.280001,18.89,5.1499996],"rotation":{"angle":22.5,"axis":"x","origin":[4.5499997,15.349998,11.6]},"faces":{"down":{"uv":[10.25,8.0,11.25,9.0],"rotation":0,"texture":"#0","tintindex":0},"east":{"uv":[10.25,8.0,11.25,9.0],"rotation":0,"texture":"#0","tintindex":0},"north":{"uv":[1.0,12.0,3.0,13.25],"rotation":0,"texture":"#0","tintindex":0},"south":{"uv":[1.0,12.0,3.0,13.25],"rotation":0,"texture":"#0","tintindex":0},"up":{"uv":[10.25,8.0,11.25,9.0],"rotation":0,"texture":"#0","tintindex":0},"west":{"uv":[10.25,8.0,11.25,9.0],"rotation":0,"texture":"#0","tintindex":0}}},{"name":"cube","from":[11.93,11.239999,7.1],"to":[11.93,13.639998,9.5],"rotation":{"angle":22.5,"axis":"z","origin":[4.5499997,15.349998,11.6]},"faces":{"down":{"uv":[10.25,8.0,11.25,9.0],"rotation":0,"texture":"#0","tintindex":0},"east":{"uv":[2.5,13.5,3.5,14.5],"rotation":0,"texture":"#0","tintindex":0},"north":{"uv":[10.25,8.0,11.25,9.0],"rotation":0,"texture":"#0","tintindex":0},"south":{"uv":[10.25,8.0,11.25,9.0],"rotation":0,"texture":"#0","tintindex":0},"up":{"uv":[10.25,8.0,11.25,9.0],"rotation":0,"texture":"#0","tintindex":0},"west":{"uv":[3.5,13.5,2.5,14.5],"rotation":0,"texture":"#0","tintindex":0}}},{"name":"cube","from":[12.08,13.939999,7.1],"to":[12.08,14.539999,9.5],"rotation":{"angle":22.5,"axis":"z","origin":[4.5499997,15.349998,11.6]},"faces":{"down":{"uv":[10.25,8.0,11.25,8.0],"rotation":90,"texture":"#0","tintindex":0},"east":{"uv":[3.75,13.5,4.75,13.75],"rotation":0,"texture":"#0","tintindex":0},"north":{"uv":[10.25,8.0,11.25,9.0],"rotation":0,"texture":"#0","tintindex":0},"south":{"uv":[10.25,8.0,11.25,9.0],"rotation":0,"texture":"#0","tintindex":0},"up":{"uv":[10.25,8.0,11.25,9.0],"rotation":0,"texture":"#0","tintindex":0},"west":{"uv":[3.75,13.5,4.75,13.75],"rotation":0,"texture":"#0","tintindex":0}}},{"name":"cube","from":[9.530001,13.939999,6.95],"to":[11.93,14.539999,6.95],"rotation":{"angle":22.5,"axis":"z","origin":[4.5499997,15.349998,11.6]},"faces":{"down":{"uv":[10.25,8.0,11.25,8.0],"rotation":90,"texture":"#0","tintindex":0},"east":{"uv":[3.75,13.5,4.0,13.5],"rotation":90,"texture":"#0","tintindex":0},"north":{"uv":[4.75,13.5,3.75,13.75],"rotation":0,"texture":"#0","tintindex":0},"south":{"uv":[3.75,13.5,4.75,13.75],"rotation":0,"texture":"#0","tintindex":0},"up":{"uv":[10.25,8.0,11.25,9.0],"rotation":0,"texture":"#0","tintindex":0},"west":{"uv":[3.75,13.5,4.75,13.75],"rotation":0,"texture":"#0","tintindex":0}}},{"name":"cube","from":[9.530001,13.939999,9.65],"to":[11.93,14.539999,9.65],"rotation":{"angle":22.5,"axis":"z","origin":[4.5499997,15.349998,11.6]},"faces":{"down":{"uv":[10.25,8.0,11.25,8.0],"rotation":90,"texture":"#0","tintindex":0},"east":{"uv":[3.75,13.5,4.0,13.5],"rotation":90,"texture":"#0","tintindex":0},"north":{"uv":[4.75,13.5,3.75,13.75],"rotation":0,"texture":"#0","tintindex":0},"south":{"uv":[3.75,13.5,4.75,13.75],"rotation":0,"texture":"#0","tintindex":0},"up":{"uv":[10.25,8.0,11.25,9.0],"rotation":0,"texture":"#0","tintindex":0},"west":{"uv":[3.75,13.5,4.75,13.75],"rotation":0,"texture":"#0","tintindex":0}}},{"name":"cube","from":[9.38,13.939999,7.1],"to":[9.38,14.539999,9.5],"rotation":{"angle":22.5,"axis":"z","origin":[4.5499997,15.349998,11.6]},"faces":{"down":{"uv":[10.25,8.0,11.25,8.0],"rotation":90,"texture":"#0","tintindex":0},"east":{"uv":[3.75,13.5,4.75,13.75],"rotation":0,"texture":"#0","tintindex":0},"north":{"uv":[10.25,8.0,11.25,9.0],"rotation":0,"texture":"#0","tintindex":0},"south":{"uv":[10.25,8.0,11.25,9.0],"rotation":0,"texture":"#0","tintindex":0},"up":{"uv":[10.25,8.0,11.25,9.0],"rotation":0,"texture":"#0","tintindex":0},"west":{"uv":[3.75,13.5,4.75,13.75],"rotation":0,"texture":"#0","tintindex":0}}},{"name":"cube","from":[12.62,12.889998,7.1],"to":[12.62,15.289999,9.5],"rotation":{"angle":45.0,"axis":"z","origin":[4.5499997,15.349998,11.6]},"faces":{"down":{"uv":[10.25,8.0,11.25,9.0],"rotation":0,"texture":"#0","tintindex":0},"east":{"uv":[3.5,13.5,2.5,14.5],"rotation":0,"texture":"#0","tintindex":0},"north":{"uv":[10.25,8.0,11.25,9.0],"rotation":0,"texture":"#0","tintindex":0},"south":{"uv":[10.25,8.0,11.25,9.0],"rotation":0,"texture":"#0","tintindex":0},"up":{"uv":[10.25,8.0,11.25,9.0],"rotation":0,"texture":"#0","tintindex":0},"west":{"uv":[2.5,13.5,3.5,14.5],"rotation":0,"texture":"#0","tintindex":0}}},{"name":"cube","from":[-1.6060004,24.439999,7.1],"to":[-1.6060004,26.84,9.5],"rotation":{"angle":-45.0,"axis":"z","origin":[-5.05,15.349998,1.9999998]},"faces":{"down":{"uv":[11.25,9.0,10.25,8.0],"rotation":0,"texture":"#0","tintindex":0},"east":{"uv":[3.5,13.5,2.5,14.5],"rotation":0,"texture":"#0","tintindex":0},"north":{"uv":[10.25,8.0,11.25,9.0],"rotation":0,"texture":"#0","tintindex":0},"south":{"uv":[10.25,8.0,11.25,9.0],"rotation":0,"texture":"#0","tintindex":0},"up":{"uv":[11.25,9.0,10.25,8.0],"rotation":0,"texture":"#0","tintindex":0},"west":{"uv":[2.5,13.5,3.5,14.5],"rotation":0,"texture":"#0","tintindex":0}}},{"name":"cube","from":[-1.3000002,29.599998,7.0994],"to":[5.8999996,32.0,9.499401],"rotation":{"angle":-22.5,"axis":"z","origin":[-3.8500004,10.549998,11.6]},"faces":{"down":{"uv":[0.0,8.0,3.0,9.0],"rotation":0,"texture":"#0","tintindex":0},"east":{"uv":[0.0,12.0,1.0,13.0],"rotation":0,"texture":"#0","tintindex":0},"north":{"uv":[3.0,8.0,0.0,9.0],"rotation":0,"texture":"#0","tintindex":0},"south":{"uv":[0.0,8.0,3.0,9.0],"rotation":0,"texture":"#0","tintindex":0},"up":{"uv":[0.0,9.0,3.0,8.0],"rotation":0,"texture":"#0","tintindex":0},"west":{"uv":[0.0,8.0,3.0,9.0],"rotation":0,"texture":"#0","tintindex":0}}},{"name":"cube","from":[10.16,26.75,9.49994],"to":[13.160001,29.149998,9.49994],"rotation":{"angle":-22.5,"axis":"z","origin":[4.5499997,15.349998,11.6]},"faces":{"down":{"uv":[11.25,9.0,10.25,8.0],"rotation":90,"texture":"#0","tintindex":0},"east":{"uv":[11.25,9.0,10.25,8.0],"rotation":0,"texture":"#0","tintindex":0},"north":{"uv":[1.0,13.5,0.0,14.75],"rotation":90,"texture":"#0","tintindex":0},"south":{"uv":[0.0,13.5,1.0,14.75],"rotation":270,"texture":"#0","tintindex":0},"up":{"uv":[11.25,9.0,10.25,8.0],"rotation":90,"texture":"#0","tintindex":0},"west":{"uv":[11.25,9.0,10.25,8.0],"rotation":180,"texture":"#0","tintindex":0}}},{"name":"cube","from":[10.16,26.75,7.1],"to":[13.160001,29.149998,7.1],"rotation":{"angle":-22.5,"axis":"z","origin":[4.5499997,15.349998,11.6]},"faces":{"down":{"uv":[11.25,9.0,10.25,8.0],"rotation":90,"texture":"#0","tintindex":0},"east":{"uv":[11.25,9.0,10.25,8.0],"rotation":0,"texture":"#0","tintindex":0},"north":{"uv":[1.0,13.5,0.0,14.75],"rotation":90,"texture":"#0","tintindex":0},"south":{"uv":[0.0,13.5,1.0,14.75],"rotation":270,"texture":"#0","tintindex":0},"up":{"uv":[11.25,9.0,10.25,8.0],"rotation":90,"texture":"#0","tintindex":0},"west":{"uv":[11.25,9.0,10.25,8.0],"rotation":180,"texture":"#0","tintindex":0}}},{"name":"cube","from":[9.860001,26.75,6.95],"to":[10.460001,29.149998,6.95],"rotation":{"angle":-22.5,"axis":"z","origin":[4.5499997,15.349998,11.6]},"faces":{"down":{"uv":[4.75,13.5,3.75,13.75],"rotation":90,"texture":"#0","tintindex":0},"east":{"uv":[4.75,13.5,3.75,13.75],"rotation":90,"texture":"#0","tintindex":0},"north":{"uv":[4.75,13.5,3.75,13.75],"rotation":90,"texture":"#0","tintindex":0},"south":{"uv":[4.75,13.5,3.75,13.75],"rotation":90,"texture":"#0","tintindex":0},"up":{"uv":[4.75,13.5,3.75,13.75],"rotation":90,"texture":"#0","tintindex":0},"west":{"uv":[4.75,13.5,3.75,13.75],"rotation":90,"texture":"#0","tintindex":0}}},{"name":"cube","from":[9.860001,26.75,9.65],"to":[10.460001,29.149998,9.65],"rotation":{"angle":-22.5,"axis":"z","origin":[4.5499997,15.349998,11.6]},"faces":{"down":{"uv":[4.75,13.5,3.75,13.75],"rotation":90,"texture":"#0","tintindex":0},"east":{"uv":[4.75,13.5,3.75,13.75],"rotation":90,"texture":"#0","tintindex":0},"north":{"uv":[3.75,13.5,4.75,13.75],"rotation":90,"texture":"#0","tintindex":0},"south":{"uv":[3.75,13.5,4.75,13.75],"rotation":90,"texture":"#0","tintindex":0},"up":{"uv":[4.75,13.5,3.75,13.75],"rotation":90,"texture":"#0","tintindex":0},"west":{"uv":[4.75,13.5,3.75,13.75],"rotation":90,"texture":"#0","tintindex":0}}},{"name":"cube","from":[10.16,29.149998,7.1],"to":[13.01,29.149998,9.5],"rotation":{"angle":-22.5,"axis":"z","origin":[4.5499997,15.349998,11.6]},"faces":{"down":{"uv":[2.25,14.6875,1.25,13.5],"rotation":90,"texture":"#0","tintindex":0},"east":{"uv":[11.25,9.0,10.25,8.0],"rotation":90,"texture":"#0","tintindex":0},"north":{"uv":[10.25,8.0,11.25,9.0],"rotation":90,"texture":"#0","tintindex":0},"south":{"uv":[10.25,8.0,11.25,9.0],"rotation":270,"texture":"#0","tintindex":0},"up":{"uv":[2.5,14.6875,3.5,13.5],"rotation":90,"texture":"#0","tintindex":0},"west":{"uv":[11.25,9.0,10.25,8.0],"rotation":90,"texture":"#0","tintindex":0}}},{"name":"cube","from":[9.860001,29.3,7.1],"to":[10.460001,29.3,9.5],"rotation":{"angle":-22.5,"axis":"z","origin":[4.5499997,15.349998,11.6]},"faces":{"down":{"uv":[4.75,13.75,3.75,13.5],"rotation":90,"texture":"#0","tintindex":0},"east":{"uv":[11.25,9.0,10.25,8.0],"rotation":90,"texture":"#0","tintindex":0},"north":{"uv":[10.25,8.0,11.25,9.0],"rotation":90,"texture":"#0","tintindex":0},"south":{"uv":[10.25,8.0,11.25,9.0],"rotation":270,"texture":"#0","tintindex":0},"up":{"uv":[4.75,13.75,3.75,13.5],"rotation":90,"texture":"#0","tintindex":0},"west":{"uv":[11.25,9.0,10.25,8.0],"rotation":90,"texture":"#0","tintindex":0}}},{"name":"cube","from":[9.860001,26.599998,7.1],"to":[10.460001,26.599998,9.5],"rotation":{"angle":-22.5,"axis":"z","origin":[4.5499997,15.349998,11.6]},"faces":{"down":{"uv":[3.75,13.75,4.75,13.5],"rotation":90,"texture":"#0","tintindex":0},"east":{"uv":[11.25,9.0,10.25,8.0],"rotation":90,"texture":"#0","tintindex":0},"north":{"uv":[10.25,8.0,11.25,9.0],"rotation":90,"texture":"#0","tintindex":0},"south":{"uv":[10.25,8.0,11.25,9.0],"rotation":270,"texture":"#0","tintindex":0},"up":{"uv":[3.75,13.75,4.75,13.5],"rotation":90,"texture":"#0","tintindex":0},"west":{"uv":[11.25,9.0,10.25,8.0],"rotation":90,"texture":"#0","tintindex":0}}},{"name":"cube","from":[10.16,26.75,7.1],"to":[13.160001,26.75,9.5],"rotation":{"angle":-22.5,"axis":"z","origin":[4.5499997,15.349998,11.6]},"faces":{"down":{"uv":[2.25,14.75,1.25,13.5],"rotation":90,"texture":"#0","tintindex":0},"east":{"uv":[11.25,9.0,10.25,8.0],"rotation":90,"texture":"#0","tintindex":0},"north":{"uv":[10.25,8.0,11.25,9.0],"rotation":90,"texture":"#0","tintindex":0},"south":{"uv":[10.25,8.0,11.25,9.0],"rotation":270,"texture":"#0","tintindex":0},"up":{"uv":[2.25,14.5,1.25,13.5],"rotation":90,"texture":"#0","tintindex":0},"west":{"uv":[11.25,9.0,10.25,8.0],"rotation":90,"texture":"#0","tintindex":0}}},{"name":"cube","from":[3.73877,25.527405,9.65],"to":[4.33877,27.927402,9.65],"rotation":{"angle":22.5,"axis":"z","origin":[7.25,18.95,6.2]},"faces":{"down":{"uv":[4.75,13.75,3.75,13.5],"rotation":90,"texture":"#0","tintindex":0},"east":{"uv":[4.75,13.75,3.75,13.5],"rotation":90,"texture":"#0","tintindex":0},"north":{"uv":[3.75,13.75,4.75,13.5],"rotation":90,"texture":"#0","tintindex":0},"south":{"uv":[3.75,13.75,4.75,13.5],"rotation":90,"texture":"#0","tintindex":0},"up":{"uv":[4.75,13.75,3.75,13.5],"rotation":90,"texture":"#0","tintindex":0},"west":{"uv":[4.75,13.75,3.75,13.5],"rotation":90,"texture":"#0","tintindex":0}}},{"name":"cube","from":[5.822474,25.52824,7.0994],"to":[13.022473,27.928246,9.499401],"rotation":{"angle":22.5,"axis":"z","origin":[7.25,18.95,6.2]},"faces":{"down":{"uv":[3.0,8.0,0.0,9.0],"rotation":0,"texture":"#0","tintindex":0},"east":{"uv":[3.0,8.0,0.0,9.0],"rotation":0,"texture":"#0","tintindex":0},"north":{"uv":[0.0,8.0,3.0,9.0],"rotation":0,"texture":"#0","tintindex":0},"south":{"uv":[3.0,8.0,0.0,9.0],"rotation":0,"texture":"#0","tintindex":0},"up":{"uv":[3.0,9.0,0.0,8.0],"rotation":0,"texture":"#0","tintindex":0},"west":{"uv":[1.0,12.0,0.0,13.0],"rotation":0,"texture":"#0","tintindex":0}}},{"name":"cube","from":[1.2513015,26.107323,7.7012],"to":[9.051302,27.295322,8.8892],"rotation":{"angle":22.5,"axis":"z","origin":[7.25,18.95,6.2]},"faces":{"down":{"uv":[3.495,11.75,3.0,8.5],"rotation":270,"texture":"#0","tintindex":0},"east":{"uv":[3.495,11.75,3.0,8.5],"rotation":270,"texture":"#0","tintindex":0},"north":{"uv":[3.495,11.75,3.0,8.5],"rotation":270,"texture":"#0","tintindex":0},"south":{"uv":[3.495,11.75,3.0,8.5],"rotation":270,"texture":"#0","tintindex":0},"up":{"uv":[3.495,11.75,3.0,8.5],"rotation":270,"texture":"#0","tintindex":0},"west":{"uv":[3.495,8.745,3.0,8.25],"rotation":270,"texture":"#0","tintindex":0}}},{"name":"cube","from":[1.1887698,27.927402,7.1],"to":[4.0387697,27.927402,9.5],"rotation":{"angle":22.5,"axis":"z","origin":[7.25,18.95,6.2]},"faces":{"down":{"uv":[2.25,13.5,1.25,14.6875],"rotation":90,"texture":"#0","tintindex":0},"east":{"uv":[11.25,8.0,10.25,9.0],"rotation":90,"texture":"#0","tintindex":0},"north":{"uv":[10.25,9.0,11.25,8.0],"rotation":90,"texture":"#0","tintindex":0},"south":{"uv":[10.25,9.0,11.25,8.0],"rotation":270,"texture":"#0","tintindex":0},"up":{"uv":[2.5,13.5,3.5,14.6875],"rotation":90,"texture":"#0","tintindex":0},"west":{"uv":[11.25,8.0,10.25,9.0],"rotation":90,"texture":"#0","tintindex":0}}},{"name":"cube","from":[3.73877,28.077404,7.1],"to":[4.33877,28.077404,9.5],"rotation":{"angle":22.5,"axis":"z","origin":[7.25,18.95,6.2]},"faces":{"down":{"uv":[4.75,13.5,3.75,13.75],"rotation":90,"texture":"#0","tintindex":0},"east":{"uv":[11.25,8.0,10.25,9.0],"rotation":90,"texture":"#0","tintindex":0},"north":{"uv":[10.25,9.0,11.25,8.0],"rotation":90,"texture":"#0","tintindex":0},"south":{"uv":[10.25,9.0,11.25,8.0],"rotation":270,"texture":"#0","tintindex":0},"up":{"uv":[4.75,13.5,3.75,13.75],"rotation":90,"texture":"#0","tintindex":0},"west":{"uv":[11.25,8.0,10.25,9.0],"rotation":90,"texture":"#0","tintindex":0}}},{"name":"cube","from":[1.0387697,25.527405,9.49994],"to":[4.0387697,27.927402,9.49994],"rotation":{"angle":22.5,"axis":"z","origin":[7.25,18.95,6.2]},"faces":{"down":{"uv":[11.25,8.0,10.25,9.0],"rotation":90,"texture":"#0","tintindex":0},"east":{"uv":[10.25,9.0,11.25,8.0],"rotation":180,"texture":"#0","tintindex":0},"north":{"uv":[1.0,14.75,0.0,13.5],"rotation":90,"texture":"#0","tintindex":0},"south":{"uv":[0.0,14.75,1.0,13.5],"rotation":270,"texture":"#0","tintindex":0},"up":{"uv":[11.25,8.0,10.25,9.0],"rotation":90,"texture":"#0","tintindex":0},"west":{"uv":[10.25,9.0,11.25,8.0],"rotation":0,"texture":"#0","tintindex":0}}},{"name":"cube","from":[3.73877,25.527405,6.95],"to":[4.33877,27.927402,6.95],"rotation":{"angle":22.5,"axis":"z","origin":[7.25,18.95,6.2]},"faces":{"down":{"uv":[4.75,13.75,3.75,13.5],"rotation":90,"texture":"#0","tintindex":0},"east":{"uv":[4.75,13.75,3.75,13.5],"rotation":90,"texture":"#0","tintindex":0},"north":{"uv":[4.75,13.75,3.75,13.5],"rotation":90,"texture":"#0","tintindex":0},"south":{"uv":[4.75,13.75,3.75,13.5],"rotation":90,"texture":"#0","tintindex":0},"up":{"uv":[4.75,13.75,3.75,13.5],"rotation":90,"texture":"#0","tintindex":0},"west":{"uv":[4.75,13.75,3.75,13.5],"rotation":90,"texture":"#0","tintindex":0}}},{"name":"cube","from":[1.0387697,25.527405,7.1],"to":[4.0387697,27.927402,7.1],"rotation":{"angle":22.5,"axis":"z","origin":[7.25,18.95,6.2]},"faces":{"down":{"uv":[11.25,8.0,10.25,9.0],"rotation":90,"texture":"#0","tintindex":0},"east":{"uv":[10.25,9.0,11.25,8.0],"rotation":180,"texture":"#0","tintindex":0},"north":{"uv":[1.0,14.75,0.0,13.5],"rotation":90,"texture":"#0","tintindex":0},"south":{"uv":[0.0,14.75,1.0,13.5],"rotation":270,"texture":"#0","tintindex":0},"up":{"uv":[11.25,8.0,10.25,9.0],"rotation":90,"texture":"#0","tintindex":0},"west":{"uv":[10.25,9.0,11.25,8.0],"rotation":0,"texture":"#0","tintindex":0}}},{"name":"cube","from":[3.73877,25.377403,7.1],"to":[4.33877,25.377403,9.5],"rotation":{"angle":22.5,"axis":"z","origin":[7.25,18.95,6.2]},"faces":{"down":{"uv":[3.75,13.5,4.75,13.75],"rotation":90,"texture":"#0","tintindex":0},"east":{"uv":[11.25,8.0,10.25,9.0],"rotation":90,"texture":"#0","tintindex":0},"north":{"uv":[10.25,9.0,11.25,8.0],"rotation":90,"texture":"#0","tintindex":0},"south":{"uv":[10.25,9.0,11.25,8.0],"rotation":270,"texture":"#0","tintindex":0},"up":{"uv":[3.75,13.5,4.75,13.75],"rotation":90,"texture":"#0","tintindex":0},"west":{"uv":[11.25,8.0,10.25,9.0],"rotation":90,"texture":"#0","tintindex":0}}},{"name":"cube","from":[1.0387697,25.527405,7.1],"to":[4.0387697,25.527405,9.5],"rotation":{"angle":22.5,"axis":"z","origin":[7.25,18.95,6.2]},"faces":{"down":{"uv":[2.25,13.5,1.25,14.75],"rotation":90,"texture":"#0","tintindex":0},"east":{"uv":[11.25,8.0,10.25,9.0],"rotation":90,"texture":"#0","tintindex":0},"north":{"uv":[10.25,9.0,11.25,8.0],"rotation":90,"texture":"#0","tintindex":0},"south":{"uv":[10.25,9.0,11.25,8.0],"rotation":270,"texture":"#0","tintindex":0},"up":{"uv":[2.25,13.5,1.25,14.5],"rotation":90,"texture":"#0","tintindex":0},"west":{"uv":[11.25,8.0,10.25,9.0],"rotation":90,"texture":"#0","tintindex":0}}},{"name":"cube","from":[9.530001,10.039999,7.1],"to":[11.93,13.639998,7.1],"rotation":{"angle":22.5,"axis":"z","origin":[4.5499997,15.349998,11.6]},"faces":{"down":{"uv":[1.0,0.0,2.0,0.0],"rotation":0,"texture":"#0","tintindex":0},"east":{"uv":[0.0,0.0,0.0,1.0],"rotation":0,"texture":"#0","tintindex":0},"north":{"uv":[1.25,13.5,2.25,15.0],"rotation":0,"texture":"#0","tintindex":0},"south":{"uv":[2.25,13.5,1.25,15.0],"rotation":0,"texture":"#0","tintindex":0},"up":{"uv":[1.0,0.0,2.0,0.0],"rotation":0,"texture":"#0","tintindex":0},"west":{"uv":[1.75,4.5,1.75,5.5],"rotation":0,"texture":"#0","tintindex":0}}},{"name":"cube","from":[2.8699996,15.739998,7.1],"to":[5.2699995,19.34,7.1],"rotation":{"angle":-22.5,"axis":"z","origin":[-2.9500003,15.349998,11.6]},"faces":{"down":{"uv":[2.0,0.0,1.0,0.0],"rotation":0,"texture":"#0","tintindex":0},"east":{"uv":[1.75,4.5,1.75,5.5],"rotation":0,"texture":"#0","tintindex":0},"north":{"uv":[2.25,13.5,1.25,15.0],"rotation":0,"texture":"#0","tintindex":0},"south":{"uv":[1.25,13.5,2.25,15.0],"rotation":0,"texture":"#0","tintindex":0},"up":{"uv":[2.0,0.0,1.0,0.0],"rotation":0,"texture":"#0","tintindex":0},"west":{"uv":[0.0,0.0,0.0,1.0],"rotation":0,"texture":"#0","tintindex":0}}},{"name":"cube","from":[5.2699995,16.789999,7.1],"to":[5.2699995,19.189999,9.5],"rotation":{"angle":-22.5,"axis":"z","origin":[-2.9500003,15.349998,11.6]},"faces":{"down":{"uv":[11.25,8.0,10.25,9.0],"rotation":0,"texture":"#0","tintindex":0},"east":{"uv":[2.25,13.5,1.25,14.5],"rotation":0,"texture":"#0","tintindex":0},"north":{"uv":[11.25,8.0,10.25,9.0],"rotation":0,"texture":"#0","tintindex":0},"south":{"uv":[11.25,8.0,10.25,9.0],"rotation":0,"texture":"#0","tintindex":0},"up":{"uv":[11.25,8.0,10.25,9.0],"rotation":0,"texture":"#0","tintindex":0},"west":{"uv":[2.5,13.5,3.5,14.5],"rotation":0,"texture":"#0","tintindex":0}}},{"name":"cube","from":[2.8699996,16.189999,9.5],"to":[5.2699995,19.189999,9.5],"rotation":{"angle":-22.5,"axis":"z","origin":[-2.9500003,15.349998,11.6]},"faces":{"down":{"uv":[11.25,8.0,10.25,9.0],"rotation":0,"texture":"#0","tintindex":0},"east":{"uv":[11.25,8.0,10.25,9.0],"rotation":0,"texture":"#0","tintindex":0},"north":{"uv":[1.25,13.5,2.25,14.75],"rotation":0,"texture":"#0","tintindex":0},"south":{"uv":[2.25,13.5,1.25,14.75],"rotation":0,"texture":"#0","tintindex":0},"up":{"uv":[11.25,8.0,10.25,9.0],"rotation":0,"texture":"#0","tintindex":0},"west":{"uv":[11.25,8.0,10.25,9.0],"rotation":0,"texture":"#0","tintindex":0}}},{"name":"cube","from":[2.8699996,16.789999,7.1],"to":[2.8699996,19.189999,9.5],"rotation":{"angle":-22.5,"axis":"z","origin":[-2.9500003,15.349998,11.6]},"faces":{"down":{"uv":[11.25,8.0,10.25,9.0],"rotation":0,"texture":"#0","tintindex":0},"east":{"uv":[2.5,13.5,3.5,14.5],"rotation":0,"texture":"#0","tintindex":0},"north":{"uv":[11.25,8.0,10.25,9.0],"rotation":0,"texture":"#0","tintindex":0},"south":{"uv":[11.25,8.0,10.25,9.0],"rotation":0,"texture":"#0","tintindex":0},"up":{"uv":[11.25,8.0,10.25,9.0],"rotation":0,"texture":"#0","tintindex":0},"west":{"uv":[3.5,13.5,2.5,14.5],"rotation":0,"texture":"#0","tintindex":0}}},{"name":"cube","from":[0.9499998,19.55,7.7012],"to":[2.1379995,21.95,8.8892],"rotation":{"angle":-22.5,"axis":"z","origin":[-11.35,10.549998,1.9999998]},"faces":{"down":{"uv":[10.75,4.0,11.245,4.495],"rotation":0,"texture":"#0","tintindex":0},"east":{"uv":[11.245,4.0,10.75,5.0],"rotation":0,"texture":"#0","tintindex":0},"north":{"uv":[10.75,4.0,11.245,5.0],"rotation":0,"texture":"#0","tintindex":0},"south":{"uv":[10.75,4.0,11.245,5.0],"rotation":0,"texture":"#0","tintindex":0},"up":{"uv":[10.75,4.0,11.245,5.0],"rotation":0,"texture":"#0","tintindex":0},"west":{"uv":[11.245,4.0,10.75,5.0],"rotation":0,"texture":"#0","tintindex":0}}},{"name":"cube","from":[2.8699996,19.489998,6.95],"to":[5.2699995,20.09,6.95],"rotation":{"angle":-22.5,"axis":"z","origin":[-2.9500003,15.349998,11.6]},"faces":{"down":{"uv":[10.25,8.0,11.25,8.0],"rotation":90,"texture":"#0","tintindex":0},"east":{"uv":[4.75,13.5,3.75,13.75],"rotation":0,"texture":"#0","tintindex":0},"north":{"uv":[3.75,13.5,4.75,13.75],"rotation":0,"texture":"#0","tintindex":0},"south":{"uv":[4.75,13.5,3.75,13.75],"rotation":0,"texture":"#0","tintindex":0},"up":{"uv":[11.25,8.0,10.25,9.0],"rotation":0,"texture":"#0","tintindex":0},"west":{"uv":[3.75,13.5,4.0,13.5],"rotation":90,"texture":"#0","tintindex":0}}},{"name":"cube","from":[5.42,19.489998,7.1],"to":[5.42,20.09,9.5],"rotation":{"angle":-22.5,"axis":"z","origin":[-2.9500003,15.349998,11.6]},"faces":{"down":{"uv":[10.25,8.0,11.25,8.0],"rotation":90,"texture":"#0","tintindex":0},"east":{"uv":[4.75,13.5,3.75,13.75],"rotation":0,"texture":"#0","tintindex":0},"north":{"uv":[11.25,8.0,10.25,9.0],"rotation":0,"texture":"#0","tintindex":0},"south":{"uv":[11.25,8.0,10.25,9.0],"rotation":0,"texture":"#0","tintindex":0},"up":{"uv":[11.25,8.0,10.25,9.0],"rotation":0,"texture":"#0","tintindex":0},"west":{"uv":[4.75,13.5,3.75,13.75],"rotation":0,"texture":"#0","tintindex":0}}},{"name":"cube","from":[2.8699996,19.489998,9.65],"to":[5.2699995,20.09,9.65],"rotation":{"angle":-22.5,"axis":"z","origin":[-2.9500003,15.349998,11.6]},"faces":{"down":{"uv":[10.25,8.0,11.25,8.0],"rotation":90,"texture":"#0","tintindex":0},"east":{"uv":[4.75,13.5,3.75,13.75],"rotation":0,"texture":"#0","tintindex":0},"north":{"uv":[3.75,13.5,4.75,13.75],"rotation":0,"texture":"#0","tintindex":0},"south":{"uv":[4.75,13.5,3.75,13.75],"rotation":0,"texture":"#0","tintindex":0},"up":{"uv":[11.25,8.0,10.25,9.0],"rotation":0,"texture":"#0","tintindex":0},"west":{"uv":[3.75,13.5,4.0,13.5],"rotation":90,"texture":"#0","tintindex":0}}},{"name":"cube","from":[2.7199998,19.489998,7.1],"to":[2.7199998,20.09,9.5],"rotation":{"angle":-22.5,"axis":"z","origin":[-2.9500003,15.349998,11.6]},"faces":{"down":{"uv":[10.25,8.0,11.25,8.0],"rotation":90,"texture":"#0","tintindex":0},"east":{"uv":[4.75,13.5,3.75,13.75],"rotation":0,"texture":"#0","tintindex":0},"north":{"uv":[11.25,8.0,10.25,9.0],"rotation":0,"texture":"#0","tintindex":0},"south":{"uv":[11.25,8.0,10.25,9.0],"rotation":0,"texture":"#0","tintindex":0},"up":{"uv":[11.25,8.0,10.25,9.0],"rotation":0,"texture":"#0","tintindex":0},"west":{"uv":[4.75,13.5,3.75,13.75],"rotation":0,"texture":"#0","tintindex":0}}},{"name":"cube","from":[4.25,19.7,6.95],"to":[11.45,27.5,6.95],"rotation":{"angle":0.0,"axis":"x","origin":[8.0,7.0999985,8.0]},"faces":{"down":{"uv":[13.0,11.5,16.0,14.75],"rotation":0,"texture":"#0","tintindex":0},"east":{"uv":[13.0,11.5,16.0,14.75],"rotation":0,"texture":"#0","tintindex":0},"north":{"uv":[6.75,11.5,9.75,14.75],"rotation":0,"texture":"#0","tintindex":0},"south":{"uv":[6.75,11.5,9.75,14.75],"rotation":0,"texture":"#0","tintindex":0},"up":{"uv":[13.0,11.5,16.0,14.75],"rotation":0,"texture":"#0","tintindex":0},"west":{"uv":[13.0,11.5,16.0,14.75],"rotation":0,"texture":"#0","tintindex":0}}}],"display":{"head":{"translation":[0.0,-3.0399945,0.0],"rotation":[0.0,0.0,0.0],"scale":[3.8095,3.8095,3.8095]}}}