{
	"credit": "Made by LZLeon with Blockbench, Contact - Discord: LZBlocks#0261 - E-Mail: lzblocks@outlook.com",
	"texture_size": [64, 64],
	"textures": {
		"0": "lzfurniture:medievalroyal_chair",
		"particle": "lzfurniture:medievalroyal_chair"
	},
	"elements": [
		{
			"name": "Element",
			"from": [1, 8, 1],
			"to": [15, 10, 15],
			"faces": {
				"north": {"uv": [3.5, 3.5, 7, 4], "texture": "#0"},
				"east": {"uv": [0, 3.5, 3.5, 4], "texture": "#0"},
				"south": {"uv": [10.5, 3.5, 14, 4], "texture": "#0"},
				"west": {"uv": [7, 3.5, 10.5, 4], "texture": "#0"},
				"up": {"uv": [7, 3.5, 3.5, 0], "texture": "#0"},
				"down": {"uv": [10.5, 0, 7, 3.5], "texture": "#0"}
			}
		},
		{
			"name": "Element",
			"from": [1.5, 0, 1.5],
			"to": [3.5, 24, 3.5],
			"faces": {
				"north": {"uv": [2.75, 4.75, 3.25, 10.75], "texture": "#0"},
				"east": {"uv": [2.25, 4.75, 2.75, 10.75], "texture": "#0"},
				"south": {"uv": [3.75, 4.75, 4.25, 10.75], "texture": "#0"},
				"west": {"uv": [3.25, 4.75, 3.75, 10.75], "texture": "#0"},
				"up": {"uv": [3.25, 4.75, 2.75, 4.25], "texture": "#0"},
				"down": {"uv": [3.75, 4.25, 3.25, 4.75], "texture": "#0"}
			}
		},
		{
			"name": "Element",
			"from": [1.5, 0, 12.5],
			"to": [3.5, 8, 14.5],
			"faces": {
				"north": {"uv": [5, 10.75, 5.5, 12.75], "texture": "#0"},
				"east": {"uv": [4.5, 10.75, 5, 12.75], "texture": "#0"},
				"south": {"uv": [6, 10.75, 6.5, 12.75], "texture": "#0"},
				"west": {"uv": [5.5, 10.75, 6, 12.75], "texture": "#0"},
				"up": {"uv": [5.5, 10.75, 5, 10.25], "texture": "#0"},
				"down": {"uv": [6, 10.25, 5.5, 10.75], "texture": "#0"}
			}
		},
		{
			"name": "Element",
			"from": [12.5, 0, 1.5],
			"to": [14.5, 24, 3.5],
			"faces": {
				"north": {"uv": [0.5, 4.75, 1, 10.75], "texture": "#0"},
				"east": {"uv": [0, 4.75, 0.5, 10.75], "texture": "#0"},
				"south": {"uv": [1.5, 4.75, 2, 10.75], "texture": "#0"},
				"west": {"uv": [1, 4.75, 1.5, 10.75], "texture": "#0"},
				"up": {"uv": [1, 4.75, 0.5, 4.25], "texture": "#0"},
				"down": {"uv": [1.5, 4.25, 1, 4.75], "texture": "#0"}
			}
		},
		{
			"name": "Element",
			"from": [12.5, 0, 12.5],
			"to": [14.5, 8, 14.5],
			"faces": {
				"north": {"uv": [0.5, 0.5, 1, 2.5], "texture": "#0"},
				"east": {"uv": [0, 0.5, 0.5, 2.5], "texture": "#0"},
				"south": {"uv": [1.5, 0.5, 2, 2.5], "texture": "#0"},
				"west": {"uv": [1, 0.5, 1.5, 2.5], "texture": "#0"},
				"up": {"uv": [1, 0.5, 0.5, 0], "texture": "#0"},
				"down": {"uv": [1.5, 0, 1, 0.5], "texture": "#0"}
			}
		},
		{
			"name": "Element",
			"from": [3.5, 21, 2],
			"to": [12.5, 23, 3],
			"rotation": {"angle": 0, "axis": "y", "origin": [0, -2, 0]},
			"faces": {
				"north": {"uv": [10.25, 8.5, 12.5, 9], "texture": "#0"},
				"east": {"uv": [10, 8.5, 10.25, 9], "texture": "#0"},
				"south": {"uv": [12.75, 8.5, 15, 9], "texture": "#0"},
				"west": {"uv": [12.5, 8.5, 12.75, 9], "texture": "#0"},
				"up": {"uv": [12.5, 8.5, 10.25, 8.25], "texture": "#0"},
				"down": {"uv": [14.75, 8.25, 12.5, 8.5], "texture": "#0"}
			}
		},
		{
			"name": "Element",
			"from": [3.5, 12, 2],
			"to": [12.5, 14, 3],
			"rotation": {"angle": 0, "axis": "y", "origin": [0, -2, 0]},
			"faces": {
				"north": {"uv": [10.25, 6.5, 12.5, 7], "texture": "#0"},
				"east": {"uv": [10, 6.5, 10.25, 7], "texture": "#0"},
				"south": {"uv": [12.75, 6.5, 15, 7], "texture": "#0"},
				"west": {"uv": [12.5, 6.5, 12.75, 7], "texture": "#0"},
				"up": {"uv": [12.5, 6.5, 10.25, 6.25], "texture": "#0"},
				"down": {"uv": [14.75, 6.25, 12.5, 6.5], "texture": "#0"}
			}
		},
		{
			"name": "Element",
			"from": [13.5, 24.5, 1],
			"to": [15.5, 26.5, 3],
			"rotation": {"angle": -45, "axis": "y", "origin": [13.5, 24.5, 1]},
			"faces": {
				"north": {"uv": [5, 7.75, 5.5, 8.25], "texture": "#0"},
				"east": {"uv": [4.5, 7.75, 5, 8.25], "texture": "#0"},
				"south": {"uv": [6, 7.75, 6.5, 8.25], "texture": "#0"},
				"west": {"uv": [5.5, 7.75, 6, 8.25], "texture": "#0"},
				"up": {"uv": [5.5, 7.75, 5, 7.25], "texture": "#0"},
				"down": {"uv": [6, 7.25, 5.5, 7.75], "texture": "#0"}
			}
		},
		{
			"name": "Element",
			"from": [2.5, 24.5, 1],
			"to": [4.5, 26.5, 3],
			"rotation": {"angle": -45, "axis": "y", "origin": [2.5, 24.5, 1]},
			"faces": {
				"north": {"uv": [5, 4.75, 5.5, 5.25], "texture": "#0"},
				"east": {"uv": [4.5, 4.75, 5, 5.25], "texture": "#0"},
				"south": {"uv": [6, 4.75, 6.5, 5.25], "texture": "#0"},
				"west": {"uv": [5.5, 4.75, 6, 5.25], "texture": "#0"},
				"up": {"uv": [5.5, 4.75, 5, 4.25], "texture": "#0"},
				"down": {"uv": [6, 4.25, 5.5, 4.75], "texture": "#0"}
			}
		},
		{
			"name": "Element",
			"from": [2, 24, 2],
			"to": [3, 25, 3],
			"rotation": {"angle": 0, "axis": "y", "origin": [0, -2, 0]},
			"faces": {
				"north": {"uv": [2.5, 1, 2.75, 1.25], "texture": "#0"},
				"east": {"uv": [2.25, 1, 2.5, 1.25], "texture": "#0"},
				"south": {"uv": [3, 1, 3.25, 1.25], "texture": "#0"},
				"west": {"uv": [2.75, 1, 3, 1.25], "texture": "#0"},
				"up": {"uv": [2.75, 1, 2.5, 0.75], "texture": "#0"},
				"down": {"uv": [3, 0.75, 2.75, 1], "texture": "#0"}
			}
		},
		{
			"name": "Element",
			"from": [13, 24, 2],
			"to": [14, 25, 3],
			"rotation": {"angle": 0, "axis": "y", "origin": [0, -2, 0]},
			"faces": {
				"north": {"uv": [2.5, 0.25, 2.75, 0.5], "texture": "#0"},
				"east": {"uv": [2.25, 0.25, 2.5, 0.5], "texture": "#0"},
				"south": {"uv": [3, 0.25, 3.25, 0.5], "texture": "#0"},
				"west": {"uv": [2.75, 0.25, 3, 0.5], "texture": "#0"},
				"up": {"uv": [2.75, 0.25, 2.5, 0], "texture": "#0"},
				"down": {"uv": [3, 0, 2.75, 0.25], "texture": "#0"}
			}
		},
		{
			"name": "Element",
			"from": [4, 14, 2.5],
			"to": [12, 21, 2.501],
			"rotation": {"angle": 0, "axis": "y", "origin": [0, -2, 0]},
			"faces": {
				"north": {"uv": [10, 4.25, 12, 6], "texture": "#0"},
				"east": {"uv": [10, 4.25, 10, 6], "texture": "#0"},
				"south": {"uv": [12, 4.25, 14, 6], "texture": "#0"},
				"west": {"uv": [12, 4.25, 12, 6], "texture": "#0"},
				"up": {"uv": [12, 4.25, 10, 4.25], "texture": "#0"},
				"down": {"uv": [14, 4.25, 12, 4.25], "texture": "#0"}
			}
		},
		{
			"name": "Box17",
			"from": [2.5, 5, 3.5],
			"to": [2.501, 8, 12.5],
			"rotation": {"angle": 0, "axis": "y", "origin": [0, -2, 0]},
			"faces": {
				"north": {"uv": [9.75, 10.5, 9.75, 11.25], "texture": "#0"},
				"east": {"uv": [7.5, 10.5, 9.75, 11.25], "texture": "#0"},
				"south": {"uv": [12, 10.5, 12, 11.25], "texture": "#0"},
				"west": {"uv": [9.75, 10.5, 12, 11.25], "texture": "#0"},
				"up": {"uv": [9.75, 10.5, 9.75, 8.25], "texture": "#0"},
				"down": {"uv": [9.75, 8.25, 9.75, 10.5], "texture": "#0"}
			}
		},
		{
			"name": "Box17",
			"from": [13.5, 5, 3.5],
			"to": [13.501, 8, 12.5],
			"rotation": {"angle": 0, "axis": "y", "origin": [0, -2, 0]},
			"faces": {
				"north": {"uv": [9.75, 7.25, 9.75, 8], "texture": "#0"},
				"east": {"uv": [7.5, 7.25, 9.75, 8], "texture": "#0"},
				"south": {"uv": [12, 7.25, 12, 8], "texture": "#0"},
				"west": {"uv": [9.75, 7.25, 12, 8], "texture": "#0"},
				"up": {"uv": [9.75, 7.25, 9.75, 5], "texture": "#0"},
				"down": {"uv": [9.75, 5, 9.75, 7.25], "texture": "#0"}
			}
		},
		{
			"name": "Box17",
			"from": [3.5, 5, 2.5],
			"to": [12.5, 8, 2.501],
			"rotation": {"angle": 0, "axis": "y", "origin": [0, -2, 0]},
			"faces": {
				"north": {"uv": [10.75, 0, 13, 0.75], "texture": "#0"},
				"east": {"uv": [10.75, 0, 10.75, 0.75], "texture": "#0"},
				"south": {"uv": [13, 0, 15.25, 0.75], "texture": "#0"},
				"west": {"uv": [13, 0, 13, 0.75], "texture": "#0"},
				"up": {"uv": [13, 0, 10.75, 0], "texture": "#0"},
				"down": {"uv": [15.25, 0, 13, 0], "texture": "#0"}
			}
		},
		{
			"name": "Box17",
			"from": [3.5, 5, 13.5],
			"to": [12.5, 8, 13.501],
			"rotation": {"angle": 0, "axis": "y", "origin": [0, -2, 0]},
			"faces": {
				"north": {"uv": [10, 9.25, 12.25, 10], "texture": "#0"},
				"east": {"uv": [10, 9.25, 10, 10], "texture": "#0"},
				"south": {"uv": [12.25, 9.25, 14.5, 10], "texture": "#0"},
				"west": {"uv": [12.25, 9.25, 12.25, 10], "texture": "#0"},
				"up": {"uv": [12.25, 9.25, 10, 9.25], "texture": "#0"},
				"down": {"uv": [14.5, 9.25, 12.25, 9.25], "texture": "#0"}
			}
		}
	],
	"display": {
		"thirdperson_righthand": {
			"rotation": [60, -160, 0],
			"translation": [0, 3.25, 0],
			"scale": [0.6, 0.6, 0.6]
		},
		"thirdperson_lefthand": {
			"rotation": [60, -160, 0],
			"translation": [0, 3.25, 0],
			"scale": [0.6, 0.6, 0.6]
		},
		"firstperson_righthand": {
			"rotation": [0, -73, 6],
			"translation": [0, -0.25, 0],
			"scale": [0.4, 0.4, 0.4]
		},
		"firstperson_lefthand": {
			"rotation": [0, -73, 6],
			"translation": [0, -0.25, 0],
			"scale": [0.4, 0.4, 0.4]
		},
		"ground": {
			"translation": [0, 1.5, 0],
			"scale": [0.35, 0.35, 0.35]
		},
		"gui": {
			"rotation": [30, -40, 0],
			"translation": [0, -2, 0],
			"scale": [0.45, 0.45, 0.45]
		},
		"head": {
			"translation": [0, -30.4, 0],
			"scale": [1.6, 1.6, 1.6]
		},
		"fixed": {
			"rotation": [90, 0, -180],
			"translation": [0, 0, -16],
			"scale": [2, 2, 2]
		}
	}
}
