{
	"credit": "Made by LZLeon with Blockbench, Contact - Discord: LZBlocks#0261 - E-Mail: lzblocks@outlook.com",
	"texture_size": [64, 64],
	"textures": {
		"1": "lzfurniture:medievalroyal_books",
		"particle": "lzfurniture:medievalroyal_books"
	},
	"elements": [
		{
			"from": [4.5, 0, 3.5],
			"to": [5.5, 4, 12.5],
			"rotation": {"angle": -22.5, "axis": "y", "origin": [8, 0, 8]},
			"faces": {
				"north": {"uv": [7.5, 11.25, 7.75, 12.25], "texture": "#1"},
				"east": {"uv": [5.25, 11.25, 7.5, 12.25], "texture": "#1"},
				"south": {"uv": [10, 11.25, 10.25, 12.25], "texture": "#1"},
				"west": {"uv": [7.75, 11.25, 10, 12.25], "texture": "#1"},
				"up": {"uv": [7.75, 11.25, 7.5, 9], "texture": "#1"},
				"down": {"uv": [8, 9, 7.75, 11.25], "texture": "#1"}
			}
		},
		{
			"from": [5.5, 0, 3.5],
			"to": [11.5, 1, 12.5],
			"rotation": {"angle": -22.5, "axis": "y", "origin": [8, 0, 8]},
			"faces": {
				"north": {"uv": [7.75, 2.75, 9.25, 3], "texture": "#1"},
				"east": {"uv": [5.5, 2.75, 7.75, 3], "texture": "#1"},
				"south": {"uv": [11.5, 2.75, 13, 3], "texture": "#1"},
				"west": {"uv": [9.25, 2.75, 11.5, 3], "texture": "#1"},
				"up": {"uv": [9.25, 2.75, 7.75, 0.5], "texture": "#1"},
				"down": {"uv": [10.75, 0.5, 9.25, 2.75], "texture": "#1"}
			}
		},
		{
			"from": [5.5, 3, 3.5],
			"to": [11.5, 4, 12.5],
			"rotation": {"angle": -22.5, "axis": "y", "origin": [8, 0, 8]},
			"faces": {
				"north": {"uv": [2.25, 7.75, 3.75, 8], "texture": "#1"},
				"east": {"uv": [0, 7.75, 2.25, 8], "texture": "#1"},
				"south": {"uv": [6, 7.75, 7.5, 8], "texture": "#1"},
				"west": {"uv": [3.75, 7.75, 6, 8], "texture": "#1"},
				"up": {"uv": [3.75, 7.75, 2.25, 5.5], "texture": "#1"},
				"down": {"uv": [5.25, 5.5, 3.75, 7.75], "texture": "#1"}
			}
		},
		{
			"from": [5, 1, 4],
			"to": [11, 3, 12],
			"rotation": {"angle": -22.5, "axis": "y", "origin": [8, 0, 8]},
			"faces": {
				"north": {"uv": [7.75, 8.25, 9.25, 8.75], "texture": "#1"},
				"east": {"uv": [5.75, 8.25, 7.75, 8.75], "texture": "#1"},
				"south": {"uv": [11.25, 8.25, 12.75, 8.75], "texture": "#1"},
				"west": {"uv": [9.25, 8.25, 11.25, 8.75], "texture": "#1"},
				"up": {"uv": [9.25, 8.25, 7.75, 6.25], "texture": "#1"},
				"down": {"uv": [10.75, 6.25, 9.25, 8.25], "texture": "#1"}
			}
		},
		{
			"from": [4.5, 4, 3.5],
			"to": [5.5, 8, 12.5],
			"rotation": {"angle": 0, "axis": "y", "origin": [8, 0, 8]},
			"faces": {
				"north": {"uv": [2.25, 10.5, 2.5, 11.5], "texture": "#1"},
				"east": {"uv": [0, 10.5, 2.25, 11.5], "texture": "#1"},
				"south": {"uv": [4.75, 10.5, 5, 11.5], "texture": "#1"},
				"west": {"uv": [2.5, 10.5, 4.75, 11.5], "texture": "#1"},
				"up": {"uv": [2.5, 10.5, 2.25, 8.25], "texture": "#1"},
				"down": {"uv": [2.75, 8.25, 2.5, 10.5], "texture": "#1"}
			}
		},
		{
			"from": [5.5, 4, 3.5],
			"to": [11.5, 5, 12.5],
			"rotation": {"angle": 0, "axis": "y", "origin": [8, 0, 8]},
			"faces": {
				"north": {"uv": [2.25, 2.25, 3.75, 2.5], "texture": "#1"},
				"east": {"uv": [0, 2.25, 2.25, 2.5], "texture": "#1"},
				"south": {"uv": [6, 2.25, 7.5, 2.5], "texture": "#1"},
				"west": {"uv": [3.75, 2.25, 6, 2.5], "texture": "#1"},
				"up": {"uv": [3.75, 2.25, 2.25, 0], "texture": "#1"},
				"down": {"uv": [5.25, 0, 3.75, 2.25], "texture": "#1"}
			}
		},
		{
			"from": [5.5, 7, 3.5],
			"to": [11.5, 8, 12.5],
			"rotation": {"angle": 0, "axis": "y", "origin": [8, 0, 8]},
			"faces": {
				"north": {"uv": [2.25, 5, 3.75, 5.25], "texture": "#1"},
				"east": {"uv": [0, 5, 2.25, 5.25], "texture": "#1"},
				"south": {"uv": [6, 5, 7.5, 5.25], "texture": "#1"},
				"west": {"uv": [3.75, 5, 6, 5.25], "texture": "#1"},
				"up": {"uv": [3.75, 5, 2.25, 2.75], "texture": "#1"},
				"down": {"uv": [5.25, 2.75, 3.75, 5], "texture": "#1"}
			}
		},
		{
			"from": [5, 5, 4],
			"to": [11, 7, 12],
			"rotation": {"angle": 0, "axis": "y", "origin": [8, 0, 8]},
			"faces": {
				"north": {"uv": [7.75, 5.5, 9.25, 6], "texture": "#1"},
				"east": {"uv": [5.75, 5.5, 7.75, 6], "texture": "#1"},
				"south": {"uv": [11.25, 5.5, 12.75, 6], "texture": "#1"},
				"west": {"uv": [9.25, 5.5, 11.25, 6], "texture": "#1"},
				"up": {"uv": [9.25, 5.5, 7.75, 3.5], "texture": "#1"},
				"down": {"uv": [10.75, 3.5, 9.25, 5.5], "texture": "#1"}
			}
		}
	],
	"display": {
		"thirdperson_righthand": {
			"rotation": [60, -160, 0],
			"translation": [-1.5, 6.75, 4.75],
			"scale": [-1, 1, -1]
		},
		"thirdperson_lefthand": {
			"rotation": [60, -160, 0],
			"translation": [-1.5, 6.75, 4.75],
			"scale": [-1, 1, -1]
		},
		"firstperson_righthand": {
			"rotation": [0, -73, 6],
			"translation": [0, 6, 0],
			"scale": [-1, 1, -1]
		},
		"firstperson_lefthand": {
			"rotation": [0, -73, 6],
			"translation": [0, 6, 0],
			"scale": [-1, 1, -1]
		},
		"ground": {
			"translation": [0, 3.75, 0],
			"scale": [0.8, 0.8, 0.8]
		},
		"gui": {
			"rotation": [30, 145, 0],
			"translation": [0.25, 3.25, 0],
			"scale": [-1, 1, -1]
		},
		"head": {
			"translation": [0, -30.4, 0],
			"scale": [1.6, 1.6, 1.6]
		},
		"fixed": {
			"rotation": [90, 0, -180],
			"translation": [0, 0, -16],
			"scale": [2, 2, 2]
		}
	},
	"groups": [
		{
			"name": "Buch",
			"origin": [0, 0, 0],
			"color": 0,
			"children": []
		},
		{
			"name": "Buch",
			"origin": [0, 0, 0],
			"color": 0,
			"children": [0, 1, 2, 3, 4, 5, 6, 7]
		}
	]
}
