{
	"credit": "Made by LZLeon with Blockbench, Contact - Discord: LZBlocks#0261 - E-Mail: lzblocks@outlook.com",
	"textures": {
		"0": "lzfurniture:medievalroyal_sofa",
		"particle": "lzfurniture:medievalroyal_sofa"
	},
	"elements": [
		{
			"name": "Element",
			"from": [-1, 3, 5],
			"to": [17, 8, 15],
			"faces": {
				"north": {"uv": [1.25, 1.25, 3.5, 1.875], "texture": "#0"},
				"east": {"uv": [0, 1.25, 1.25, 1.875], "texture": "#0"},
				"south": {"uv": [4.75, 1.25, 7, 1.875], "texture": "#0"},
				"west": {"uv": [3.5, 1.25, 4.75, 1.875], "texture": "#0"},
				"up": {"uv": [3.5, 1.25, 1.25, 0], "texture": "#0"},
				"down": {"uv": [5.75, 0, 3.5, 1.25], "texture": "#0"}
			}
		},
		{
			"name": "Element",
			"from": [-1, 3, 1],
			"to": [17, 18, 5],
			"faces": {
				"north": {"uv": [0.5, 2.5, 2.75, 4.375], "texture": "#0"},
				"east": {"uv": [0, 2.5, 0.5, 4.375], "texture": "#0"},
				"south": {"uv": [3.25, 2.5, 5.5, 4.375], "texture": "#0"},
				"west": {"uv": [2.75, 2.5, 3.25, 4.375], "texture": "#0"},
				"up": {"uv": [2.75, 2.5, 0.5, 2], "texture": "#0"},
				"down": {"uv": [5, 2, 2.75, 2.5], "texture": "#0"}
			}
		},
		{
			"name": "Element",
			"from": [-1, 3, 1.125],
			"to": [4, 13, 14.125],
			"rotation": {"angle": 22.5, "axis": "z", "origin": [-1, 3, 1]},
			"faces": {
				"north": {"uv": [1.625, 6.125, 2.25, 7.375], "texture": "#0"},
				"east": {"uv": [0, 6.125, 1.625, 7.375], "texture": "#0"},
				"south": {"uv": [3.875, 6.125, 4.5, 7.375], "texture": "#0"},
				"west": {"uv": [2.25, 6.125, 3.875, 7.375], "texture": "#0"},
				"up": {"uv": [2.25, 6.125, 1.625, 4.5], "texture": "#0"},
				"down": {"uv": [2.875, 4.5, 2.25, 6.125], "texture": "#0"}
			}
		},
		{
			"name": "Element",
			"from": [-0.5, 0, 12.5],
			"to": [1.5, 3, 14.5],
			"faces": {
				"north": {"uv": [6.125, 0.75, 6.375, 1.125], "texture": "#0"},
				"east": {"uv": [5.875, 0.75, 6.125, 1.125], "texture": "#0"},
				"south": {"uv": [6.625, 0.75, 6.875, 1.125], "texture": "#0"},
				"west": {"uv": [6.375, 0.75, 6.625, 1.125], "texture": "#0"},
				"up": {"uv": [6.375, 0.75, 6.125, 0.5], "texture": "#0"},
				"down": {"uv": [6.625, 0.5, 6.375, 0.75], "texture": "#0"}
			}
		},
		{
			"name": "Element",
			"from": [14.5, 0, 12.5],
			"to": [16.5, 3, 14.5],
			"faces": {
				"north": {"uv": [0.25, 5.5, 0.5, 5.875], "texture": "#0"},
				"east": {"uv": [0, 5.5, 0.25, 5.875], "texture": "#0"},
				"south": {"uv": [0.75, 5.5, 1, 5.875], "texture": "#0"},
				"west": {"uv": [0.5, 5.5, 0.75, 5.875], "texture": "#0"},
				"up": {"uv": [0.5, 5.5, 0.25, 5.25], "texture": "#0"},
				"down": {"uv": [0.75, 5.25, 0.5, 5.5], "texture": "#0"}
			}
		},
		{
			"name": "Element",
			"from": [-0.5, 0, 1.5],
			"to": [1.5, 3, 3.5],
			"faces": {
				"north": {"uv": [0.25, 4.75, 0.5, 5.125], "texture": "#0"},
				"east": {"uv": [0, 4.75, 0.25, 5.125], "texture": "#0"},
				"south": {"uv": [0.75, 4.75, 1, 5.125], "texture": "#0"},
				"west": {"uv": [0.5, 4.75, 0.75, 5.125], "texture": "#0"},
				"up": {"uv": [0.5, 4.75, 0.25, 4.5], "texture": "#0"},
				"down": {"uv": [0.75, 4.5, 0.5, 4.75], "texture": "#0"}
			}
		},
		{
			"name": "Element",
			"from": [14.5, 0, 1.5],
			"to": [16.5, 3, 3.5],
			"faces": {
				"north": {"uv": [0.25, 0.25, 0.5, 0.625], "texture": "#0"},
				"east": {"uv": [0, 0.25, 0.25, 0.625], "texture": "#0"},
				"south": {"uv": [0.75, 0.25, 1, 0.625], "texture": "#0"},
				"west": {"uv": [0.5, 0.25, 0.75, 0.625], "texture": "#0"},
				"up": {"uv": [0.5, 0.25, 0.25, 0], "texture": "#0"},
				"down": {"uv": [0.75, 0, 0.5, 0.25], "texture": "#0"}
			}
		},
		{
			"name": "Element",
			"from": [12.3806, 4.9134, 1.125],
			"to": [17.3806, 14.9134, 14.125],
			"rotation": {"angle": -22.5, "axis": "z", "origin": [12.3806, 4.91342, 1.125]},
			"faces": {
				"north": {"uv": [5.625, 4.5, 6.25, 5.75], "texture": "#0"},
				"east": {"uv": [4, 4.5, 5.625, 5.75], "texture": "#0"},
				"south": {"uv": [7.875, 4.5, 8.5, 5.75], "texture": "#0"},
				"west": {"uv": [6.25, 4.5, 7.875, 5.75], "texture": "#0"},
				"up": {"uv": [6.25, 4.5, 5.625, 2.875], "texture": "#0"},
				"down": {"uv": [6.875, 2.875, 6.25, 4.5], "texture": "#0"}
			}
		},
		{
			"name": "Element",
			"from": [1.5, 0, 1.5],
			"to": [14.5, 3, 1.501],
			"faces": {
				"north": {"uv": [5.875, 5.875, 7.5, 6.25], "texture": "#0"},
				"east": {"uv": [5.875, 5.875, 5.875, 6.25], "texture": "#0"},
				"south": {"uv": [7.5, 5.875, 9.125, 6.25], "texture": "#0"},
				"west": {"uv": [7.5, 5.875, 7.5, 6.25], "texture": "#0"},
				"up": {"uv": [7.5, 5.875, 5.875, 5.875], "texture": "#0"},
				"down": {"uv": [9.125, 5.875, 7.5, 5.875], "texture": "#0"}
			}
		},
		{
			"name": "Element",
			"from": [1.5, 0, 14.5],
			"to": [14.5, 3, 14.501],
			"faces": {
				"north": {"uv": [5.875, 0, 7.5, 0.375], "texture": "#0"},
				"east": {"uv": [5.875, 0, 5.875, 0.375], "texture": "#0"},
				"south": {"uv": [7.5, 0, 9.125, 0.375], "texture": "#0"},
				"west": {"uv": [7.5, 0, 7.5, 0.375], "texture": "#0"},
				"up": {"uv": [7.5, 0, 5.875, 0], "texture": "#0"},
				"down": {"uv": [9.125, 0, 7.5, 0], "texture": "#0"}
			}
		},
		{
			"name": "Element",
			"from": [-0.5, 0, 3.5],
			"to": [-0.499, 3, 12.5],
			"faces": {
				"north": {"uv": [5.75, 7, 5.75, 7.375], "texture": "#0"},
				"east": {"uv": [4.625, 7, 5.75, 7.375], "texture": "#0"},
				"south": {"uv": [6.875, 7, 6.875, 7.375], "texture": "#0"},
				"west": {"uv": [5.75, 7, 6.875, 7.375], "texture": "#0"},
				"up": {"uv": [5.75, 7, 5.75, 5.875], "texture": "#0"},
				"down": {"uv": [5.75, 5.875, 5.75, 7], "texture": "#0"}
			}
		},
		{
			"name": "Element",
			"from": [16.5, 0, 3.5],
			"to": [16.501, 3, 12.5],
			"faces": {
				"north": {"uv": [7.125, 2, 7.125, 2.375], "texture": "#0"},
				"east": {"uv": [6, 2, 7.125, 2.375], "texture": "#0"},
				"south": {"uv": [8.25, 2, 8.25, 2.375], "texture": "#0"},
				"west": {"uv": [7.125, 2, 8.25, 2.375], "texture": "#0"},
				"up": {"uv": [7.125, 2, 7.125, 0.875], "texture": "#0"},
				"down": {"uv": [7.125, 0.875, 7.125, 2], "texture": "#0"}
			}
		}
	],
	"display": {
		"thirdperson_righthand": {
			"rotation": [60, -160, 0],
			"translation": [0, 3.25, 0],
			"scale": [0.6, 0.6, 0.6]
		},
		"thirdperson_lefthand": {
			"rotation": [60, -160, 0],
			"translation": [0, 3.25, 0],
			"scale": [0.6, 0.6, 0.6]
		},
		"firstperson_righthand": {
			"rotation": [0, -73, 6],
			"translation": [0, 1.5, 0],
			"scale": [0.4, 0.4, 0.4]
		},
		"firstperson_lefthand": {
			"rotation": [0, -73, 6],
			"translation": [0, 1.5, 0],
			"scale": [0.4, 0.4, 0.4]
		},
		"ground": {
			"translation": [0, 1.5, 0],
			"scale": [0.35, 0.35, 0.35]
		},
		"gui": {
			"rotation": [30, -40, 0],
			"translation": [0, -0.5, 0],
			"scale": [0.55, 0.55, 0.55]
		},
		"head": {
			"translation": [0, -30.4, 0],
			"scale": [1.6, 1.6, 1.6]
		},
		"fixed": {
			"rotation": [90, 0, -180],
			"translation": [0, 0, -16],
			"scale": [2, 2, 2]
		}
	}
}
