{
	"credit": "Made by LZLeon with Blockbench, Contact - Discord: LZBlocks#0261 - E-Mail: lzblocks@outlook.com",
	"texture_size": [64, 64],
	"textures": {
		"0": "lzfurniture:medievalroyal_candle",
		"particle": "lzfurniture:medievalroyal_candle"
	},
	"elements": [
		{
			"from": [5.5, 0, 5.5],
			"to": [10.5, 2, 10.5],
			"rotation": {"angle": 0, "axis": "y", "origin": [8, 0, 8]},
			"faces": {
				"north": {"uv": [8, 6, 9.25, 6.5], "texture": "#0"},
				"east": {"uv": [6.75, 6, 8, 6.5], "texture": "#0"},
				"south": {"uv": [10.5, 6, 11.75, 6.5], "texture": "#0"},
				"west": {"uv": [9.25, 6, 10.5, 6.5], "texture": "#0"},
				"up": {"uv": [9.25, 6, 8, 4.75], "texture": "#0"},
				"down": {"uv": [10.5, 4.75, 9.25, 6], "texture": "#0"}
			}
		},
		{
			"from": [8, 7, 7.5],
			"to": [8, 9, 8.5],
			"rotation": {"angle": 0, "axis": "y", "origin": [5, -19, 4]},
			"faces": {
				"north": {"uv": [10.5, 3.25, 10.5, 3.75], "texture": "#0"},
				"east": {"uv": [10.25, 3.25, 10.5, 3.75], "texture": "#0"},
				"south": {"uv": [10.75, 3.25, 10.75, 3.75], "texture": "#0"},
				"west": {"uv": [10.5, 3.25, 10.75, 3.75], "texture": "#0"},
				"up": {"uv": [10.5, 3.25, 10.5, 3], "texture": "#0"},
				"down": {"uv": [10.5, 3, 10.5, 3.25], "texture": "#0"}
			}
		},
		{
			"from": [7.5, 7, 8],
			"to": [8.5, 9, 8],
			"rotation": {"angle": 0, "axis": "y", "origin": [5, -19, 4]},
			"faces": {
				"north": {"uv": [3.5, 4.75, 3.75, 5.25], "texture": "#0"},
				"east": {"uv": [3.5, 4.75, 3.5, 5.25], "texture": "#0"},
				"south": {"uv": [3.75, 4.75, 4, 5.25], "texture": "#0"},
				"west": {"uv": [3.75, 4.75, 3.75, 5.25], "texture": "#0"},
				"up": {"uv": [3.75, 4.75, 3.5, 4.75], "texture": "#0"},
				"down": {"uv": [4, 4.75, 3.75, 4.75], "texture": "#0"}
			}
		},
		{
			"from": [6.92893, 3, 7],
			"to": [8.92893, 7, 9],
			"rotation": {"angle": 0, "axis": "y", "origin": [8, 0, 8]},
			"faces": {
				"north": {"uv": [2.75, 10, 3.25, 11], "texture": "#0"},
				"east": {"uv": [2.25, 10, 2.75, 11], "texture": "#0"},
				"south": {"uv": [3.75, 10, 4.25, 11], "texture": "#0"},
				"west": {"uv": [3.25, 10, 3.75, 11], "texture": "#0"},
				"up": {"uv": [3.25, 10, 2.75, 9.5], "texture": "#0"},
				"down": {"uv": [3.75, 9.5, 3.25, 10], "texture": "#0"}
			}
		},
		{
			"from": [6.5, 1, 6.57107],
			"to": [9.5, 3, 9.57107],
			"rotation": {"angle": 0, "axis": "y", "origin": [8, 0, 8]},
			"faces": {
				"north": {"uv": [7.5, 7.5, 8.25, 8], "texture": "#0"},
				"east": {"uv": [6.75, 7.5, 7.5, 8], "texture": "#0"},
				"south": {"uv": [9, 7.5, 9.75, 8], "texture": "#0"},
				"west": {"uv": [8.25, 7.5, 9, 8], "texture": "#0"},
				"up": {"uv": [8.25, 7.5, 7.5, 6.75], "texture": "#0"},
				"down": {"uv": [9, 6.75, 8.25, 7.5], "texture": "#0"}
			}
		}
	],
	"gui_light": "front",
	"display": {
		"thirdperson_righthand": {
			"rotation": [60, -160, 0],
			"translation": [0, 4.5, 5.5]
		},
		"thirdperson_lefthand": {
			"rotation": [60, -160, 0],
			"translation": [0, 4.5, 5.5]
		},
		"firstperson_righthand": {
			"rotation": [0, -60, 6],
			"translation": [-0.5, 5, 1],
			"scale": [0.7, 0.7, 0.7]
		},
		"firstperson_lefthand": {
			"rotation": [0, -60, 6],
			"translation": [-0.5, 5, 1],
			"scale": [0.7, 0.7, 0.7]
		},
		"ground": {
			"translation": [0, 1.75, 0],
			"scale": [0.6, 0.6, 0.6]
		},
		"gui": {
			"rotation": [30, -40, 0],
			"translation": [0, 2.75, 0]
		},
		"head": {
			"translation": [0, -30.4, 0],
			"scale": [1.6, 1.6, 1.6]
		},
		"fixed": {
			"rotation": [90, 0, -180],
			"translation": [0, 0, -16],
			"scale": [2, 2, 2]
		}
	}
}
