{
	"credit": "Made by LZLeon with Blockbench, Contact - Discord: LZBlocks#0261 - E-Mail: lzblocks@outlook.com",
	"texture_size": [64, 64],
	"textures": {
		"2": "lzfurniture:medievalroyal_dish_fruits",
		"particle": "lzfurniture:medievalroyal_dish_fruits"
	},
	"elements": [
		{
			"from": [4, 0, 4],
			"to": [12, 1, 12],
			"faces": {
				"north": {"uv": [2, 2, 4, 2.25], "texture": "#2"},
				"east": {"uv": [0, 2, 2, 2.25], "texture": "#2"},
				"south": {"uv": [6, 2, 8, 2.25], "texture": "#2"},
				"west": {"uv": [4, 2, 6, 2.25], "texture": "#2"},
				"up": {"uv": [4, 2, 2, 0], "texture": "#2"},
				"down": {"uv": [6, 0, 4, 2], "texture": "#2"}
			}
		},
		{
			"from": [3, 1, 11],
			"to": [13, 2, 13],
			"faces": {
				"north": {"uv": [0.5, 4, 3, 4.25], "texture": "#2"},
				"east": {"uv": [0, 4, 0.5, 4.25], "texture": "#2"},
				"south": {"uv": [3.5, 4, 6, 4.25], "texture": "#2"},
				"west": {"uv": [3, 4, 3.5, 4.25], "texture": "#2"},
				"up": {"uv": [3, 4, 0.5, 3.5], "texture": "#2"},
				"down": {"uv": [5.5, 3.5, 3, 4], "texture": "#2"}
			}
		},
		{
			"from": [3, 1, 5],
			"to": [5, 2, 11],
			"faces": {
				"north": {"uv": [5.75, 6, 6.25, 6.25], "texture": "#2"},
				"east": {"uv": [4.25, 6, 5.75, 6.25], "texture": "#2"},
				"south": {"uv": [7.75, 6, 8.25, 6.25], "texture": "#2"},
				"west": {"uv": [6.25, 6, 7.75, 6.25], "texture": "#2"},
				"up": {"uv": [6.25, 6, 5.75, 4.5], "texture": "#2"},
				"down": {"uv": [6.75, 4.5, 6.25, 6], "texture": "#2"}
			}
		},
		{
			"from": [11, 1, 5],
			"to": [13, 2, 11],
			"faces": {
				"north": {"uv": [1.5, 6, 2, 6.25], "texture": "#2"},
				"east": {"uv": [0, 6, 1.5, 6.25], "texture": "#2"},
				"south": {"uv": [3.5, 6, 4, 6.25], "texture": "#2"},
				"west": {"uv": [2, 6, 3.5, 6.25], "texture": "#2"},
				"up": {"uv": [2, 6, 1.5, 4.5], "texture": "#2"},
				"down": {"uv": [2.5, 4.5, 2, 6], "texture": "#2"}
			}
		},
		{
			"from": [3, 1, 3],
			"to": [13, 2, 5],
			"faces": {
				"north": {"uv": [0.5, 3, 3, 3.25], "texture": "#2"},
				"east": {"uv": [0, 3, 0.5, 3.25], "texture": "#2"},
				"south": {"uv": [3.5, 3, 6, 3.25], "texture": "#2"},
				"west": {"uv": [3, 3, 3.5, 3.25], "texture": "#2"},
				"up": {"uv": [3, 3, 0.5, 2.5], "texture": "#2"},
				"down": {"uv": [5.5, 2.5, 3, 3], "texture": "#2"}
			}
		},
		{
			"from": [4.3, 2, 5],
			"to": [7.3, 5, 8],
			"rotation": {"angle": -45, "axis": "y", "origin": [6.5, 5, 6.5]},
			"faces": {
				"north": {"uv": [7, 0.75, 7.75, 1.5], "texture": "#2"},
				"east": {"uv": [6.25, 0.75, 7, 1.5], "texture": "#2"},
				"south": {"uv": [8.5, 0.75, 9.25, 1.5], "texture": "#2"},
				"west": {"uv": [7.75, 0.75, 8.5, 1.5], "texture": "#2"},
				"up": {"uv": [7.75, 0.75, 7, 0], "texture": "#2"},
				"down": {"uv": [8.5, 0, 7.75, 0.75], "texture": "#2"}
			}
		},
		{
			"from": [3.6, 1, 7.2],
			"to": [6.6, 4, 10.2],
			"rotation": {"angle": 22.5, "axis": "y", "origin": [6.5, 5, 6.5]},
			"faces": {
				"north": {"uv": [7, 0.75, 7.75, 1.5], "texture": "#2"},
				"east": {"uv": [6.25, 0.75, 7, 1.5], "texture": "#2"},
				"south": {"uv": [8.5, 0.75, 9.25, 1.5], "texture": "#2"},
				"west": {"uv": [7.75, 0.75, 8.5, 1.5], "texture": "#2"},
				"up": {"uv": [7.75, 0.75, 7, 0], "texture": "#2"},
				"down": {"uv": [8.5, 0, 7.75, 0.75], "texture": "#2"}
			}
		},
		{
			"from": [7, 1, 5],
			"to": [9, 3, 7],
			"rotation": {"angle": 0, "axis": "y", "origin": [6.5, 5, 6.4]},
			"faces": {
				"north": {"uv": [3.25, 5, 3.75, 5.5], "texture": "#2"},
				"east": {"uv": [2.75, 5, 3.25, 5.5], "texture": "#2"},
				"south": {"uv": [4.25, 5, 4.75, 5.5], "texture": "#2"},
				"west": {"uv": [3.75, 5, 4.25, 5.5], "texture": "#2"},
				"up": {"uv": [3.75, 5, 3.25, 4.5], "texture": "#2"},
				"down": {"uv": [4.25, 4.5, 3.75, 5], "texture": "#2"}
			}
		},
		{
			"from": [9.5, 1, 7.3],
			"to": [11.5, 3, 9.3],
			"rotation": {"angle": -22.5, "axis": "y", "origin": [6.5, 5, 6.4]},
			"faces": {
				"north": {"uv": [3.25, 5, 3.75, 5.5], "texture": "#2"},
				"east": {"uv": [2.75, 5, 3.25, 5.5], "texture": "#2"},
				"south": {"uv": [4.25, 5, 4.75, 5.5], "texture": "#2"},
				"west": {"uv": [3.75, 5, 4.25, 5.5], "texture": "#2"},
				"up": {"uv": [3.75, 5, 3.25, 4.5], "texture": "#2"},
				"down": {"uv": [4.25, 4.5, 3.75, 5], "texture": "#2"}
			}
		},
		{
			"from": [8.1, 2, 2.7],
			"to": [10.1, 4, 4.7],
			"rotation": {"angle": -45, "axis": "y", "origin": [6.5, 5, 6.4]},
			"faces": {
				"north": {"uv": [3.25, 5, 3.75, 5.5], "texture": "#2"},
				"east": {"uv": [2.75, 5, 3.25, 5.5], "texture": "#2"},
				"south": {"uv": [4.25, 5, 4.75, 5.5], "texture": "#2"},
				"west": {"uv": [3.75, 5, 4.25, 5.5], "texture": "#2"},
				"up": {"uv": [3.75, 5, 3.25, 4.5], "texture": "#2"},
				"down": {"uv": [4.25, 4.5, 3.75, 5], "texture": "#2"}
			}
		},
		{
			"from": [10.8, 1, 6],
			"to": [11.8, 2, 7],
			"rotation": {"angle": -22.5, "axis": "y", "origin": [0, 0, 0]},
			"faces": {
				"north": {"uv": [0.25, 0.25, 0.5, 0.5], "texture": "#2"},
				"east": {"uv": [0, 0.25, 0.25, 0.5], "texture": "#2"},
				"south": {"uv": [0.75, 0.25, 1, 0.5], "texture": "#2"},
				"west": {"uv": [0.5, 0.25, 0.75, 0.5], "texture": "#2"},
				"up": {"uv": [0.5, 0.25, 0.25, 0], "texture": "#2"},
				"down": {"uv": [0.75, 0, 0.5, 0.25], "texture": "#2"}
			}
		},
		{
			"from": [11.1, 1, 2.6],
			"to": [12.1, 2, 3.6],
			"rotation": {"angle": -22.5, "axis": "y", "origin": [0, 0, 0]},
			"faces": {
				"north": {"uv": [0.25, 0.25, 0.5, 0.5], "texture": "#2"},
				"east": {"uv": [0, 0.25, 0.25, 0.5], "texture": "#2"},
				"south": {"uv": [0.75, 0.25, 1, 0.5], "texture": "#2"},
				"west": {"uv": [0.5, 0.25, 0.75, 0.5], "texture": "#2"},
				"up": {"uv": [0.5, 0.25, 0.25, 0], "texture": "#2"},
				"down": {"uv": [0.75, 0, 0.5, 0.25], "texture": "#2"}
			}
		},
		{
			"from": [12, 1, 3.6],
			"to": [13, 2, 4.6],
			"rotation": {"angle": -22.5, "axis": "y", "origin": [0, 0, 0]},
			"faces": {
				"north": {"uv": [0.25, 0.25, 0.5, 0.5], "texture": "#2"},
				"east": {"uv": [0, 0.25, 0.25, 0.5], "texture": "#2"},
				"south": {"uv": [0.75, 0.25, 1, 0.5], "texture": "#2"},
				"west": {"uv": [0.5, 0.25, 0.75, 0.5], "texture": "#2"},
				"up": {"uv": [0.5, 0.25, 0.25, 0], "texture": "#2"},
				"down": {"uv": [0.75, 0, 0.5, 0.25], "texture": "#2"}
			}
		},
		{
			"from": [9.8, 1, 3.7],
			"to": [10.8, 2, 4.7],
			"rotation": {"angle": -22.5, "axis": "y", "origin": [0, 0, 0]},
			"faces": {
				"north": {"uv": [0.25, 0.25, 0.5, 0.5], "texture": "#2"},
				"east": {"uv": [0, 0.25, 0.25, 0.5], "texture": "#2"},
				"south": {"uv": [0.75, 0.25, 1, 0.5], "texture": "#2"},
				"west": {"uv": [0.5, 0.25, 0.75, 0.5], "texture": "#2"},
				"up": {"uv": [0.5, 0.25, 0.25, 0], "texture": "#2"},
				"down": {"uv": [0.75, 0, 0.5, 0.25], "texture": "#2"}
			}
		},
		{
			"from": [10.2, 2.1, -0.5],
			"to": [11.2, 3.1, 0.5],
			"rotation": {"angle": -45, "axis": "y", "origin": [0, 0, 0]},
			"faces": {
				"north": {"uv": [0.25, 0.25, 0.5, 0.5], "texture": "#2"},
				"east": {"uv": [0, 0.25, 0.25, 0.5], "texture": "#2"},
				"south": {"uv": [0.75, 0.25, 1, 0.5], "texture": "#2"},
				"west": {"uv": [0.5, 0.25, 0.75, 0.5], "texture": "#2"},
				"up": {"uv": [0.5, 0.25, 0.25, 0], "texture": "#2"},
				"down": {"uv": [0.75, 0, 0.5, 0.25], "texture": "#2"}
			}
		},
		{
			"from": [9.9, 3, -1.8],
			"to": [10.9, 4, -0.8],
			"rotation": {"angle": -45, "axis": "y", "origin": [0, 0, 0]},
			"faces": {
				"north": {"uv": [0.25, 0.25, 0.5, 0.5], "texture": "#2"},
				"east": {"uv": [0, 0.25, 0.25, 0.5], "texture": "#2"},
				"south": {"uv": [0.75, 0.25, 1, 0.5], "texture": "#2"},
				"west": {"uv": [0.5, 0.25, 0.75, 0.5], "texture": "#2"},
				"up": {"uv": [0.5, 0.25, 0.25, 0], "texture": "#2"},
				"down": {"uv": [0.75, 0, 0.5, 0.25], "texture": "#2"}
			}
		},
		{
			"from": [11.1, 1, 1],
			"to": [12.1, 2, 2],
			"rotation": {"angle": -22.5, "axis": "y", "origin": [0, 0, -1.2]},
			"faces": {
				"north": {"uv": [0.25, 0.25, 0.5, 0.5], "texture": "#2"},
				"east": {"uv": [0, 0.25, 0.25, 0.5], "texture": "#2"},
				"south": {"uv": [0.75, 0.25, 1, 0.5], "texture": "#2"},
				"west": {"uv": [0.5, 0.25, 0.75, 0.5], "texture": "#2"},
				"up": {"uv": [0.5, 0.25, 0.25, 0], "texture": "#2"},
				"down": {"uv": [0.75, 0, 0.5, 0.25], "texture": "#2"}
			}
		},
		{
			"from": [6, 5, 5.5],
			"to": [6, 6, 6.5],
			"faces": {
				"north": {"uv": [0.25, 1, 0.25, 1.25], "texture": "#2"},
				"east": {"uv": [0, 1, 0.25, 1.25], "texture": "#2"},
				"south": {"uv": [0.5, 1, 0.5, 1.25], "texture": "#2"},
				"west": {"uv": [0.25, 1, 0.5, 1.25], "texture": "#2"},
				"up": {"uv": [0.25, 1, 0.25, 0.75], "texture": "#2"},
				"down": {"uv": [0.25, 0.75, 0.25, 1], "texture": "#2"}
			}
		},
		{
			"from": [9, 4, 5.5],
			"to": [9, 5, 6.5],
			"rotation": {"angle": -22.5, "axis": "y", "origin": [0, 0, 0]},
			"faces": {
				"north": {"uv": [0.25, 1, 0.25, 1.25], "texture": "#2"},
				"east": {"uv": [0, 1, 0.25, 1.25], "texture": "#2"},
				"south": {"uv": [0.5, 1, 0.5, 1.25], "texture": "#2"},
				"west": {"uv": [0.25, 1, 0.5, 1.25], "texture": "#2"},
				"up": {"uv": [0.25, 1, 0.25, 0.75], "texture": "#2"},
				"down": {"uv": [0.25, 0.75, 0.25, 1], "texture": "#2"}
			}
		},
		{
			"from": [5.1, 3, 12.1],
			"to": [5.1, 4, 13.1],
			"rotation": {"angle": 22.5, "axis": "y", "origin": [0, 0, 0]},
			"faces": {
				"north": {"uv": [0.25, 1, 0.25, 1.25], "texture": "#2"},
				"east": {"uv": [0, 1, 0.25, 1.25], "texture": "#2"},
				"south": {"uv": [0.5, 1, 0.5, 1.25], "texture": "#2"},
				"west": {"uv": [0.25, 1, 0.5, 1.25], "texture": "#2"},
				"up": {"uv": [0.25, 1, 0.25, 0.75], "texture": "#2"},
				"down": {"uv": [0.25, 0.75, 0.25, 1], "texture": "#2"}
			}
		},
		{
			"from": [10.3, 4, 5.9],
			"to": [10.3, 5, 6.9],
			"faces": {
				"north": {"uv": [0.25, 1, 0.25, 1.25], "texture": "#2"},
				"east": {"uv": [0, 1, 0.25, 1.25], "texture": "#2"},
				"south": {"uv": [0.5, 1, 0.5, 1.25], "texture": "#2"},
				"west": {"uv": [0.25, 1, 0.5, 1.25], "texture": "#2"},
				"up": {"uv": [0.25, 1, 0.25, 0.75], "texture": "#2"},
				"down": {"uv": [0.25, 0.75, 0.25, 1], "texture": "#2"}
			}
		}
	],
	"display": {
		"thirdperson_righthand": {
			"rotation": [60, -160, 0],
			"translation": [-1.5, 6.75, 4.75],
			"scale": [-1, 1, -1]
		},
		"thirdperson_lefthand": {
			"rotation": [60, -160, 0],
			"translation": [-1.5, 6.75, 4.75],
			"scale": [-1, 1, -1]
		},
		"firstperson_righthand": {
			"rotation": [0, -73, 6],
			"translation": [0, 6, 0],
			"scale": [-1, 1, -1]
		},
		"firstperson_lefthand": {
			"rotation": [0, -73, 6],
			"translation": [0, 6, 0],
			"scale": [-1, 1, -1]
		},
		"ground": {
			"translation": [0, 3.75, 0],
			"scale": [0.8, 0.8, 0.8]
		},
		"gui": {
			"rotation": [30, 120, 0],
			"translation": [0.25, 5, 0],
			"scale": [-1, 1, -1]
		},
		"head": {
			"translation": [0, -30.4, 0],
			"scale": [1.6, 1.6, 1.6]
		},
		"fixed": {
			"rotation": [90, 0, -180],
			"translation": [0, 0, -16],
			"scale": [2, 2, 2]
		}
	}
}
