{
	"credit": "Made by LZLeon with Blockbench, Contact - Discord: LZBlocks#0261 - E-Mail: lzblocks@outlook.com",
	"texture_size": [64, 64],
	"textures": {
		"0": "lzfurniture:medievalroyal_banner",
		"particle": "lzfurniture:medievalroyal_banner"
	},
	"elements": [
		{
			"from": [-2, 13, -0.8],
			"to": [18, 15, 1.2],
			"faces": {
				"north": {"uv": [0.5, 7.75, 5.5, 8.25], "texture": "#0"},
				"east": {"uv": [0, 7.75, 0.5, 8.25], "texture": "#0"},
				"south": {"uv": [6, 7.75, 11, 8.25], "texture": "#0"},
				"west": {"uv": [5.5, 7.75, 6, 8.25], "texture": "#0"},
				"up": {"uv": [5.5, 7.75, 0.5, 7.25], "texture": "#0"},
				"down": {"uv": [10.5, 7.25, 5.5, 7.75], "texture": "#0"}
			}
		},
		{
			"from": [14, 12.5, -1.3],
			"to": [17, 15.5, 1.7],
			"faces": {
				"north": {"uv": [8.5, 4.25, 9.25, 5], "texture": "#0"},
				"east": {"uv": [7.75, 4.25, 8.5, 5], "texture": "#0"},
				"south": {"uv": [10, 4.25, 10.75, 5], "texture": "#0"},
				"west": {"uv": [9.25, 4.25, 10, 5], "texture": "#0"},
				"up": {"uv": [9.25, 4.25, 8.5, 3.5], "texture": "#0"},
				"down": {"uv": [10, 3.5, 9.25, 4.25], "texture": "#0"}
			}
		},
		{
			"from": [-1, 12.5, -1.3],
			"to": [2, 15.5, 1.7],
			"faces": {
				"north": {"uv": [8.5, 2.5, 9.25, 3.25], "texture": "#0"},
				"east": {"uv": [7.75, 2.5, 8.5, 3.25], "texture": "#0"},
				"south": {"uv": [10, 2.5, 10.75, 3.25], "texture": "#0"},
				"west": {"uv": [9.25, 2.5, 10, 3.25], "texture": "#0"},
				"up": {"uv": [9.25, 2.5, 8.5, 1.75], "texture": "#0"},
				"down": {"uv": [10, 1.75, 9.25, 2.5], "texture": "#0"}
			}
		},
		{
			"from": [6.5, 12.5, -1.3],
			"to": [9.5, 15.5, 1.7],
			"faces": {
				"north": {"uv": [8.5, 0.75, 9.25, 1.5], "texture": "#0"},
				"east": {"uv": [7.75, 0.75, 8.5, 1.5], "texture": "#0"},
				"south": {"uv": [10, 0.75, 10.75, 1.5], "texture": "#0"},
				"west": {"uv": [9.25, 0.75, 10, 1.5], "texture": "#0"},
				"up": {"uv": [9.25, 0.75, 8.5, 0], "texture": "#0"},
				"down": {"uv": [10, 0, 9.25, 0.75], "texture": "#0"}
			}
		},
		{
			"from": [0.5, -15, 0.2],
			"to": [15.5, 13, 0.2],
			"faces": {
				"north": {"uv": [0, 0, 3.75, 7], "texture": "#0"},
				"east": {"uv": [0, 0, 0, 7], "texture": "#0"},
				"south": {"uv": [3.75, 0, 7.5, 7], "texture": "#0"},
				"west": {"uv": [3.75, 0, 3.75, 7], "texture": "#0"},
				"up": {"uv": [3.75, 0, 0, 0], "texture": "#0"},
				"down": {"uv": [7.5, 0, 3.75, 0], "texture": "#0"}
			}
		}
	],
	"display": {
		"thirdperson_righthand": {
			"rotation": [60, -160, 0],
			"translation": [-0.75, 3.5, -5],
			"scale": [0.6, 0.6, 0.6]
		},
		"thirdperson_lefthand": {
			"rotation": [60, -160, 0],
			"translation": [-0.75, 3.5, -5],
			"scale": [0.6, 0.6, 0.6]
		},
		"firstperson_righthand": {
			"rotation": [0, -73, 6],
			"translation": [-1, 0.5, 0.25],
			"scale": [0.4, 0.4, 0.4]
		},
		"firstperson_lefthand": {
			"rotation": [0, -73, 6],
			"translation": [-1, 0.5, 0.25],
			"scale": [0.4, 0.4, 0.4]
		},
		"ground": {
			"rotation": [90, 0, 0],
			"translation": [0, -3.25, 2],
			"scale": [0.35, 0.35, 0.35]
		},
		"gui": {
			"rotation": [30, -40, 0],
			"translation": [-2.5, 1.25, 0],
			"scale": [0.45, 0.45, 0.45]
		},
		"head": {
			"translation": [0, -30.4, 0],
			"scale": [1.6, 1.6, 1.6]
		},
		"fixed": {
			"rotation": [-180, 0, -180],
			"translation": [0, 0, -16],
			"scale": [2, 2, 2]
		}
	}
}
