{
	"credit": "Made by LZLeon with Blockbench, Contact - Discord: LZBlocks#0261 - E-Mail: lzblocks@outlook.com",
	"texture_size": [128, 128],
	"textures": {
		"0": "lzfurniture:medievalroyal_bookshelf",
		"particle": "lzfurniture:medievalroyal_bookshelf"
	},
	"elements": [
		{
			"from": [0, 16, 0.5],
			"to": [2, 30, 12.5],
			"faces": {
				"north": {"uv": [1.5, 8.875, 1.75, 10.625], "texture": "#0"},
				"east": {"uv": [0, 8.875, 1.5, 10.625], "texture": "#0"},
				"south": {"uv": [3.25, 8.875, 3.5, 10.625], "texture": "#0"},
				"west": {"uv": [1.75, 8.875, 3.25, 10.625], "texture": "#0"},
				"up": {"uv": [1.75, 8.875, 1.5, 7.375], "texture": "#0"},
				"down": {"uv": [2, 7.375, 1.75, 8.875], "texture": "#0"}
			}
		},
		{
			"from": [0, 2, 0.5],
			"to": [16, 16, 12.5],
			"faces": {
				"north": {"uv": [1.5, 1.5, 3.5, 3.25], "texture": "#0"},
				"east": {"uv": [0, 1.5, 1.5, 3.25], "texture": "#0"},
				"south": {"uv": [5, 1.5, 7, 3.25], "texture": "#0"},
				"west": {"uv": [3.5, 1.5, 5, 3.25], "texture": "#0"},
				"up": {"uv": [3.5, 1.5, 1.5, 0], "texture": "#0"},
				"down": {"uv": [5.5, 0, 3.5, 1.5], "texture": "#0"}
			}
		},
		{
			"from": [2, 22, 1.5],
			"to": [14, 23, 11.5],
			"faces": {
				"north": {"uv": [6.875, 1.25, 8.375, 1.375], "texture": "#0"},
				"east": {"uv": [5.625, 1.25, 6.875, 1.375], "texture": "#0"},
				"south": {"uv": [9.625, 1.25, 11.125, 1.375], "texture": "#0"},
				"west": {"uv": [8.375, 1.25, 9.625, 1.375], "texture": "#0"},
				"up": {"uv": [8.375, 1.25, 6.875, 0], "texture": "#0"},
				"down": {"uv": [9.875, 0, 8.375, 1.25], "texture": "#0"}
			}
		},
		{
			"from": [2, 29, 0.5],
			"to": [14, 30, 12.5],
			"faces": {
				"north": {"uv": [7.5, 3.375, 9, 3.5], "texture": "#0"},
				"east": {"uv": [6, 3.375, 7.5, 3.5], "texture": "#0"},
				"south": {"uv": [10.5, 3.375, 12, 3.5], "texture": "#0"},
				"west": {"uv": [9, 3.375, 10.5, 3.5], "texture": "#0"},
				"up": {"uv": [9, 3.375, 7.5, 1.875], "texture": "#0"},
				"down": {"uv": [10.5, 1.875, 9, 3.375], "texture": "#0"}
			}
		},
		{
			"from": [2, 16, 0.5],
			"to": [14, 30, 2.5],
			"faces": {
				"north": {"uv": [7.875, 3.875, 9.375, 5.625], "texture": "#0"},
				"east": {"uv": [7.625, 3.875, 7.875, 5.625], "texture": "#0"},
				"south": {"uv": [9.625, 3.875, 11.125, 5.625], "texture": "#0"},
				"west": {"uv": [9.375, 3.875, 9.625, 5.625], "texture": "#0"},
				"up": {"uv": [9.375, 3.875, 7.875, 3.625], "texture": "#0"},
				"down": {"uv": [10.875, 3.625, 9.375, 3.875], "texture": "#0"}
			}
		},
		{
			"from": [14, 16, 0.5],
			"to": [16, 30, 12.5],
			"faces": {
				"north": {"uv": [7.625, 7.375, 7.875, 9.125], "texture": "#0"},
				"east": {"uv": [6.125, 7.375, 7.625, 9.125], "texture": "#0"},
				"south": {"uv": [9.375, 7.375, 9.625, 9.125], "texture": "#0"},
				"west": {"uv": [7.875, 7.375, 9.375, 9.125], "texture": "#0"},
				"up": {"uv": [7.875, 7.375, 7.625, 5.875], "texture": "#0"},
				"down": {"uv": [8.125, 5.875, 7.875, 7.375], "texture": "#0"}
			}
		},
		{
			"from": [19.54371, 16, 8.6299],
			"to": [26.54371, 29, 9.6299],
			"rotation": {"angle": -22.5, "axis": "y", "origin": [7.04371, 0, -3.3701]},
			"faces": {
				"north": {"uv": [8.25, 9.375, 9.125, 11], "texture": "#0"},
				"east": {"uv": [8.125, 9.375, 8.25, 11], "texture": "#0"},
				"south": {"uv": [9.25, 9.375, 10.125, 11], "texture": "#0"},
				"west": {"uv": [9.125, 9.375, 9.25, 11], "texture": "#0"},
				"up": {"uv": [9.125, 9.375, 8.25, 9.25], "texture": "#0"},
				"down": {"uv": [10, 9.25, 9.125, 9.375], "texture": "#0"}
			}
		},
		{
			"from": [-9.08909, 16, 7.94274],
			"to": [-2.08909, 29, 8.94274],
			"rotation": {"angle": 22.5, "axis": "y", "origin": [11.41091, 0, -0.05726]},
			"faces": {
				"north": {"uv": [6.125, 9.375, 7, 11], "texture": "#0"},
				"east": {"uv": [6, 9.375, 6.125, 11], "texture": "#0"},
				"south": {"uv": [7.125, 9.375, 8, 11], "texture": "#0"},
				"west": {"uv": [7, 9.375, 7.125, 11], "texture": "#0"},
				"up": {"uv": [7, 9.375, 6.125, 9.25], "texture": "#0"},
				"down": {"uv": [7.875, 9.25, 7, 9.375], "texture": "#0"}
			}
		},
		{
			"from": [-0.5, 0, 0],
			"to": [16.5, 2, 13],
			"faces": {
				"north": {"uv": [1.625, 7, 3.75, 7.25], "texture": "#0"},
				"east": {"uv": [0, 7, 1.625, 7.25], "texture": "#0"},
				"south": {"uv": [5.375, 7, 7.5, 7.25], "texture": "#0"},
				"west": {"uv": [3.75, 7, 5.375, 7.25], "texture": "#0"},
				"up": {"uv": [3.75, 7, 1.625, 5.375], "texture": "#0"},
				"down": {"uv": [5.875, 5.375, 3.75, 7], "texture": "#0"}
			}
		},
		{
			"from": [-0.5, 30, 0],
			"to": [16.5, 32, 13],
			"faces": {
				"north": {"uv": [1.625, 5, 3.75, 5.25], "texture": "#0"},
				"east": {"uv": [0, 5, 1.625, 5.25], "texture": "#0"},
				"south": {"uv": [5.375, 5, 7.5, 5.25], "texture": "#0"},
				"west": {"uv": [3.75, 5, 5.375, 5.25], "texture": "#0"},
				"up": {"uv": [3.75, 5, 1.625, 3.375], "texture": "#0"},
				"down": {"uv": [5.875, 3.375, 3.75, 5], "texture": "#0"}
			}
		},
		{
			"from": [2, 16, 5.5],
			"to": [5, 22, 11.5],
			"faces": {
				"north": {"uv": [4.375, 9.75, 4.75, 10.5], "texture": "#0"},
				"east": {"uv": [3.625, 9.75, 4.375, 10.5], "texture": "#0"},
				"south": {"uv": [5.5, 9.75, 5.875, 10.5], "texture": "#0"},
				"west": {"uv": [4.75, 9.75, 5.5, 10.5], "texture": "#0"},
				"up": {"uv": [4.75, 9.75, 4.375, 9], "texture": "#0"},
				"down": {"uv": [5.125, 9, 4.75, 9.75], "texture": "#0"}
			}
		},
		{
			"from": [2, 23, 5],
			"to": [4, 28, 11],
			"faces": {
				"north": {"uv": [0.75, 11.5, 1, 12.125], "texture": "#0"},
				"east": {"uv": [0, 11.5, 0.75, 12.125], "texture": "#0"},
				"south": {"uv": [1.75, 11.5, 2, 12.125], "texture": "#0"},
				"west": {"uv": [1, 11.5, 1.75, 12.125], "texture": "#0"},
				"up": {"uv": [1, 11.5, 0.75, 10.75], "texture": "#0"},
				"down": {"uv": [1.25, 10.75, 1, 11.5], "texture": "#0"}
			}
		},
		{
			"from": [4, 23, 4.5],
			"to": [6, 28, 10.5],
			"faces": {
				"north": {"uv": [3.625, 11.375, 3.875, 12], "texture": "#0"},
				"east": {"uv": [2.875, 11.375, 3.625, 12], "texture": "#0"},
				"south": {"uv": [4.625, 11.375, 4.875, 12], "texture": "#0"},
				"west": {"uv": [3.875, 11.375, 4.625, 12], "texture": "#0"},
				"up": {"uv": [3.875, 11.375, 3.625, 10.625], "texture": "#0"},
				"down": {"uv": [4.125, 10.625, 3.875, 11.375], "texture": "#0"}
			}
		},
		{
			"from": [9, 23, 4.5],
			"to": [11, 28, 10.5],
			"faces": {
				"north": {"uv": [11.375, 1.5, 11.625, 2.125], "texture": "#0"},
				"east": {"uv": [10.625, 1.5, 11.375, 2.125], "texture": "#0"},
				"south": {"uv": [12.375, 1.5, 12.625, 2.125], "texture": "#0"},
				"west": {"uv": [11.625, 1.5, 12.375, 2.125], "texture": "#0"},
				"up": {"uv": [11.625, 1.5, 11.375, 0.75], "texture": "#0"},
				"down": {"uv": [11.875, 0.75, 11.625, 1.5], "texture": "#0"}
			}
		},
		{
			"from": [5, 16, 5],
			"to": [7, 21, 11],
			"faces": {
				"north": {"uv": [10.25, 11.25, 10.5, 11.875], "texture": "#0"},
				"east": {"uv": [9.5, 11.25, 10.25, 11.875], "texture": "#0"},
				"south": {"uv": [11.25, 11.25, 11.5, 11.875], "texture": "#0"},
				"west": {"uv": [10.5, 11.25, 11.25, 11.875], "texture": "#0"},
				"up": {"uv": [10.5, 11.25, 10.25, 10.5], "texture": "#0"},
				"down": {"uv": [10.75, 10.5, 10.5, 11.25], "texture": "#0"}
			}
		},
		{
			"from": [7, 16, 5.5],
			"to": [9, 21, 11.5],
			"faces": {
				"north": {"uv": [11.25, 5.75, 11.5, 6.375], "texture": "#0"},
				"east": {"uv": [10.5, 5.75, 11.25, 6.375], "texture": "#0"},
				"south": {"uv": [12.25, 5.75, 12.5, 6.375], "texture": "#0"},
				"west": {"uv": [11.5, 5.75, 12.25, 6.375], "texture": "#0"},
				"up": {"uv": [11.5, 5.75, 11.25, 5], "texture": "#0"},
				"down": {"uv": [11.75, 5, 11.5, 5.75], "texture": "#0"}
			}
		},
		{
			"from": [12, 16, 5],
			"to": [14, 21, 11],
			"faces": {
				"north": {"uv": [11, 9.75, 11.25, 10.375], "texture": "#0"},
				"east": {"uv": [10.25, 9.75, 11, 10.375], "texture": "#0"},
				"south": {"uv": [12, 9.75, 12.25, 10.375], "texture": "#0"},
				"west": {"uv": [11.25, 9.75, 12, 10.375], "texture": "#0"},
				"up": {"uv": [11.25, 9.75, 11, 9], "texture": "#0"},
				"down": {"uv": [11.5, 9, 11.25, 9.75], "texture": "#0"}
			}
		},
		{
			"from": [9, 16, 4.5],
			"to": [12, 22, 10.5],
			"faces": {
				"north": {"uv": [9, 6.5, 9.375, 7.25], "texture": "#0"},
				"east": {"uv": [8.25, 6.5, 9, 7.25], "texture": "#0"},
				"south": {"uv": [10.125, 6.5, 10.5, 7.25], "texture": "#0"},
				"west": {"uv": [9.375, 6.5, 10.125, 7.25], "texture": "#0"},
				"up": {"uv": [9.375, 6.5, 9, 5.75], "texture": "#0"},
				"down": {"uv": [9.75, 5.75, 9.375, 6.5], "texture": "#0"}
			}
		},
		{
			"from": [11, 23, 4],
			"to": [14, 29, 10],
			"faces": {
				"north": {"uv": [4.375, 8.125, 4.75, 8.875], "texture": "#0"},
				"east": {"uv": [3.625, 8.125, 4.375, 8.875], "texture": "#0"},
				"south": {"uv": [5.5, 8.125, 5.875, 8.875], "texture": "#0"},
				"west": {"uv": [4.75, 8.125, 5.5, 8.875], "texture": "#0"},
				"up": {"uv": [4.75, 8.125, 4.375, 7.375], "texture": "#0"},
				"down": {"uv": [5.125, 7.375, 4.75, 8.125], "texture": "#0"}
			}
		},
		{
			"from": [6, 23, 5],
			"to": [9, 29, 11],
			"faces": {
				"north": {"uv": [10.5, 8.125, 10.875, 8.875], "texture": "#0"},
				"east": {"uv": [9.75, 8.125, 10.5, 8.875], "texture": "#0"},
				"south": {"uv": [11.625, 8.125, 12, 8.875], "texture": "#0"},
				"west": {"uv": [10.875, 8.125, 11.625, 8.875], "texture": "#0"},
				"up": {"uv": [10.875, 8.125, 10.5, 7.375], "texture": "#0"},
				"down": {"uv": [11.25, 7.375, 10.875, 8.125], "texture": "#0"}
			}
		}
	],
	"display": {
		"thirdperson_righthand": {
			"rotation": [60, -160, 0],
			"translation": [0, -0.5, -7.75],
			"scale": [0.6, 0.6, 0.6]
		},
		"thirdperson_lefthand": {
			"rotation": [60, -160, 0],
			"translation": [0, -0.5, -7.75],
			"scale": [0.6, 0.6, 0.6]
		},
		"firstperson_righthand": {
			"rotation": [0, -73, 6],
			"translation": [1.5, -4.5, 0],
			"scale": [0.4, 0.4, 0.4]
		},
		"firstperson_lefthand": {
			"rotation": [0, -73, 6],
			"translation": [1.5, -4.5, 0],
			"scale": [0.4, 0.4, 0.4]
		},
		"ground": {
			"translation": [0, 1.5, 0],
			"scale": [0.35, 0.35, 0.35]
		},
		"gui": {
			"rotation": [20, -40, 0],
			"translation": [0, -3.25, 0],
			"scale": [0.4, 0.4, 0.4]
		},
		"head": {
			"translation": [0, -30.4, 0],
			"scale": [1.6, 1.6, 1.6]
		},
		"fixed": {
			"rotation": [90, 0, -180],
			"translation": [0, 0, -16],
			"scale": [2, 2, 2]
		}
	}
}
