{
	"credit": "Made by LZLeon with Blockbench, Contact - Discord: LZBlocks#0261 - E-Mail: lzblocks@outlook.com",
	"texture_size": [128, 128],
	"textures": {
		"1": "lzfurniture:medievalroyal_table",
		"particle": "lzfurniture:medievalroyal_table"
	},
	"elements": [
		{
			"name": "Box19",
			"from": [-7, 14, -6],
			"to": [23, 16, 23],
			"faces": {
				"north": {"uv": [3.625, 3.625, 7.375, 3.875], "texture": "#1"},
				"east": {"uv": [0, 3.625, 3.625, 3.875], "texture": "#1"},
				"south": {"uv": [11, 3.625, 14.75, 3.875], "texture": "#1"},
				"west": {"uv": [7.375, 3.625, 11, 3.875], "texture": "#1"},
				"up": {"uv": [7.375, 3.625, 3.625, 0], "texture": "#1"},
				"down": {"uv": [11.125, 0, 7.375, 3.625], "texture": "#1"}
			}
		},
		{
			"name": "Box20",
			"from": [-5.5, 0, -4.5],
			"to": [-3.5, 14, -2.5],
			"faces": {
				"north": {"uv": [0.25, 4.25, 0.5, 6], "texture": "#1"},
				"east": {"uv": [0, 4.25, 0.25, 6], "texture": "#1"},
				"south": {"uv": [0.75, 4.25, 1, 6], "texture": "#1"},
				"west": {"uv": [0.5, 4.25, 0.75, 6], "texture": "#1"},
				"up": {"uv": [0.5, 4.25, 0.25, 4], "texture": "#1"},
				"down": {"uv": [0.75, 4, 0.5, 4.25], "texture": "#1"}
			}
		},
		{
			"name": "Box20",
			"from": [-5.5, 0, 19.5],
			"to": [-3.5, 14, 21.5],
			"faces": {
				"north": {"uv": [2.5, 0.25, 2.75, 2], "texture": "#1"},
				"east": {"uv": [2.25, 0.25, 2.5, 2], "texture": "#1"},
				"south": {"uv": [3, 0.25, 3.25, 2], "texture": "#1"},
				"west": {"uv": [2.75, 0.25, 3, 2], "texture": "#1"},
				"up": {"uv": [2.75, 0.25, 2.5, 0], "texture": "#1"},
				"down": {"uv": [3, 0, 2.75, 0.25], "texture": "#1"}
			}
		},
		{
			"name": "Box20",
			"from": [19.5, 0, 19.5],
			"to": [21.5, 14, 21.5],
			"faces": {
				"north": {"uv": [1.375, 0.25, 1.625, 2], "texture": "#1"},
				"east": {"uv": [1.125, 0.25, 1.375, 2], "texture": "#1"},
				"south": {"uv": [1.875, 0.25, 2.125, 2], "texture": "#1"},
				"west": {"uv": [1.625, 0.25, 1.875, 2], "texture": "#1"},
				"up": {"uv": [1.625, 0.25, 1.375, 0], "texture": "#1"},
				"down": {"uv": [1.875, 0, 1.625, 0.25], "texture": "#1"}
			}
		},
		{
			"name": "Box20",
			"from": [19.5, 0, -4.5],
			"to": [21.5, 14, -2.5],
			"faces": {
				"north": {"uv": [0.25, 0.25, 0.5, 2], "texture": "#1"},
				"east": {"uv": [0, 0.25, 0.25, 2], "texture": "#1"},
				"south": {"uv": [0.75, 0.25, 1, 2], "texture": "#1"},
				"west": {"uv": [0.5, 0.25, 0.75, 2], "texture": "#1"},
				"up": {"uv": [0.5, 0.25, 0.25, 0], "texture": "#1"},
				"down": {"uv": [0.75, 0, 0.5, 0.25], "texture": "#1"}
			}
		},
		{
			"name": "Box24",
			"from": [-3.5, 11, -3.5],
			"to": [19.42704, 14, -3.499],
			"faces": {
				"north": {"uv": [6, 4.5, 8.75, 4.875], "texture": "#1"},
				"east": {"uv": [6, 4.5, 6, 4.875], "texture": "#1"},
				"south": {"uv": [8.75, 4.5, 11.5, 4.875], "texture": "#1"},
				"west": {"uv": [8.75, 4.5, 8.75, 4.875], "texture": "#1"},
				"up": {"uv": [8.75, 4.5, 6, 4.5], "texture": "#1"},
				"down": {"uv": [11.5, 4.5, 8.75, 4.5], "texture": "#1"}
			}
		},
		{
			"name": "Box24",
			"from": [-3.5, 11, 20.5],
			"to": [19.42704, 14, 20.501],
			"faces": {
				"north": {"uv": [3, 4, 5.75, 4.375], "texture": "#1"},
				"east": {"uv": [3, 4, 3, 4.375], "texture": "#1"},
				"south": {"uv": [5.75, 4, 8.5, 4.375], "texture": "#1"},
				"west": {"uv": [5.75, 4, 5.75, 4.375], "texture": "#1"},
				"up": {"uv": [5.75, 4, 3, 4], "texture": "#1"},
				"down": {"uv": [8.5, 4, 5.75, 4], "texture": "#1"}
			}
		},
		{
			"name": "Box24",
			"from": [-4.5, 11, -3.5],
			"to": [-4.499, 14, 19.5],
			"faces": {
				"north": {"uv": [5.875, 7.375, 5.875, 7.75], "texture": "#1"},
				"east": {"uv": [3, 7.375, 5.875, 7.75], "texture": "#1"},
				"south": {"uv": [8.75, 7.375, 8.75, 7.75], "texture": "#1"},
				"west": {"uv": [5.875, 7.375, 8.75, 7.75], "texture": "#1"},
				"up": {"uv": [5.875, 7.375, 5.875, 4.5], "texture": "#1"},
				"down": {"uv": [5.875, 4.5, 5.875, 7.375], "texture": "#1"}
			}
		},
		{
			"name": "Box24",
			"from": [20.5, 11, -3.5002],
			"to": [20.501, 14, 19.4998],
			"faces": {
				"north": {"uv": [2.875, 6.875, 2.875, 7.25], "texture": "#1"},
				"east": {"uv": [0, 6.875, 2.875, 7.25], "texture": "#1"},
				"south": {"uv": [5.75, 6.875, 5.75, 7.25], "texture": "#1"},
				"west": {"uv": [2.875, 6.875, 5.75, 7.25], "texture": "#1"},
				"up": {"uv": [2.875, 6.875, 2.875, 4], "texture": "#1"},
				"down": {"uv": [2.875, 4, 2.875, 6.875], "texture": "#1"}
			}
		}
	],
	"display": {
		"thirdperson_righthand": {
			"rotation": [60, -132, 0],
			"translation": [0, 7.75, -5.5],
			"scale": [0.6, 0.6, 0.6]
		},
		"thirdperson_lefthand": {
			"rotation": [60, -132, 0],
			"translation": [0, 7.75, -5.5],
			"scale": [0.6, 0.6, 0.6]
		},
		"firstperson_righthand": {
			"rotation": [0, -73, 6],
			"translation": [0, -0.75, 0],
			"scale": [0.4, 0.4, 0.4]
		},
		"firstperson_lefthand": {
			"rotation": [0, -73, 6],
			"translation": [0, -0.75, 0],
			"scale": [0.4, 0.4, 0.4]
		},
		"ground": {
			"translation": [0, 1.5, 0],
			"scale": [0.35, 0.35, 0.35]
		},
		"gui": {
			"rotation": [30, -40, 0],
			"translation": [0.25, 0, 0],
			"scale": [0.35, 0.35, 0.35]
		},
		"head": {
			"translation": [0, -30.4, 0],
			"scale": [1.6, 1.6, 1.6]
		},
		"fixed": {
			"rotation": [90, 0, -180],
			"translation": [0, 0, -16],
			"scale": [2, 2, 2]
		}
	}
}
