{
	"credit": "Made by LZLeon with Blockbench, Contact - Discord: LZBlocks#0261 - E-Mail: lzblocks@outlook.com",
	"texture_size": [64, 64],
	"textures": {
		"0": "lzfurniture:medievalroyal_stool",
		"particle": "lzfurniture:medievalroyal_stool"
	},
	"elements": [
		{
			"name": "Element",
			"from": [1, 8, 1],
			"to": [15, 10, 15],
			"faces": {
				"north": {"uv": [3.5, 3.5, 7, 4], "texture": "#0"},
				"east": {"uv": [0, 3.5, 3.5, 4], "texture": "#0"},
				"south": {"uv": [10.5, 3.5, 14, 4], "texture": "#0"},
				"west": {"uv": [7, 3.5, 10.5, 4], "texture": "#0"},
				"up": {"uv": [7, 3.5, 3.5, 0], "texture": "#0"},
				"down": {"uv": [10.5, 0, 7, 3.5], "texture": "#0"}
			}
		},
		{
			"name": "Element",
			"from": [1.5, 0, 12.5],
			"to": [3.5, 8, 14.5],
			"faces": {
				"north": {"uv": [5, 10.75, 5.5, 12.75], "texture": "#0"},
				"east": {"uv": [4.5, 10.75, 5, 12.75], "texture": "#0"},
				"south": {"uv": [6, 10.75, 6.5, 12.75], "texture": "#0"},
				"west": {"uv": [5.5, 10.75, 6, 12.75], "texture": "#0"},
				"up": {"uv": [5.5, 10.75, 5, 10.25], "texture": "#0"},
				"down": {"uv": [6, 10.25, 5.5, 10.75], "texture": "#0"}
			}
		},
		{
			"name": "Element",
			"from": [12.5, 0, 12.5],
			"to": [14.5, 8, 14.5],
			"faces": {
				"north": {"uv": [0.5, 0.5, 1, 2.5], "texture": "#0"},
				"east": {"uv": [0, 0.5, 0.5, 2.5], "texture": "#0"},
				"south": {"uv": [1.5, 0.5, 2, 2.5], "texture": "#0"},
				"west": {"uv": [1, 0.5, 1.5, 2.5], "texture": "#0"},
				"up": {"uv": [1, 0.5, 0.5, 0], "texture": "#0"},
				"down": {"uv": [1.5, 0, 1, 0.5], "texture": "#0"}
			}
		},
		{
			"name": "Element",
			"from": [1.5, 0, 1.5],
			"to": [3.5, 8, 3.5],
			"faces": {
				"north": {"uv": [5, 10.75, 5.5, 12.75], "texture": "#0"},
				"east": {"uv": [4.5, 10.75, 5, 12.75], "texture": "#0"},
				"south": {"uv": [6, 10.75, 6.5, 12.75], "texture": "#0"},
				"west": {"uv": [5.5, 10.75, 6, 12.75], "texture": "#0"},
				"up": {"uv": [5.5, 10.75, 5, 10.25], "texture": "#0"},
				"down": {"uv": [6, 10.25, 5.5, 10.75], "texture": "#0"}
			}
		},
		{
			"name": "Element",
			"from": [12.5, 0, 1.5],
			"to": [14.5, 8, 3.5],
			"faces": {
				"north": {"uv": [0.5, 0.5, 1, 2.5], "texture": "#0"},
				"east": {"uv": [0, 0.5, 0.5, 2.5], "texture": "#0"},
				"south": {"uv": [1.5, 0.5, 2, 2.5], "texture": "#0"},
				"west": {"uv": [1, 0.5, 1.5, 2.5], "texture": "#0"},
				"up": {"uv": [1, 0.5, 0.5, 0], "texture": "#0"},
				"down": {"uv": [1.5, 0, 1, 0.5], "texture": "#0"}
			}
		},
		{
			"name": "Box17",
			"from": [2.5, 5, 3.5],
			"to": [2.501, 8, 12.5],
			"rotation": {"angle": 0, "axis": "y", "origin": [0, -2, 0]},
			"faces": {
				"north": {"uv": [9.75, 10.5, 9.75, 11.25], "texture": "#0"},
				"east": {"uv": [7.5, 10.5, 9.75, 11.25], "texture": "#0"},
				"south": {"uv": [12, 10.5, 12, 11.25], "texture": "#0"},
				"west": {"uv": [9.75, 10.5, 12, 11.25], "texture": "#0"},
				"up": {"uv": [9.75, 10.5, 9.75, 8.25], "texture": "#0"},
				"down": {"uv": [9.75, 8.25, 9.75, 10.5], "texture": "#0"}
			}
		},
		{
			"name": "Box17",
			"from": [13.5, 5, 3.5],
			"to": [13.501, 8, 12.5],
			"rotation": {"angle": 0, "axis": "y", "origin": [0, -2, 0]},
			"faces": {
				"north": {"uv": [9.75, 7.25, 9.75, 8], "texture": "#0"},
				"east": {"uv": [7.5, 7.25, 9.75, 8], "texture": "#0"},
				"south": {"uv": [12, 7.25, 12, 8], "texture": "#0"},
				"west": {"uv": [9.75, 7.25, 12, 8], "texture": "#0"},
				"up": {"uv": [9.75, 7.25, 9.75, 5], "texture": "#0"},
				"down": {"uv": [9.75, 5, 9.75, 7.25], "texture": "#0"}
			}
		},
		{
			"name": "Box17",
			"from": [3.5, 5, 2.5],
			"to": [12.5, 8, 2.501],
			"rotation": {"angle": 0, "axis": "y", "origin": [0, -2, 0]},
			"faces": {
				"north": {"uv": [10.75, 0, 13, 0.75], "texture": "#0"},
				"east": {"uv": [10.75, 0, 10.75, 0.75], "texture": "#0"},
				"south": {"uv": [13, 0, 15.25, 0.75], "texture": "#0"},
				"west": {"uv": [13, 0, 13, 0.75], "texture": "#0"},
				"up": {"uv": [13, 0, 10.75, 0], "texture": "#0"},
				"down": {"uv": [15.25, 0, 13, 0], "texture": "#0"}
			}
		},
		{
			"name": "Box17",
			"from": [3.5, 5, 13.5],
			"to": [12.5, 8, 13.501],
			"rotation": {"angle": 0, "axis": "y", "origin": [0, -2, 0]},
			"faces": {
				"north": {"uv": [10, 9.25, 12.25, 10], "texture": "#0"},
				"east": {"uv": [10, 9.25, 10, 10], "texture": "#0"},
				"south": {"uv": [12.25, 9.25, 14.5, 10], "texture": "#0"},
				"west": {"uv": [12.25, 9.25, 12.25, 10], "texture": "#0"},
				"up": {"uv": [12.25, 9.25, 10, 9.25], "texture": "#0"},
				"down": {"uv": [14.5, 9.25, 12.25, 9.25], "texture": "#0"}
			}
		}
	],
	"display": {
		"thirdperson_righthand": {
			"rotation": [60, -160, 0],
			"translation": [0, 3.25, 0],
			"scale": [0.6, 0.6, 0.6]
		},
		"thirdperson_lefthand": {
			"rotation": [60, -160, 0],
			"translation": [0, 3.25, 0],
			"scale": [0.6, 0.6, 0.6]
		},
		"firstperson_righthand": {
			"rotation": [0, -73, 6],
			"translation": [0, 1.5, 0],
			"scale": [0.4, 0.4, 0.4]
		},
		"firstperson_lefthand": {
			"rotation": [0, -73, 6],
			"translation": [0, 1.5, 0],
			"scale": [0.4, 0.4, 0.4]
		},
		"ground": {
			"translation": [0, 1.5, 0],
			"scale": [0.35, 0.35, 0.35]
		},
		"gui": {
			"rotation": [30, -40, 0],
			"translation": [0.25, 0.5, 0],
			"scale": [0.55, 0.55, 0.55]
		},
		"head": {
			"translation": [0, -30.4, 0],
			"scale": [1.6, 1.6, 1.6]
		},
		"fixed": {
			"rotation": [90, 0, -180],
			"translation": [0, 0, -16],
			"scale": [2, 2, 2]
		}
	}
}
