{
	"credit": "Made by LZLeon with Blockbench, Contact - Discord: LZBlocks#0261 - E-Mail: lzblocks@outlook.com",
	"texture_size": [128, 128],
	"textures": {
		"1": "medieval_pack_v2:medievalroyal_throne",
		"particle": "medieval_pack_v2:medievalroyal_throne"
	},
	"elements": [
		{
			"from": [0, 2, 0],
			"to": [16, 7, 16],
			"faces": {
				"north": {"uv": [2, 2, 4, 2.625], "texture": "#1"},
				"east": {"uv": [0, 2, 2, 2.625], "texture": "#1"},
				"south": {"uv": [6, 2, 8, 2.625], "texture": "#1"},
				"west": {"uv": [4, 2, 6, 2.625], "texture": "#1"},
				"up": {"uv": [4, 2, 2, 0], "texture": "#1"},
				"down": {"uv": [6, 0, 4, 2], "texture": "#1"}
			}
		},
		{
			"from": [0, 0, 14],
			"to": [2, 2, 16],
			"faces": {
				"north": {"uv": [1, 0.5, 1.25, 0.75], "texture": "#1"},
				"east": {"uv": [0.75, 0.5, 1, 0.75], "texture": "#1"},
				"south": {"uv": [1.5, 0.5, 1.75, 0.75], "texture": "#1"},
				"west": {"uv": [1.25, 0.5, 1.5, 0.75], "texture": "#1"},
				"up": {"uv": [1.25, 0.5, 1, 0.25], "texture": "#1"},
				"down": {"uv": [1.5, 0.25, 1.25, 0.5], "texture": "#1"}
			}
		},
		{
			"from": [0, 0, 0],
			"to": [2, 2, 2],
			"faces": {
				"north": {"uv": [1, 0.5, 1.25, 0.75], "texture": "#1"},
				"east": {"uv": [0.75, 0.5, 1, 0.75], "texture": "#1"},
				"south": {"uv": [1.5, 0.5, 1.75, 0.75], "texture": "#1"},
				"west": {"uv": [1.25, 0.5, 1.5, 0.75], "texture": "#1"},
				"up": {"uv": [1.25, 0.5, 1, 0.25], "texture": "#1"},
				"down": {"uv": [1.5, 0.25, 1.25, 0.5], "texture": "#1"}
			}
		},
		{
			"from": [14, 0, 0],
			"to": [16, 2, 2],
			"faces": {
				"north": {"uv": [0.25, 0.25, 0.5, 0.5], "texture": "#1"},
				"east": {"uv": [0, 0.25, 0.25, 0.5], "texture": "#1"},
				"south": {"uv": [0.75, 0.25, 1, 0.5], "texture": "#1"},
				"west": {"uv": [0.5, 0.25, 0.75, 0.5], "texture": "#1"},
				"up": {"uv": [0.5, 0.25, 0.25, 0], "texture": "#1"},
				"down": {"uv": [0.75, 0, 0.5, 0.25], "texture": "#1"}
			}
		},
		{
			"from": [14, 0, 14],
			"to": [16, 2, 16],
			"faces": {
				"north": {"uv": [0.25, 0.75, 0.5, 1], "texture": "#1"},
				"east": {"uv": [0, 0.75, 0.25, 1], "texture": "#1"},
				"south": {"uv": [0.75, 0.75, 1, 1], "texture": "#1"},
				"west": {"uv": [0.5, 0.75, 0.75, 1], "texture": "#1"},
				"up": {"uv": [0.5, 0.75, 0.25, 0.5], "texture": "#1"},
				"down": {"uv": [0.75, 0.5, 0.5, 0.75], "texture": "#1"}
			}
		},
		{
			"from": [0, 7, 3],
			"to": [2, 12, 16],
			"faces": {
				"north": {"uv": [7.125, 4.25, 7.375, 4.875], "texture": "#1"},
				"east": {"uv": [5.5, 4.25, 7.125, 4.875], "texture": "#1"},
				"south": {"uv": [9, 4.25, 9.25, 4.875], "texture": "#1"},
				"west": {"uv": [7.375, 4.25, 9, 4.875], "texture": "#1"},
				"up": {"uv": [7.375, 4.25, 7.125, 2.625], "texture": "#1"},
				"down": {"uv": [7.625, 2.625, 7.375, 4.25], "texture": "#1"}
			}
		},
		{
			"from": [14, 7, 3],
			"to": [16, 12, 16],
			"faces": {
				"north": {"uv": [4, 6.875, 4.25, 7.5], "texture": "#1"},
				"east": {"uv": [2.375, 6.875, 4, 7.5], "texture": "#1"},
				"south": {"uv": [5.875, 6.875, 6.125, 7.5], "texture": "#1"},
				"west": {"uv": [4.25, 6.875, 5.875, 7.5], "texture": "#1"},
				"up": {"uv": [4.25, 6.875, 4, 5.25], "texture": "#1"},
				"down": {"uv": [4.5, 5.25, 4.25, 6.875], "texture": "#1"}
			}
		},
		{
			"from": [0.02944, 20.27208, 3.001],
			"to": [3.02944, 23.27208, 16.001],
			"rotation": {"angle": -45, "axis": "z", "origin": [-2.97056, -0.72792, 0]},
			"faces": {
				"north": {"uv": [1.625, 6.5, 2, 6.875], "texture": "#1"},
				"east": {"uv": [0, 6.5, 1.625, 6.875], "texture": "#1"},
				"south": {"uv": [3.625, 6.5, 4, 6.875], "texture": "#1"},
				"west": {"uv": [2, 6.5, 3.625, 6.875], "texture": "#1"},
				"up": {"uv": [2, 6.5, 1.625, 4.875], "texture": "#1"},
				"down": {"uv": [2.375, 4.875, 2, 6.5], "texture": "#1"}
			}
		},
		{
			"from": [-13.75736, 10.64466, 3.001],
			"to": [-10.75736, 13.64466, 16.001],
			"rotation": {"angle": -45, "axis": "z", "origin": [-6.36396, -2.57716, 0]},
			"faces": {
				"north": {"uv": [4.75, 4.875, 5.125, 5.25], "texture": "#1"},
				"east": {"uv": [3.125, 4.875, 4.75, 5.25], "texture": "#1"},
				"south": {"uv": [6.75, 4.875, 7.125, 5.25], "texture": "#1"},
				"west": {"uv": [5.125, 4.875, 6.75, 5.25], "texture": "#1"},
				"up": {"uv": [5.125, 4.875, 4.75, 3.25], "texture": "#1"},
				"down": {"uv": [5.5, 3.25, 5.125, 4.875], "texture": "#1"}
			}
		},
		{
			"from": [0, 7, 0],
			"to": [16, 22, 3],
			"faces": {
				"north": {"uv": [0.375, 3, 2.375, 4.875], "texture": "#1"},
				"east": {"uv": [0, 3, 0.375, 4.875], "texture": "#1"},
				"south": {"uv": [2.75, 3, 4.75, 4.875], "texture": "#1"},
				"west": {"uv": [2.375, 3, 2.75, 4.875], "texture": "#1"},
				"up": {"uv": [2.375, 3, 0.375, 2.625], "texture": "#1"},
				"down": {"uv": [4.375, 2.625, 2.375, 3], "texture": "#1"}
			}
		},
		{
			"from": [2, 22, 0],
			"to": [14, 29, 3],
			"faces": {
				"north": {"uv": [4.875, 5.625, 6.375, 6.5], "texture": "#1"},
				"east": {"uv": [4.5, 5.625, 4.875, 6.5], "texture": "#1"},
				"south": {"uv": [6.75, 5.625, 8.25, 6.5], "texture": "#1"},
				"west": {"uv": [6.375, 5.625, 6.75, 6.5], "texture": "#1"},
				"up": {"uv": [6.375, 5.625, 4.875, 5.25], "texture": "#1"},
				"down": {"uv": [7.875, 5.25, 6.375, 5.625], "texture": "#1"}
			}
		}
	],
	"display": {
		"thirdperson_righthand": {
			"rotation": [60, -160, 0],
			"translation": [0.25, 3.25, -2.5],
			"scale": [0.6, 0.6, 0.6]
		},
		"thirdperson_lefthand": {
			"rotation": [60, -160, 0],
			"translation": [0.25, 3.25, -2.5],
			"scale": [0.6, 0.6, 0.6]
		},
		"firstperson_righthand": {
			"rotation": [0, -73, 6],
			"translation": [0, -1.25, 0],
			"scale": [0.4, 0.4, 0.4]
		},
		"firstperson_lefthand": {
			"rotation": [0, -73, 6],
			"translation": [0, -1.25, 0],
			"scale": [0.4, 0.4, 0.4]
		},
		"ground": {
			"translation": [0, 1.5, 0],
			"scale": [0.35, 0.35, 0.35]
		},
		"gui": {
			"rotation": [30, -40, 0],
			"translation": [-0.25, -2.25, 0],
			"scale": [0.4, 0.4, 0.4]
		},
		"head": {
			"translation": [0, -30.4, 0],
			"scale": [1.6, 1.6, 1.6]
		},
		"fixed": {
			"rotation": [-90, -180, 0],
			"translation": [0, 0, -15],
			"scale": [2, 2, 2]
		}
	}
}