{
	"credit": "Made by LZLeon with Blockbench, Contact - Discord: LZBlocks#0261 - E-Mail: lzblocks@outlook.com",
	"texture_size": [128, 128],
	"textures": {
		"0": "medieval_pack_v2:medievalroyal_painting_2x1",
		"particle": "medieval_pack_v2:medievalroyal_painting_2x1"
	},
	"elements": [
		{
			"from": [2, 2, 0.5],
			"to": [30, 14, 1.5],
			"faces": {
				"north": {"uv": [0.125, 1.125, 3.625, 2.625], "texture": "#0"},
				"east": {"uv": [0, 1.125, 0.125, 2.625], "texture": "#0"},
				"south": {"uv": [3.75, 1.125, 7.25, 2.625], "texture": "#0"},
				"west": {"uv": [3.625, 1.125, 3.75, 2.625], "texture": "#0"},
				"up": {"uv": [3.625, 1.125, 0.125, 1], "texture": "#0"},
				"down": {"uv": [7.125, 1, 3.625, 1.125], "texture": "#0"}
			}
		},
		{
			"from": [0, 2, 0],
			"to": [2, 14, 2],
			"faces": {
				"north": {"uv": [1.25, 2.875, 1.5, 4.375], "texture": "#0"},
				"east": {"uv": [1, 2.875, 1.25, 4.375], "texture": "#0"},
				"south": {"uv": [1.75, 2.875, 2, 4.375], "texture": "#0"},
				"west": {"uv": [1.5, 2.875, 1.75, 4.375], "texture": "#0"},
				"up": {"uv": [1.5, 2.875, 1.25, 2.625], "texture": "#0"},
				"down": {"uv": [1.75, 2.625, 1.5, 2.875], "texture": "#0"}
			}
		},
		{
			"from": [30, 2, 0],
			"to": [32, 14, 2],
			"faces": {
				"north": {"uv": [0.25, 2.875, 0.5, 4.375], "texture": "#0"},
				"east": {"uv": [0, 2.875, 0.25, 4.375], "texture": "#0"},
				"south": {"uv": [0.75, 2.875, 1, 4.375], "texture": "#0"},
				"west": {"uv": [0.5, 2.875, 0.75, 4.375], "texture": "#0"},
				"up": {"uv": [0.5, 2.875, 0.25, 2.625], "texture": "#0"},
				"down": {"uv": [0.75, 2.625, 0.5, 2.875], "texture": "#0"}
			}
		},
		{
			"from": [0, 0, 0],
			"to": [32, 2, 2],
			"faces": {
				"north": {"uv": [0.25, 0.75, 4.25, 1], "texture": "#0"},
				"east": {"uv": [0, 0.75, 0.25, 1], "texture": "#0"},
				"south": {"uv": [4.5, 0.75, 8.5, 1], "texture": "#0"},
				"west": {"uv": [4.25, 0.75, 4.5, 1], "texture": "#0"},
				"up": {"uv": [4.25, 0.75, 0.25, 0.5], "texture": "#0"},
				"down": {"uv": [8.25, 0.5, 4.25, 0.75], "texture": "#0"}
			}
		},
		{
			"from": [13, -0.74556, 1.8518],
			"to": [19, 2.25444, 2.8518],
			"rotation": {"angle": -22.5, "axis": "x", "origin": [-13, -0.00025, 0.0518]},
			"faces": {
				"north": {"uv": [2.125, 2.75, 2.875, 3.125], "texture": "#0"},
				"east": {"uv": [2, 2.75, 2.125, 3.125], "texture": "#0"},
				"south": {"uv": [3, 2.75, 3.75, 3.125], "texture": "#0"},
				"west": {"uv": [2.875, 2.75, 3, 3.125], "texture": "#0"},
				"up": {"uv": [2.875, 2.75, 2.125, 2.625], "texture": "#0"},
				"down": {"uv": [3.625, 2.625, 2.875, 2.75], "texture": "#0"}
			}
		},
		{
			"from": [0, 14, 0],
			"to": [32, 16, 2],
			"faces": {
				"north": {"uv": [0.25, 0.25, 4.25, 0.5], "texture": "#0"},
				"east": {"uv": [0, 0.25, 0.25, 0.5], "texture": "#0"},
				"south": {"uv": [4.5, 0.25, 8.5, 0.5], "texture": "#0"},
				"west": {"uv": [4.25, 0.25, 4.5, 0.5], "texture": "#0"},
				"up": {"uv": [4.25, 0.25, 0.25, 0], "texture": "#0"},
				"down": {"uv": [8.25, 0, 4.25, 0.25], "texture": "#0"}
			}
		}
	],
	"display": {
		"thirdperson_righthand": {
			"rotation": [60, -160, 0],
			"translation": [5.5, 7.75, -1.25],
			"scale": [0.6, 0.6, 0.6]
		},
		"thirdperson_lefthand": {
			"rotation": [60, -160, 0],
			"translation": [-5.25, 3.75, 0],
			"scale": [0.6, 0.6, 0.6]
		},
		"firstperson_righthand": {
			"rotation": [0, -73, 6],
			"translation": [-5.5, 2, 0],
			"scale": [0.4, 0.4, 0.4]
		},
		"firstperson_lefthand": {
			"rotation": [0, -73, 6],
			"translation": [-3.25, 2, 4.75],
			"scale": [0.4, 0.4, 0.4]
		},
		"ground": {
			"translation": [-3.25, 1.5, 2],
			"scale": [0.35, 0.35, 0.35]
		},
		"gui": {
			"rotation": [30, -40, 0],
			"translation": [-5.75, 0, 0],
			"scale": [0.55, 0.55, 0.55]
		},
		"head": {
			"translation": [0, -30.4, 0],
			"scale": [1.6, 1.6, 1.6]
		},
		"fixed": {
			"rotation": [0, -180, 0],
			"translation": [0, 0, -15],
			"scale": [2, 2, 2]
		}
	}
}