{
	"credit": "Made by LZLeon with Blockbench, Contact - Discord: LZBlocks#0261 - E-Mail: lzblocks@outlook.com",
	"texture_size": [32, 32],
	"textures": {
		"0": "medieval_pack_v2:medievalroyal_torch",
		"particle": "medieval_pack_v2:medievalroyal_torch"
	},
	"elements": [
		{
			"from": [6, 2, 0],
			"to": [10, 13, 1],
			"rotation": {"angle": 0, "axis": "y", "origin": [0, 1, 0]},
			"faces": {
				"north": {"uv": [0.5, 5.5, 2.5, 11], "texture": "#0"},
				"east": {"uv": [0, 5.5, 0.5, 11], "texture": "#0"},
				"south": {"uv": [3, 5.5, 5, 11], "texture": "#0"},
				"west": {"uv": [2.5, 5.5, 3, 11], "texture": "#0"},
				"up": {"uv": [2.5, 5.5, 0.5, 5], "texture": "#0"},
				"down": {"uv": [4.5, 5, 2.5, 5.5], "texture": "#0"}
			}
		},
		{
			"from": [0.8, 10.5, 1],
			"to": [1.8, 11.5, 5],
			"rotation": {"angle": -45, "axis": "z", "origin": [0, 1, 0]},
			"faces": {
				"north": {"uv": [9, 11.5, 9.5, 12], "texture": "#0"},
				"east": {"uv": [7, 11.5, 9, 12], "texture": "#0"},
				"south": {"uv": [11.5, 11.5, 12, 12], "texture": "#0"},
				"west": {"uv": [9.5, 11.5, 11.5, 12], "texture": "#0"},
				"up": {"uv": [9.5, 11.5, 9, 9.5], "texture": "#0"},
				"down": {"uv": [10, 9.5, 9.5, 11.5], "texture": "#0"}
			}
		},
		{
			"from": [6, 12.47046, 1.3942],
			"to": [10, 19.47046, 1.3942],
			"rotation": {"angle": 22.5, "axis": "x", "origin": [0, -0.58657, -1.6058]},
			"faces": {
				"north": {"uv": [12, 12, 14, 15.5], "texture": "#0"},
				"east": {"uv": [12, 12, 12, 15.5], "texture": "#0"},
				"south": {"uv": [14, 12, 16, 15.5], "texture": "#0"},
				"west": {"uv": [14, 12, 14, 15.5], "texture": "#0"},
				"up": {"uv": [14, 12, 12, 12], "texture": "#0"},
				"down": {"uv": [16, 12, 14, 12], "texture": "#0"}
			}
		},
		{
			"from": [8, 12.47046, -0.6058],
			"to": [8, 19.47046, 3.3942],
			"rotation": {"angle": 22.5, "axis": "x", "origin": [0, -0.58657, -1.6058]},
			"faces": {
				"north": {"uv": [14, 8.5, 14, 12], "texture": "#0"},
				"east": {"uv": [12, 8.5, 14, 12], "texture": "#0"},
				"south": {"uv": [16, 8.5, 16, 12], "texture": "#0"},
				"west": {"uv": [14, 8.5, 16, 12], "texture": "#0"},
				"up": {"uv": [14, 8.5, 14, 6.5], "texture": "#0"},
				"down": {"uv": [14, 6.5, 14, 8.5], "texture": "#0"}
			}
		},
		{
			"from": [6.5, 4.41343, 0.3942],
			"to": [9.5, 5.41343, 3.3942],
			"rotation": {"angle": 22.5, "axis": "x", "origin": [0, 0.41343, -1.6058]},
			"faces": {
				"north": {"uv": [7.5, 1.5, 9, 2], "texture": "#0"},
				"east": {"uv": [6, 1.5, 7.5, 2], "texture": "#0"},
				"south": {"uv": [10.5, 1.5, 12, 2], "texture": "#0"},
				"west": {"uv": [9, 1.5, 10.5, 2], "texture": "#0"},
				"up": {"uv": [9, 1.5, 7.5, 0], "texture": "#0"},
				"down": {"uv": [10.5, 0, 9, 1.5], "texture": "#0"}
			}
		},
		{
			"from": [6.5, 6.41343, 0.3942],
			"to": [9.5, 7.41343, 3.3942],
			"rotation": {"angle": 22.5, "axis": "x", "origin": [0, 0.41343, -1.6058]},
			"faces": {
				"north": {"uv": [9.5, 3.5, 11, 4], "texture": "#0"},
				"east": {"uv": [8, 3.5, 9.5, 4], "texture": "#0"},
				"south": {"uv": [12.5, 3.5, 14, 4], "texture": "#0"},
				"west": {"uv": [11, 3.5, 12.5, 4], "texture": "#0"},
				"up": {"uv": [11, 3.5, 9.5, 2], "texture": "#0"},
				"down": {"uv": [12.5, 2, 11, 3.5], "texture": "#0"}
			}
		},
		{
			"from": [6.5, 10.41343, 0.3942],
			"to": [9.5, 11.41343, 3.3942],
			"rotation": {"angle": 22.5, "axis": "x", "origin": [0, 0.41343, -1.6058]},
			"faces": {
				"north": {"uv": [9.5, 5.5, 11, 6], "texture": "#0"},
				"east": {"uv": [8, 5.5, 9.5, 6], "texture": "#0"},
				"south": {"uv": [12.5, 5.5, 14, 6], "texture": "#0"},
				"west": {"uv": [11, 5.5, 12.5, 6], "texture": "#0"},
				"up": {"uv": [11, 5.5, 9.5, 4], "texture": "#0"},
				"down": {"uv": [12.5, 4, 11, 5.5], "texture": "#0"}
			}
		},
		{
			"from": [6, 12.47046, -0.1058],
			"to": [10, 18.47046, 3.8942],
			"rotation": {"angle": 22.5, "axis": "x", "origin": [0, 0.41343, -1.6058]},
			"faces": {
				"north": {"uv": [2, 2, 4, 5], "texture": "#0"},
				"east": {"uv": [0, 2, 2, 5], "texture": "#0"},
				"south": {"uv": [6, 2, 8, 5], "texture": "#0"},
				"west": {"uv": [4, 2, 6, 5], "texture": "#0"},
				"up": {"uv": [4, 2, 2, 0], "texture": "#0"},
				"down": {"uv": [6, 0, 4, 2], "texture": "#0"}
			}
		},
		{
			"from": [7, 3.41343, 0.8942],
			"to": [9, 12.41343, 2.8942],
			"rotation": {"angle": 22.5, "axis": "x", "origin": [0, 0.41343, -1.6058]},
			"faces": {
				"north": {"uv": [6, 6, 7, 10.5], "texture": "#0"},
				"east": {"uv": [5, 6, 6, 10.5], "texture": "#0"},
				"south": {"uv": [8, 6, 9, 10.5], "texture": "#0"},
				"west": {"uv": [7, 6, 8, 10.5], "texture": "#0"},
				"up": {"uv": [7, 6, 6, 5], "texture": "#0"},
				"down": {"uv": [8, 5, 7, 6], "texture": "#0"}
			}
		},
		{
			"name": "cube inverted",
			"from": [10, 18.47046, 3.8942],
			"to": [6, 12.47046, -0.1058],
			"rotation": {"angle": 22.5, "axis": "x", "origin": [0, 0.41343, -1.6058]},
			"faces": {
				"north": {"uv": [6, 5, 8, 2], "texture": "#0"},
				"east": {"uv": [4, 5, 6, 2], "texture": "#0"},
				"south": {"uv": [2, 5, 4, 2], "texture": "#0"},
				"west": {"uv": [0, 5, 2, 2], "texture": "#0"},
				"up": {"uv": [4, 0, 6, 2], "texture": "#0"},
				"down": {"uv": [2, 2, 4, 0], "texture": "#0"}
			}
		}
	],
	"display": {
		"thirdperson_righthand": {
			"rotation": [60, -160, 0],
			"translation": [-2.25, 6, -0.75],
			"scale": [0.8, 0.8, 0.8]
		},
		"thirdperson_lefthand": {
			"rotation": [60, -160, 0],
			"translation": [-2.25, 6, -0.75],
			"scale": [0.8, 0.8, 0.8]
		},
		"firstperson_righthand": {
			"rotation": [0, -73, 6],
			"translation": [-0.25, -0.5, 0],
			"scale": [0.8, 0.8, 0.8]
		},
		"firstperson_lefthand": {
			"rotation": [0, -73, 6],
			"translation": [-0.25, -0.5, 0],
			"scale": [0.8, 0.8, 0.8]
		},
		"ground": {
			"translation": [0, 1.5, 2],
			"scale": [0.5, 0.5, 0.5]
		},
		"gui": {
			"rotation": [30, -40, 0],
			"translation": [-2.5, -1.75, 0]
		},
		"head": {
			"translation": [0, -30.4, 0],
			"scale": [1.6, 1.6, 1.6]
		},
		"fixed": {
			"rotation": [-180, 0, -180],
			"translation": [0, 0, -16],
			"scale": [2, 2, 2]
		}
	}
}