{
   "providers":[
      {
         "file":"mccosmetics:ui/mccosmetics-main.png",
         "chars":[
            "\ue833"
         ],
         "height":256,
         "ascent":13,
         "type":"bitmap"
      },
      {
         "file":"mccosmetics:ui/mccosmetics-accessories.png",
         "chars":[
            "\ue834"
         ],
         "height":256,
         "ascent":13,
         "type":"bitmap"
      },
      {
         "file":"mccosmetics:ui/mccosmetics-backpacks.png",
         "chars":[
            "\ue835"
         ],
         "height":256,
         "ascent":13,
         "type":"bitmap"
      },
      {
         "file":"mccosmetics:ui/mccosmetics-emotes.png",
         "chars":[
            "\ue836"
         ],
         "height":256,
         "ascent":13,
         "type":"bitmap"
      },
      {
         "file":"mccosmetics:ui/mccosmetics-offhand.png",
         "chars":[
            "\ue837"
         ],
         "height":256,
         "ascent":13,
         "type":"bitmap"
      },
      {
         "file":"mccosmetics:ui/mccosmetics-sprays.png",
         "chars":[
            "\ue838"
         ],
         "height":256,
         "ascent":13,
         "type":"bitmap"
      },
      {
         "file":"mccosmetics:ui/mccosmetics-hats.png",
         "chars":[
            "\ue839"
         ],
         "height":256,
         "ascent":13,
         "type":"bitmap"
      },
      {
         "file":"mccosmetics:ui/mccosmetics-hats.png",
         "chars":[
            "\ue801"
         ],
         "height":-6,
         "ascent":-32768,
         "type":"bitmap"
      },
      {
         "file":"mccosmetics:ui/empty_character.png",
         "chars":[
            "\ue802"
         ],
         "height":-6,
         "ascent":-32768,
         "type":"bitmap"
      }
   ]
}