{
   "providers":[
      {
         "file":"skycore_font:icon_lead",
         "chars":[
            "\ub001"
         ],
         "height":7,
         "ascent":7,
         "type":"bitmap"
      },
	  {
         "file":"skycore_font:icon_admin",
         "chars":[
            "\ub002"
         ],
         "height":7,
         "ascent":7,
         "type":"bitmap"
      },
	  {
         "file":"skycore_font:icon_manager",
         "chars":[
            "\ub003"
         ],
         "height":7,
         "ascent":7,
         "type":"bitmap"
      },
	  {
         "file":"skycore_font:icon_senior_game_master",
         "chars":[
            "\ub004"
         ],
         "height":7,
         "ascent":7,
         "type":"bitmap"
      },
	  {
         "file":"skycore_font:icon_game_master",
         "chars":[
            "\ub005"
         ],
         "height":7,
         "ascent":7,
         "type":"bitmap"
      },
	  {
         "file":"skycore_font:icon_junior_game_master",
         "chars":[
            "\ub006"
         ],
         "height":7,
         "ascent":7,
         "type":"bitmap"
      },
	  {
         "file":"skycore_font:icon_staff",
         "chars":[
            "\ub007"
         ],
         "height":7,
         "ascent":7,
         "type":"bitmap"
      },
	  {
         "file":"skycore_font:icon_vip_partner",
         "chars":[
            "\ub008"
         ],
         "height":7,
         "ascent":7,
         "type":"bitmap"
      },
	  {
         "file":"skycore_font:icon_partner",
         "chars":[
            "\ub009"
         ],
         "height":7,
         "ascent":7,
         "type":"bitmap"
      },
	  {
         "file":"skycore_font:icon_creator_plus",
         "chars":[
            "\ub010"
         ],
         "height":7,
         "ascent":7,
         "type":"bitmap"
      },
	  {
         "file":"skycore_font:icon_creator",
         "chars":[
            "\ub011"
         ],
         "height":7,
         "ascent":7,
         "type":"bitmap"
      },
	  {
         "file":"skycore_font:icon_vip",
         "chars":[
            "\ub012"
         ],
         "height":7,
         "ascent":7,
         "type":"bitmap"
      },
	  {
         "file":"skycore_font:icon_master",
         "chars":[
            "\ub013"
         ],
         "height":7,
         "ascent":7,
         "type":"bitmap"
      },
	  {
         "file":"skycore_font:icon_elite",
         "chars":[
            "\ub014"
         ],
         "height":7,
         "ascent":7,
         "type":"bitmap"
      },
	  {
         "file":"skycore_font:icon_pro",
         "chars":[
            "\ub015"
         ],
         "height":7,
         "ascent":7,
         "type":"bitmap"
      },
	  {
         "file":"skycore_font:icon_premium",
         "chars":[
            "\ub016"
         ],
         "height":7,
         "ascent":7,
         "type":"bitmap"
      },
	  {
         "file":"skycore_font:icon_player",
         "chars":[
            "\ub017"
         ],
         "height":7,
         "ascent":7,
         "type":"bitmap"
      },
   ]
}