{
   "providers":[
      {
         "file":"skycore_font:icon_lead.png",
         "chars":[
            "\ub001"
         ],
         "height":7,
         "ascent":7,
         "type":"bitmap"
      },
	  {
         "file":"skycore_font:icon_admin.png",
         "chars":[
            "\ub002"
         ],
         "height":7,
         "ascent":7,
         "type":"bitmap"
      },
	  {
         "file":"skycore_font:icon_manager.png",
         "chars":[
            "\ub003"
         ],
         "height":7,
         "ascent":7,
         "type":"bitmap"
      },
	  {
         "file":"skycore_font:icon_senior_game_master.png",
         "chars":[
            "\ub004"
         ],
         "height":7,
         "ascent":7,
         "type":"bitmap"
      },
	  {
         "file":"skycore_font:icon_game_master.png",
         "chars":[
            "\ub005"
         ],
         "height":7,
         "ascent":7,
         "type":"bitmap"
      },
	  {
         "file":"skycore_font:icon_junior_game_master.png",
         "chars":[
            "\ub006"
         ],
         "height":7,
         "ascent":7,
         "type":"bitmap"
      },
	  {
         "file":"skycore_font:icon_staff.png",
         "chars":[
            "\ub007"
         ],
         "height":7,
         "ascent":7,
         "type":"bitmap"
      },
	  {
         "file":"skycore_font:icon_vip_partner.png",
         "chars":[
            "\ub008"
         ],
         "height":7,
         "ascent":7,
         "type":"bitmap"
      },
	  {
         "file":"skycore_font:icon_partner.png",
         "chars":[
            "\ub009"
         ],
         "height":7,
         "ascent":7,
         "type":"bitmap"
      },
	  {
         "file":"skycore_font:icon_creator_plus.png",
         "chars":[
            "\ub010"
         ],
         "height":7,
         "ascent":7,
         "type":"bitmap"
      },
	  {
         "file":"skycore_font:icon_creator.png",
         "chars":[
            "\ub011"
         ],
         "height":7,
         "ascent":7,
         "type":"bitmap"
      },
	  {
         "file":"skycore_font:icon_vip.png",
         "chars":[
            "\ub012"
         ],
         "height":7,
         "ascent":7,
         "type":"bitmap"
      },
	  {
         "file":"skycore_font:icon_master.png",
         "chars":[
            "\ub013"
         ],
         "height":7,
         "ascent":7,
         "type":"bitmap"
      },
	  {
         "file":"skycore_font:icon_elite.png",
         "chars":[
            "\ub014"
         ],
         "height":7,
         "ascent":7,
         "type":"bitmap"
      },
	  {
         "file":"skycore_font:icon_pro.png",
         "chars":[
            "\ub015"
         ],
         "height":7,
         "ascent":7,
         "type":"bitmap"
      },
	  {
         "file":"skycore_font:icon_premium.png",
         "chars":[
            "\ub016"
         ],
         "height":7,
         "ascent":7,
         "type":"bitmap"
      },
	  {
         "file":"skycore_font:icon_player.png",
         "chars":[
            "\ub017"
         ],
         "height":7,
         "ascent":7,
         "type":"bitmap"
      },
   ]
}