{
	"providers": [
		{
			"file": "skycore_font:icon_lead.png",
			"chars": [
				""
			],
			"height": 6,
			"ascent": 7,
			"type": "bitmap"
		},
		{
			"file": "skycore_font:icon_admin.png",
			"chars": [
				""
			],
			"height": 6,
			"ascent": 7,
			"type": "bitmap"
		},
		{
			"file": "skycore_font:icon_manager.png",
			"chars": [
				""
			],
			"height": 6,
			"ascent": 7,
			"type": "bitmap"
		},
		{
			"file": "skycore_font:icon_senior_game_master.png",
			"chars": [
				""
			],
			"height": 6,
			"ascent": 7,
			"type": "bitmap"
		},
		{
			"file": "skycore_font:icon_game_master.png",
			"chars": [
				""
			],
			"height": 6,
			"ascent": 7,
			"type": "bitmap"
		},
		{
			"file": "skycore_font:icon_junior_game_master.png",
			"chars": [
				""
			],
			"height": 6,
			"ascent": 7,
			"type": "bitmap"
		},
		{
			"file": "skycore_font:icon_staff.png",
			"chars": [
				""
			],
			"height": 6,
			"ascent": 7,
			"type": "bitmap"
		},
		{
			"file": "skycore_font:icon_vip_partner.png",
			"chars": [
				""
			],
			"height": 6,
			"ascent": 7,
			"type": "bitmap"
		},
		{
			"file": "skycore_font:icon_partner.png",
			"chars": [
				""
			],
			"height": 6,
			"ascent": 7,
			"type": "bitmap"
		},
		{
			"file": "skycore_font:icon_creator_plus.png",
			"chars": [
				""
			],
			"height": 6,
			"ascent": 7,
			"type": "bitmap"
		},
		{
			"file": "skycore_font:icon_creator.png",
			"chars": [
				""
			],
			"height": 6,
			"ascent": 7,
			"type": "bitmap"
		},
		{
			"file": "skycore_font:icon_vip.png",
			"chars": [
				""
			],
			"height": 6,
			"ascent": 7,
			"type": "bitmap"
		},
		{
			"file": "skycore_font:icon_master.png",
			"chars": [
				""
			],
			"height": 6,
			"ascent": 7,
			"type": "bitmap"
		},
		{
			"file": "skycore_font:icon_elite.png",
			"chars": [
				""
			],
			"height": 6,
			"ascent": 7,
			"type": "bitmap"
		},
		{
			"file": "skycore_font:icon_pro.png",
			"chars": [
				""
			],
			"height": 6,
			"ascent": 7,
			"type": "bitmap"
		},
		{
			"file": "skycore_font:icon_premium.png",
			"chars": [
				""
			],
			"height": 6,
			"ascent": 7,
			"type": "bitmap"
		},
		{
			"file": "skycore_font:icon_player.png",
			"chars": [
				""
			],
			"height": 6,
			"ascent": 7,
			"type": "bitmap"
		}
	]
}