{
	"credit": "Made by MisterGriimm",
	"texture_size": [32, 32],
	"textures": {
		"0": "block/chain",
		"1": "griims_deco_01:round_metal_frame",
		"2": "griims_deco_01:hanging_rabbits",
		"particle": "block/chain"
	},
	"elements": [
		{
			"from": [2, 4.65, 2],
			"to": [14, 5.65, 14],
			"rotation": {"angle": 0, "axis": "y", "origin": [8, 5.4, 8]},
			"faces": {
				"north": {"uv": [6, 0, 12, 0.5], "texture": "#1"},
				"east": {"uv": [6, 0.5, 12, 1], "texture": "#1"},
				"south": {"uv": [6, 1, 12, 1.5], "texture": "#1"},
				"west": {"uv": [6, 1.5, 12, 2], "texture": "#1"},
				"up": {"uv": [6, 6, 0, 0], "texture": "#1"},
				"down": {"uv": [6, 6, 0, 12], "texture": "#1"}
			}
		},
		{
			"from": [13, 4.65, 3],
			"to": [3, 5.65, 13],
			"rotation": {"angle": 0, "axis": "y", "origin": [8, 5.4, 8]},
			"faces": {
				"north": {"uv": [6.5, 0, 11.5, 0.5], "texture": "#1"},
				"east": {"uv": [6.5, 0.5, 11.5, 1], "texture": "#1"},
				"south": {"uv": [6.5, 1, 11.5, 1.5], "texture": "#1"},
				"west": {"uv": [6.5, 1.5, 11.5, 2], "texture": "#1"},
				"up": {"uv": [5.5, 5.5, 0.5, 0.5], "texture": "#1"},
				"down": {"uv": [5.5, 6.5, 0.5, 11.5], "texture": "#1"}
			}
		},
		{
			"from": [6.5, 10, 6.5],
			"to": [9.5, 11, 9.5],
			"rotation": {"angle": -45, "axis": "y", "origin": [8, 10.5, 8]},
			"faces": {
				"north": {"uv": [7.5, 4, 9, 4.5], "texture": "#1"},
				"east": {"uv": [7.5, 4.5, 9, 5], "texture": "#1"},
				"south": {"uv": [7.5, 7, 9, 7.5], "texture": "#1"},
				"west": {"uv": [7.5, 7.5, 9, 8], "texture": "#1"},
				"up": {"uv": [7.5, 3.5, 6, 2], "texture": "#1"},
				"down": {"uv": [7.5, 3.5, 6, 5], "texture": "#1"}
			}
		},
		{
			"from": [8.5, 10, 7.5],
			"to": [7.5, 11, 8.5],
			"rotation": {"angle": -45, "axis": "y", "origin": [8, 10.5, 8]},
			"faces": {
				"north": {"uv": [7.5, 4, 8, 4.5], "texture": "#1"},
				"east": {"uv": [7.5, 4.5, 8, 5], "texture": "#1"},
				"south": {"uv": [7.5, 7, 8, 7.5], "texture": "#1"},
				"west": {"uv": [7.5, 7.5, 8, 8], "texture": "#1"},
				"up": {"uv": [7, 3, 6.5, 2.5], "texture": "#1"},
				"down": {"uv": [7, 4, 6.5, 4.5], "texture": "#1"}
			}
		},
		{
			"from": [6.5, 11, 8],
			"to": [9.5, 16, 8],
			"rotation": {"angle": 45, "axis": "y", "origin": [8, 13.5, 8]},
			"faces": {
				"north": {"uv": [0, 0, 3, 5], "texture": "#0"},
				"east": {"uv": [0, 0, 0, 5], "texture": "#0"},
				"south": {"uv": [0, 0, 3, 5], "texture": "#0"},
				"west": {"uv": [0, 0, 0, 5], "texture": "#0"},
				"up": {"uv": [0, 0, 3, 0], "rotation": 180, "texture": "#0"},
				"down": {"uv": [0, 0, 3, 0], "rotation": 180, "texture": "#0"}
			}
		},
		{
			"from": [8, 11, 6.5],
			"to": [8, 16, 9.5],
			"rotation": {"angle": 45, "axis": "y", "origin": [8, 13.5, 8]},
			"faces": {
				"north": {"uv": [0, 0, 0, 5], "texture": "#0"},
				"east": {"uv": [3, 0, 6, 5], "texture": "#0"},
				"south": {"uv": [0, 0, 0, 5], "texture": "#0"},
				"west": {"uv": [3, 0, 6, 5], "texture": "#0"},
				"up": {"uv": [0, 0, 3, 0], "rotation": 270, "texture": "#0"},
				"down": {"uv": [0, 0, 3, 0], "rotation": 90, "texture": "#0"}
			}
		},
		{
			"from": [1.19416, 7.34778, 7.5],
			"to": [6.19416, 8.34778, 8.5],
			"rotation": {"angle": 22.5, "axis": "z", "origin": [7.5, 7.89267, 8]},
			"faces": {
				"north": {"uv": [6, 5, 8.5, 5.5], "texture": "#1"},
				"east": {"uv": [8, 3, 8.5, 3.5], "texture": "#1"},
				"south": {"uv": [6, 5.5, 8.5, 6], "texture": "#1"},
				"west": {"uv": [8, 3.5, 8.5, 4], "texture": "#1"},
				"up": {"uv": [8.5, 6.5, 6, 6], "texture": "#1"},
				"down": {"uv": [8.5, 6.5, 6, 7], "texture": "#1"}
			}
		},
		{
			"from": [5.96193, 6.58401, 7.5],
			"to": [6.96193, 10.58401, 8.5],
			"rotation": {"angle": -22.5, "axis": "z", "origin": [7.5, 7.89267, 8]},
			"faces": {
				"north": {"uv": [6, 7, 6.5, 9], "texture": "#1"},
				"east": {"uv": [6.5, 7, 7, 9], "texture": "#1"},
				"south": {"uv": [7, 7, 7.5, 9], "texture": "#1"},
				"west": {"uv": [7.5, 2, 8, 4], "texture": "#1"},
				"up": {"uv": [8.5, 2.5, 8, 2], "texture": "#1"},
				"down": {"uv": [8.5, 2.5, 8, 3], "texture": "#1"}
			}
		},
		{
			"from": [9.80584, 7.34778, 7.5],
			"to": [14.80584, 8.34778, 8.5],
			"rotation": {"angle": -22.5, "axis": "z", "origin": [8.5, 7.89267, 8]},
			"faces": {
				"north": {"uv": [8.5, 5, 6, 5.5], "texture": "#1"},
				"east": {"uv": [8.5, 3.5, 8, 4], "texture": "#1"},
				"south": {"uv": [8.5, 5.5, 6, 6], "texture": "#1"},
				"west": {"uv": [8.5, 3, 8, 3.5], "texture": "#1"},
				"up": {"uv": [6, 6.5, 8.5, 6], "texture": "#1"},
				"down": {"uv": [6, 6.5, 8.5, 7], "texture": "#1"}
			}
		},
		{
			"from": [9.03807, 6.58401, 7.5],
			"to": [10.03807, 10.58401, 8.5],
			"rotation": {"angle": 22.5, "axis": "z", "origin": [8.5, 7.89267, 8]},
			"faces": {
				"north": {"uv": [6.5, 7, 6, 9], "texture": "#1"},
				"east": {"uv": [8, 2, 7.5, 4], "texture": "#1"},
				"south": {"uv": [7.5, 7, 7, 9], "texture": "#1"},
				"west": {"uv": [7, 7, 6.5, 9], "texture": "#1"},
				"up": {"uv": [8, 2.5, 8.5, 2], "texture": "#1"},
				"down": {"uv": [8, 2.5, 8.5, 3], "texture": "#1"}
			}
		},
		{
			"from": [7.5, 7.52154, 9.67939],
			"to": [8.5, 8.52154, 14.67939],
			"rotation": {"angle": 22.5, "axis": "x", "origin": [8, 7.6617, 8]},
			"faces": {
				"north": {"uv": [8.5, 3, 8, 3.5], "texture": "#1"},
				"east": {"uv": [8.5, 5, 6, 5.5], "texture": "#1"},
				"south": {"uv": [8.5, 3.5, 8, 4], "texture": "#1"},
				"west": {"uv": [8.5, 5.5, 6, 6], "texture": "#1"},
				"up": {"uv": [6, 6.5, 8.5, 6], "rotation": 90, "texture": "#1"},
				"down": {"uv": [6, 6.5, 8.5, 7], "rotation": 270, "texture": "#1"}
			}
		},
		{
			"from": [7.5, 6.37509, 9.0884],
			"to": [8.5, 10.37509, 10.0884],
			"rotation": {"angle": -22.5, "axis": "x", "origin": [8, 7.6617, 8]},
			"faces": {
				"north": {"uv": [7, 7, 6.5, 9], "texture": "#1"},
				"east": {"uv": [6.5, 7, 6, 9], "texture": "#1"},
				"south": {"uv": [8, 2, 7.5, 4], "texture": "#1"},
				"west": {"uv": [7.5, 7, 7, 9], "texture": "#1"},
				"up": {"uv": [8, 2.5, 8.5, 2], "rotation": 90, "texture": "#1"},
				"down": {"uv": [8, 2.5, 8.5, 3], "rotation": 270, "texture": "#1"}
			}
		},
		{
			"from": [7.5, 6.37509, 5.9116],
			"to": [8.5, 10.37509, 6.9116],
			"rotation": {"angle": 22.5, "axis": "x", "origin": [8, 7.6617, 8]},
			"faces": {
				"north": {"uv": [7.5, 2, 8, 4], "texture": "#1"},
				"east": {"uv": [6, 7, 6.5, 9], "texture": "#1"},
				"south": {"uv": [6.5, 7, 7, 9], "texture": "#1"},
				"west": {"uv": [7, 7, 7.5, 9], "texture": "#1"},
				"up": {"uv": [8.5, 2.5, 8, 2], "rotation": 90, "texture": "#1"},
				"down": {"uv": [8.5, 2.5, 8, 3], "rotation": 270, "texture": "#1"}
			}
		},
		{
			"from": [7.5, 7.52154, 1.32061],
			"to": [8.5, 8.52154, 6.32061],
			"rotation": {"angle": -22.5, "axis": "x", "origin": [8, 7.6617, 8]},
			"faces": {
				"north": {"uv": [8, 3.5, 8.5, 4], "texture": "#1"},
				"east": {"uv": [6, 5, 8.5, 5.5], "texture": "#1"},
				"south": {"uv": [8, 3, 8.5, 3.5], "texture": "#1"},
				"west": {"uv": [6, 5.5, 8.5, 6], "texture": "#1"},
				"up": {"uv": [8.5, 6.5, 6, 6], "rotation": 90, "texture": "#1"},
				"down": {"uv": [8.5, 6.5, 6, 7], "rotation": 270, "texture": "#1"}
			}
		},
		{
			"from": [0.11928, 3.46836, 12.15],
			"to": [2.11928, 7.46836, 13.15],
			"rotation": {"angle": 22.5, "axis": "z", "origin": [2.25, 5.5, 12.15]},
			"faces": {
				"north": {"uv": [3, 6, 4, 8], "texture": "#2"},
				"east": {"uv": [9, 8.5, 9.5, 10.5], "texture": "#2"},
				"south": {"uv": [6, 3, 7, 5], "texture": "#2"},
				"west": {"uv": [9.5, 0, 10, 2], "texture": "#2"},
				"up": {"uv": [12, 3.5, 11, 3], "texture": "#2"},
				"down": {"uv": [12, 3.5, 11, 4], "texture": "#2"}
			}
		},
		{
			"from": [2.88072, 3.46836, 11.5],
			"to": [4.88072, 7.46836, 12.5],
			"rotation": {"angle": -22.5, "axis": "z", "origin": [2.75, 5.5, 12.5]},
			"faces": {
				"north": {"uv": [4, 6, 5, 8], "texture": "#2"},
				"east": {"uv": [3, 9.5, 3.5, 11.5], "texture": "#2"},
				"south": {"uv": [5, 6, 6, 8], "texture": "#2"},
				"west": {"uv": [3.5, 9.5, 4, 11.5], "texture": "#2"},
				"up": {"uv": [2.5, 12, 1.5, 11.5], "texture": "#2"},
				"down": {"uv": [12.5, 1.5, 11.5, 2], "texture": "#2"}
			}
		},
		{
			"from": [1, -3.25, 9.45],
			"to": [4, 2.75, 12.45],
			"rotation": {"angle": 0, "axis": "y", "origin": [8, 8, 7.7]},
			"faces": {
				"north": {"uv": [0, 0, 1.5, 3], "texture": "#2"},
				"east": {"uv": [1.5, 0, 3, 3], "texture": "#2"},
				"south": {"uv": [0, 3, 1.5, 6], "texture": "#2"},
				"west": {"uv": [3, 0, 4.5, 3], "texture": "#2"},
				"up": {"uv": [1.5, 7.5, 0, 6], "texture": "#2"},
				"down": {"uv": [7.5, 0, 6, 1.5], "texture": "#2"}
			}
		},
		{
			"from": [0.56052, 1.05657, 10.5],
			"to": [2.56052, 4.05657, 12.5],
			"rotation": {"angle": 45, "axis": "x", "origin": [1.56052, 2.55657, 11.5]},
			"faces": {
				"north": {"uv": [7, 7, 8, 8.5], "texture": "#2"},
				"east": {"uv": [0, 7.5, 1, 9], "texture": "#2"},
				"south": {"uv": [7.5, 0, 8.5, 1.5], "texture": "#2"},
				"west": {"uv": [1, 7.5, 2, 9], "texture": "#2"},
				"up": {"uv": [10.5, 3, 9.5, 2], "texture": "#2"},
				"down": {"uv": [10.5, 4.5, 9.5, 5.5], "texture": "#2"}
			}
		},
		{
			"from": [2.56052, 1.05657, 10],
			"to": [4.56052, 4.05657, 12],
			"rotation": {"angle": 22.5, "axis": "x", "origin": [3.56052, 2.55657, 11]},
			"faces": {
				"north": {"uv": [7.5, 1.5, 8.5, 3], "texture": "#2"},
				"east": {"uv": [2, 7.5, 3, 9], "texture": "#2"},
				"south": {"uv": [3, 8, 4, 9.5], "texture": "#2"},
				"west": {"uv": [8, 3, 9, 4.5], "texture": "#2"},
				"up": {"uv": [10.5, 9.5, 9.5, 8.5], "texture": "#2"},
				"down": {"uv": [10.5, 9.5, 9.5, 10.5], "texture": "#2"}
			}
		},
		{
			"from": [2, 1.3, 12.25],
			"to": [3, 2.3, 13.25],
			"rotation": {"angle": -22.5, "axis": "x", "origin": [2.5, 1.8, 12.75]},
			"faces": {
				"north": {"uv": [5.5, 8, 6, 8.5], "texture": "#2"},
				"east": {"uv": [5.5, 8.5, 6, 9], "texture": "#2"},
				"south": {"uv": [10, 4, 10.5, 4.5], "texture": "#2"},
				"west": {"uv": [10.5, 7, 11, 7.5], "texture": "#2"},
				"up": {"uv": [12, 5, 11.5, 4.5], "texture": "#2"},
				"down": {"uv": [12, 5, 11.5, 5.5], "texture": "#2"}
			}
		},
		{
			"from": [1.5, -5, 8.45],
			"to": [3.5, -3, 11.45],
			"rotation": {"angle": -22.5, "axis": "x", "origin": [2.5, -4, 9.95]},
			"faces": {
				"north": {"uv": [10, 0, 11, 1], "texture": "#2"},
				"east": {"uv": [4, 8, 5.5, 9], "texture": "#2"},
				"south": {"uv": [10, 1, 11, 2], "texture": "#2"},
				"west": {"uv": [8, 4.5, 9.5, 5.5], "texture": "#2"},
				"up": {"uv": [9, 7, 8, 5.5], "texture": "#2"},
				"down": {"uv": [9, 7, 8, 8.5], "texture": "#2"}
			}
		},
		{
			"from": [0.25, -6.25, 8.7],
			"to": [1.25, -2.25, 9.7],
			"rotation": {"angle": 22.5, "axis": "x", "origin": [0.75, -4.25, 9.2]},
			"faces": {
				"north": {"uv": [4, 10, 4.5, 12], "texture": "#2"},
				"east": {"uv": [4.5, 10, 5, 12], "texture": "#2"},
				"south": {"uv": [5, 10, 5.5, 12], "texture": "#2"},
				"west": {"uv": [5.5, 10, 6, 12], "texture": "#2"},
				"up": {"uv": [12, 6, 11.5, 5.5], "texture": "#2"},
				"down": {"uv": [12, 6, 11.5, 6.5], "texture": "#2"}
			}
		},
		{
			"from": [3.75, -6.25, 8.7],
			"to": [4.75, -2.25, 9.7],
			"rotation": {"angle": 22.5, "axis": "x", "origin": [4.25, -4.25, 9.2]},
			"faces": {
				"north": {"uv": [10, 5.5, 10.5, 7.5], "texture": "#2"},
				"east": {"uv": [6, 10, 6.5, 12], "texture": "#2"},
				"south": {"uv": [6.5, 10, 7, 12], "texture": "#2"},
				"west": {"uv": [7, 10, 7.5, 12], "texture": "#2"},
				"up": {"uv": [12, 7, 11.5, 6.5], "texture": "#2"},
				"down": {"uv": [12, 7, 11.5, 7.5], "texture": "#2"}
			}
		},
		{
			"from": [1.6, -7.3047, 11.49686],
			"to": [2.6, -4.3047, 11.49686],
			"rotation": {"angle": -22.5, "axis": "z", "origin": [2.5, -4.0047, 12.19686]},
			"faces": {
				"north": {"uv": [11, 5, 11.5, 6.5], "texture": "#2"},
				"east": {"uv": [0, 0, 0, 1.5], "texture": "#2"},
				"south": {"uv": [11, 6.5, 11.5, 8], "texture": "#2"},
				"west": {"uv": [0, 0, 0, 1.5], "texture": "#2"},
				"up": {"uv": [0.5, 0, 0, 0], "texture": "#2"},
				"down": {"uv": [0.5, 0, 0, 0], "texture": "#2"}
			}
		},
		{
			"from": [2.45, -7.5047, 11.69686],
			"to": [3.45, -4.5047, 11.69686],
			"rotation": {"angle": 22.5, "axis": "x", "origin": [2.5, -4.0047, 12.19686]},
			"faces": {
				"north": {"uv": [11, 8, 11.5, 9.5], "texture": "#2"},
				"east": {"uv": [0, 0, 0, 1.5], "texture": "#2"},
				"south": {"uv": [11, 9.5, 11.5, 11], "texture": "#2"},
				"west": {"uv": [0, 0, 0, 1.5], "texture": "#2"},
				"up": {"uv": [0.5, 0, 0, 0], "texture": "#2"},
				"down": {"uv": [0.5, 0, 0, 0], "texture": "#2"}
			}
		},
		{
			"from": [11.11928, 4.21836, 3.85],
			"to": [13.11928, 8.21836, 4.85],
			"rotation": {"angle": 22.5, "axis": "z", "origin": [13.25, 6.25, 4.85]},
			"faces": {
				"north": {"uv": [6, 5, 7, 7], "texture": "#2"},
				"east": {"uv": [7.5, 10, 8, 12], "texture": "#2"},
				"south": {"uv": [7, 3, 8, 5], "texture": "#2"},
				"west": {"uv": [8, 10, 8.5, 12], "texture": "#2"},
				"up": {"uv": [12.5, 2.5, 11.5, 2], "texture": "#2"},
				"down": {"uv": [12.5, 2.5, 11.5, 3], "texture": "#2"}
			}
		},
		{
			"from": [13.88072, 4.21836, 4.5],
			"to": [15.88072, 8.21836, 5.5],
			"rotation": {"angle": -22.5, "axis": "z", "origin": [13.75, 6.25, 4.5]},
			"faces": {
				"north": {"uv": [7, 5, 8, 7], "texture": "#2"},
				"east": {"uv": [8.5, 10, 9, 12], "texture": "#2"},
				"south": {"uv": [6, 7, 7, 9], "texture": "#2"},
				"west": {"uv": [0, 10.5, 0.5, 12.5], "texture": "#2"},
				"up": {"uv": [4, 12, 3, 11.5], "texture": "#2"},
				"down": {"uv": [12.5, 4, 11.5, 4.5], "texture": "#2"}
			}
		},
		{
			"from": [12, -2.25, 4.3],
			"to": [15, 3.75, 7.3],
			"rotation": {"angle": -22.5, "axis": "x", "origin": [13.5, 0.75, 5.8]},
			"faces": {
				"north": {"uv": [1.5, 3, 3, 6], "texture": "#2"},
				"east": {"uv": [3, 3, 4.5, 6], "texture": "#2"},
				"south": {"uv": [4.5, 0, 6, 3], "texture": "#2"},
				"west": {"uv": [4.5, 3, 6, 6], "texture": "#2"},
				"up": {"uv": [3, 7.5, 1.5, 6], "texture": "#2"},
				"down": {"uv": [7.5, 1.5, 6, 3], "texture": "#2"}
			}
		},
		{
			"from": [11.56052, 1.80657, 4.5],
			"to": [13.56052, 4.80657, 6.5],
			"rotation": {"angle": -45, "axis": "x", "origin": [12.56052, 3.30657, 5.5]},
			"faces": {
				"north": {"uv": [8.5, 0, 9.5, 1.5], "texture": "#2"},
				"east": {"uv": [8.5, 1.5, 9.5, 3], "texture": "#2"},
				"south": {"uv": [7, 8.5, 8, 10], "texture": "#2"},
				"west": {"uv": [8, 8.5, 9, 10], "texture": "#2"},
				"up": {"uv": [11, 4, 10, 3], "texture": "#2"},
				"down": {"uv": [11, 7.5, 10, 8.5], "texture": "#2"}
			}
		},
		{
			"from": [13.56052, 1.80657, 5],
			"to": [15.56052, 4.80657, 7],
			"rotation": {"angle": -22.5, "axis": "x", "origin": [14.56052, 3.30657, 6]},
			"faces": {
				"north": {"uv": [0, 9, 1, 10.5], "texture": "#2"},
				"east": {"uv": [1, 9, 2, 10.5], "texture": "#2"},
				"south": {"uv": [2, 9, 3, 10.5], "texture": "#2"},
				"west": {"uv": [9, 3, 10, 4.5], "texture": "#2"},
				"up": {"uv": [1.5, 11.5, 0.5, 10.5], "texture": "#2"},
				"down": {"uv": [2.5, 10.5, 1.5, 11.5], "texture": "#2"}
			}
		},
		{
			"from": [13, 2.43268, 2.82612],
			"to": [14, 3.43268, 3.82612],
			"rotation": {"angle": 0, "axis": "x", "origin": [13.5, 2.93268, 3.32612]},
			"faces": {
				"north": {"uv": [11.5, 7.5, 12, 8], "texture": "#2"},
				"east": {"uv": [11.5, 8, 12, 8.5], "texture": "#2"},
				"south": {"uv": [11.5, 8.5, 12, 9], "texture": "#2"},
				"west": {"uv": [11.5, 9, 12, 9.5], "texture": "#2"},
				"up": {"uv": [12, 10, 11.5, 9.5], "texture": "#2"},
				"down": {"uv": [12, 10, 11.5, 10.5], "texture": "#2"}
			}
		},
		{
			"from": [12.5, -2.5, 7.05],
			"to": [14.5, -0.5, 10.05],
			"rotation": {"angle": 0, "axis": "x", "origin": [13.5, -1.5, 8.55]},
			"faces": {
				"north": {"uv": [10.5, 2, 11.5, 3], "texture": "#2"},
				"east": {"uv": [4, 9, 5.5, 10], "texture": "#2"},
				"south": {"uv": [10.5, 4, 11.5, 5], "texture": "#2"},
				"west": {"uv": [5.5, 9, 7, 10], "texture": "#2"},
				"up": {"uv": [10, 7, 9, 5.5], "texture": "#2"},
				"down": {"uv": [10, 7, 9, 8.5], "texture": "#2"}
			}
		},
		{
			"from": [14.75, -4.7685, 7.39985],
			"to": [15.75, -0.7685, 8.39985],
			"rotation": {"angle": -22.5, "axis": "x", "origin": [13.5, -1, 7.55]},
			"faces": {
				"north": {"uv": [2.5, 10.5, 3, 12.5], "texture": "#2"},
				"east": {"uv": [10.5, 5, 11, 7], "texture": "#2"},
				"south": {"uv": [10.5, 8.5, 11, 10.5], "texture": "#2"},
				"west": {"uv": [9, 10.5, 9.5, 12.5], "texture": "#2"},
				"up": {"uv": [12, 11, 11.5, 10.5], "texture": "#2"},
				"down": {"uv": [12, 11, 11.5, 11.5], "texture": "#2"}
			}
		},
		{
			"from": [11.25, -4.7685, 7.39985],
			"to": [12.25, -0.7685, 8.39985],
			"rotation": {"angle": -45, "axis": "x", "origin": [13.5, -1, 7.55]},
			"faces": {
				"north": {"uv": [9.5, 10.5, 10, 12.5], "texture": "#2"},
				"east": {"uv": [10, 10.5, 10.5, 12.5], "texture": "#2"},
				"south": {"uv": [10.5, 10.5, 11, 12.5], "texture": "#2"},
				"west": {"uv": [11, 0, 11.5, 2], "texture": "#2"},
				"up": {"uv": [12, 12, 11.5, 11.5], "texture": "#2"},
				"down": {"uv": [12.5, 0, 12, 0.5], "texture": "#2"}
			}
		},
		{
			"from": [13.4, -5.3047, 7.25314],
			"to": [14.4, -2.3047, 7.25314],
			"rotation": {"angle": 22.5, "axis": "z", "origin": [13.5, -2.0047, 6.55314]},
			"faces": {
				"north": {"uv": [11, 11, 11.5, 12.5], "texture": "#2"},
				"east": {"uv": [0, 0, 0, 1.5], "texture": "#2"},
				"south": {"uv": [11.5, 0, 12, 1.5], "texture": "#2"},
				"west": {"uv": [0, 0, 0, 1.5], "texture": "#2"},
				"up": {"uv": [0.5, 0, 0, 0], "texture": "#2"},
				"down": {"uv": [0.5, 0, 0, 0], "texture": "#2"}
			}
		},
		{
			"from": [12.55, -5.5047, 7.05314],
			"to": [13.55, -2.5047, 7.05314],
			"rotation": {"angle": -22.5, "axis": "x", "origin": [13.5, -2.0047, 6.55314]},
			"faces": {
				"north": {"uv": [0.5, 11.5, 1, 13], "texture": "#2"},
				"east": {"uv": [0, 0, 0, 1.5], "texture": "#2"},
				"south": {"uv": [1, 11.5, 1.5, 13], "texture": "#2"},
				"west": {"uv": [0, 0, 0, 1.5], "texture": "#2"},
				"up": {"uv": [0.5, 0, 0, 0], "texture": "#2"},
				"down": {"uv": [0.5, 0, 0, 0], "texture": "#2"}
			}
		}
	],
	"display": {
		"thirdperson_righthand": {
			"rotation": [67, 0, 0],
			"translation": [0, -2.25, -2],
			"scale": [0.5, 0.5, 0.5]
		},
		"thirdperson_lefthand": {
			"rotation": [67, 0, 0],
			"translation": [0, -2.25, -2],
			"scale": [0.5, 0.5, 0.5]
		},
		"firstperson_righthand": {
			"rotation": [0, -20.5, 9.75],
			"translation": [4.75, 1.75, -5]
		},
		"firstperson_lefthand": {
			"rotation": [0, -20.5, 9.75],
			"translation": [4.75, 1.75, -5]
		},
		"ground": {
			"rotation": [30, 60, 0],
			"translation": [0, 3.5, 0],
			"scale": [0.6, 0.6, 0.6]
		},
		"gui": {
			"rotation": [84.36, 38.99, -62.75],
			"translation": [1, 0.25, 0]
		},
		"fixed": {
			"rotation": [90, 0, 0],
			"translation": [0, 0, -16],
			"scale": [2, 2, 2]
		}
	},
	"groups": [
		{
			"name": "frame",
			"origin": [8, 7.6617, 8],
			"color": 0,
			"children": [0, 1, 2, 3, 4, 5, 6, 7, 8, 9, 10, 11, 12, 13]
		},
		{
			"name": "rabbit1",
			"origin": [2.5, -4.0047, 12.19686],
			"color": 0,
			"children": [14, 15, 16, 17, 18, 19, 20, 21, 22, 23, 24]
		},
		{
			"name": "rabbit2",
			"origin": [2.5, -4.0047, 12.19686],
			"color": 0,
			"children": [25, 26, 27, 28, 29, 30, 31, 32, 33, 34, 35]
		}
	]
}