{"textures":{"0":"modelengine:entity/chipmunk"},"elements":[{"name":"cube","from":[7.7,5.6540656,8.264473],"to":[8.3,7.454066,8.864472],"rotation":{"angle":45.0,"axis":"x","origin":[8.66,8.382675,9.003369]},"faces":{"down":{"uv":[8.0,12.5,7.5,13.0],"rotation":0,"texture":"#0","tintindex":0},"east":{"uv":[0.0,12.5,0.5,14.0],"rotation":0,"texture":"#0","tintindex":0},"north":{"uv":[12.0,12.0,12.5,13.5],"rotation":0,"texture":"#0","tintindex":0},"south":{"uv":[0.5,12.5,1.0,14.0],"rotation":0,"texture":"#0","tintindex":0},"up":{"uv":[1.5,11.5,1.0,11.0],"rotation":0,"texture":"#0","tintindex":0},"west":{"uv":[2.0,12.5,2.5,14.0],"rotation":0,"texture":"#0","tintindex":0}}}],"display":{"head":{"translation":[0.0,-6.4,0.0],"rotation":[0.0,0.0,0.0],"scale":[3.8095,3.8095,3.8095]}}}