{"textures":{"0":"modelengine:entity/chipmunk"},"elements":[{"name":"cube","from":[7.4,6.842577,7.4231944],"to":[8.6,8.042578,9.223194],"rotation":{"angle":-22.5,"axis":"x","origin":[7.61,9.115988,6.6689425]},"faces":{"down":{"uv":[13.0,0.0,12.0,1.5],"rotation":0,"texture":"#0","tintindex":0},"east":{"uv":[11.5,5.5,13.0,6.5],"rotation":0,"texture":"#0","tintindex":0},"north":{"uv":[9.0,12.0,10.0,13.0],"rotation":0,"texture":"#0","tintindex":0},"south":{"uv":[12.0,9.5,13.0,10.5],"rotation":0,"texture":"#0","tintindex":0},"up":{"uv":[9.0,13.0,8.0,11.5],"rotation":0,"texture":"#0","tintindex":0},"west":{"uv":[6.5,11.5,8.0,12.5],"rotation":0,"texture":"#0","tintindex":0}}},{"name":"cube","from":[7.41875,8.043065,8.20633],"to":[8.58125,8.643065,8.80633],"rotation":{"angle":22.5,"axis":"x","origin":[7.61,9.115988,6.6689425]},"faces":{"down":{"uv":[13.5,7.0,12.5,7.5],"rotation":0,"texture":"#0","tintindex":0},"east":{"uv":[1.0,13.0,1.5,13.5],"rotation":0,"texture":"#0","tintindex":0},"north":{"uv":[5.5,12.5,6.5,13.0],"rotation":0,"texture":"#0","tintindex":0},"south":{"uv":[6.5,12.5,7.5,13.0],"rotation":0,"texture":"#0","tintindex":0},"up":{"uv":[13.5,7.0,12.5,6.5],"rotation":0,"texture":"#0","tintindex":0},"west":{"uv":[13.0,1.0,13.5,1.5],"rotation":0,"texture":"#0","tintindex":0}}}],"display":{"head":{"translation":[0.0,-6.4,0.0],"rotation":[0.0,0.0,0.0],"scale":[3.8095,3.8095,3.8095]}}}