{"textures":{"0":"modelengine:entity/chipmunk"},"elements":[{"name":"cube","from":[7.1,8.755332,7.058129],"to":[8.9,11.755332,8.8581295],"rotation":{"angle":22.5,"axis":"x","origin":[7.61,8.533245,5.321723]},"faces":{"down":{"uv":[10.5,1.5,9.0,3.0],"rotation":0,"texture":"#0","tintindex":0},"east":{"uv":[5.0,7.5,6.5,10.0],"rotation":0,"texture":"#0","tintindex":0},"north":{"uv":[3.5,7.5,5.0,10.0],"rotation":0,"texture":"#0","tintindex":0},"south":{"uv":[6.5,7.5,8.0,10.0],"rotation":0,"texture":"#0","tintindex":0},"up":{"uv":[10.5,1.5,9.0,0.0],"rotation":0,"texture":"#0","tintindex":0},"west":{"uv":[8.0,7.5,9.5,10.0],"rotation":0,"texture":"#0","tintindex":0}}}],"display":{"head":{"translation":[0.0,-6.4,0.0],"rotation":[0.0,0.0,0.0],"scale":[3.8095,3.8095,3.8095]}}}