{"textures":{"0":"modelengine:entity/chipmunk"},"elements":[{"name":"cube","from":[7.090625,5.725824,7.908929],"to":[8.909375,7.525824,9.708929],"rotation":{"angle":-22.5,"axis":"x","origin":[7.61,6.465914,4.4049525]},"faces":{"down":{"uv":[4.5,10.0,3.0,11.5],"rotation":0,"texture":"#0","tintindex":0},"east":{"uv":[0.0,9.5,1.5,11.0],"rotation":0,"texture":"#0","tintindex":0},"north":{"uv":[9.0,3.0,10.5,4.5],"rotation":0,"texture":"#0","tintindex":0},"south":{"uv":[9.5,7.5,11.0,9.0],"rotation":0,"texture":"#0","tintindex":0},"up":{"uv":[3.0,11.5,1.5,10.0],"rotation":0,"texture":"#0","tintindex":0},"west":{"uv":[9.5,9.0,11.0,10.5],"rotation":0,"texture":"#0","tintindex":0}}},{"name":"cube","from":[7.1,9.168069,7.4059606],"to":[8.9,10.968069,9.205961],"rotation":{"angle":22.5,"axis":"x","origin":[7.61,6.465914,4.4049525]},"faces":{"down":{"uv":[12.0,0.0,10.5,1.5],"rotation":0,"texture":"#0","tintindex":0},"east":{"uv":[10.0,4.5,11.5,6.0],"rotation":0,"texture":"#0","tintindex":0},"north":{"uv":[4.5,10.0,6.0,11.5],"rotation":0,"texture":"#0","tintindex":0},"south":{"uv":[6.0,10.0,7.5,11.5],"rotation":0,"texture":"#0","tintindex":0},"up":{"uv":[9.0,11.5,7.5,10.0],"rotation":0,"texture":"#0","tintindex":0},"west":{"uv":[10.0,6.0,11.5,7.5],"rotation":0,"texture":"#0","tintindex":0}}}],"display":{"head":{"translation":[0.0,-6.4,0.0],"rotation":[0.0,0.0,0.0],"scale":[3.8095,3.8095,3.8095]}}}