{"textures":{"0":"modelengine:entity/chipmunk"},"elements":[{"name":"cube","from":[7.1,8.770516,5.784706],"to":[8.9,10.870516,6.0847063],"rotation":{"angle":-45.0,"axis":"x","origin":[7.61,9.739964,7.8160152]},"faces":{"down":{"uv":[14.0,10.5,12.5,10.75],"rotation":0,"texture":"#0","tintindex":0},"east":{"uv":[2.5,13.25,2.75,15.0],"rotation":0,"texture":"#0","tintindex":0},"north":{"uv":[7.5,0.75,9.0,2.5],"rotation":0,"texture":"#0","tintindex":0},"south":{"uv":[2.0,7.5,3.5,10.0],"rotation":0,"texture":"#0","tintindex":0},"up":{"uv":[11.5,12.75,10.0,12.5],"rotation":0,"texture":"#0","tintindex":0},"west":{"uv":[3.0,13.25,3.25,15.0],"rotation":0,"texture":"#0","tintindex":0}}},{"name":"cube","from":[6.8,7.8705163,6.0847063],"to":[9.2,10.870516,8.484707],"rotation":{"angle":-45.0,"axis":"x","origin":[7.61,9.739964,7.8160152]},"faces":{"down":{"uv":[2.0,7.5,0.0,9.5],"rotation":0,"texture":"#0","tintindex":0},"east":{"uv":[5.0,2.5,7.0,5.0],"rotation":0,"texture":"#0","tintindex":0},"north":{"uv":[2.5,5.0,4.5,7.5],"rotation":0,"texture":"#0","tintindex":0},"south":{"uv":[4.5,5.0,6.5,7.5],"rotation":0,"texture":"#0","tintindex":0},"up":{"uv":[9.0,4.5,7.0,2.5],"rotation":0,"texture":"#0","tintindex":0},"west":{"uv":[6.5,5.0,8.5,7.5],"rotation":0,"texture":"#0","tintindex":0}}}],"display":{"head":{"translation":[0.0,-6.4,0.0],"rotation":[0.0,0.0,0.0],"scale":[3.8095,3.8095,3.8095]}}}