{
	"credit": "Made with Blockbench",
	"texture_size": [32, 32],
	"textures": {
		"0": "cooking:apple_turnover",
		"particle": "cooking:apple_turnover"
	},
	"elements": [
		{
			"from": [5, 3, 3],
			"to": [11, 6, 14],
			"rotation": {"angle": 0, "axis": "y", "origin": [10, 3, 5]},
			"faces": {
				"north": {"uv": [6, 0, 9, 1.5], "texture": "#0"},
				"east": {"uv": [0, 5.5, 5.5, 7], "texture": "#0"},
				"south": {"uv": [6, 1.5, 9, 3], "texture": "#0"},
				"west": {"uv": [5.5, 5.5, 11, 7], "texture": "#0"},
				"up": {"uv": [3, 5.5, 0, 0], "texture": "#0"},
				"down": {"uv": [6, 0, 3, 5.5], "texture": "#0"}
			}
		}
	],
	"gui_light": "front",
	"display": {
		"thirdperson_righthand": {
			"rotation": [85, 0, -132],
			"translation": [0, 1.25, 0],
			"scale": [0.6, 0.6, 0.6]
		},
		"thirdperson_lefthand": {
			"rotation": [85, 0, -132],
			"translation": [0, 1.25, 0],
			"scale": [0.6, 0.6, 0.6]
		},
		"firstperson_righthand": {
			"rotation": [94, 2, 80],
			"translation": [-0.5, 2.5, 0],
			"scale": [0.6, 0.6, 0.6]
		},
		"firstperson_lefthand": {
			"rotation": [94, 2, 80],
			"translation": [-0.5, 2.5, 0],
			"scale": [0.6, 0.6, 0.6]
		},
		"ground": {
			"rotation": [28, 0, 0],
			"translation": [0, 3, 0],
			"scale": [0.8, 0.8, 0.8]
		},
		"gui": {
			"rotation": [26, -41, 0],
			"translation": [0.25, 2.75, 0]
		},
		"head": {
			"translation": [0, 11.25, 0]
		},
		"fixed": {
			"rotation": [-90, 0, 0],
			"translation": [0, 0, -4]
		}
	}
}