{
	"credit": "Made with Blockbench",
	"texture_size": [64, 64],
	"textures": {
		"0": "cooking:bacon_eggs",
		"particle": "cooking:bacon_eggs"
	},
	"elements": [
		{
			"from": [1, 6, 4],
			"to": [16, 7, 12],
			"rotation": {"angle": -22.5, "axis": "y", "origin": [8, 6.5, 8]},
			"faces": {
				"north": {"uv": [4.5, 3, 8.25, 3.25], "texture": "#0"},
				"east": {"uv": [4.5, 4.5, 6.5, 4.75], "texture": "#0"},
				"south": {"uv": [4.5, 3.25, 8.25, 3.5], "texture": "#0"},
				"west": {"uv": [4.5, 4.75, 6.5, 5], "texture": "#0"},
				"up": {"uv": [3.75, 2, 0, 0], "texture": "#0"},
				"down": {"uv": [3.75, 2, 0, 4], "texture": "#0"}
			}
		},
		{
			"from": [9, 7, 5],
			"to": [15, 8, 11],
			"rotation": {"angle": -22.5, "axis": "y", "origin": [8, 6.5, 8]},
			"faces": {
				"north": {"uv": [2.25, 4.75, 3.75, 5], "texture": "#0"},
				"east": {"uv": [2.25, 5, 3.75, 5.25], "texture": "#0"},
				"south": {"uv": [4.5, 5, 6, 5.25], "texture": "#0"},
				"west": {"uv": [5.25, 0, 6.75, 0.25], "texture": "#0"},
				"up": {"uv": [5.25, 1.5, 3.75, 0], "texture": "#0"},
				"down": {"uv": [5.25, 1.5, 3.75, 3], "texture": "#0"}
			}
		},
		{
			"from": [11, 8, 7],
			"to": [14, 9, 10],
			"rotation": {"angle": -22.5, "axis": "y", "origin": [8, 6.5, 8]},
			"faces": {
				"north": {"uv": [5.25, 1.25, 6, 1.5], "texture": "#0"},
				"east": {"uv": [5.25, 1.5, 6, 1.75], "texture": "#0"},
				"south": {"uv": [5.25, 1.75, 6, 2], "texture": "#0"},
				"west": {"uv": [5.25, 2, 6, 2.25], "texture": "#0"},
				"up": {"uv": [3, 4.75, 2.25, 4], "texture": "#0"},
				"down": {"uv": [3.75, 4, 3, 4.75], "texture": "#0"}
			}
		},
		{
			"from": [2, 8, 2.75],
			"to": [5, 9, 12.75],
			"rotation": {"angle": 22.5, "axis": "y", "origin": [1.5, 7.5, 6.75]},
			"faces": {
				"north": {"uv": [5.25, 0.25, 6, 0.5], "texture": "#0"},
				"east": {"uv": [4.5, 3.5, 7, 3.75], "texture": "#0"},
				"south": {"uv": [5.25, 0.5, 6, 0.75], "texture": "#0"},
				"west": {"uv": [4.5, 3.75, 7, 4], "texture": "#0"},
				"up": {"uv": [4.5, 5.5, 3.75, 3], "texture": "#0"},
				"down": {"uv": [0.75, 4, 0, 6.5], "texture": "#0"}
			}
		},
		{
			"from": [4, 7, 1.75],
			"to": [7, 8, 11.75],
			"rotation": {"angle": 0, "axis": "y", "origin": [4.5, 7.5, 8.75]},
			"faces": {
				"north": {"uv": [5.25, 0.75, 6, 1], "texture": "#0"},
				"east": {"uv": [4.5, 4, 7, 4.25], "texture": "#0"},
				"south": {"uv": [5.25, 1, 6, 1.25], "texture": "#0"},
				"west": {"uv": [4.5, 4.25, 7, 4.5], "texture": "#0"},
				"up": {"uv": [1.5, 6.5, 0.75, 4], "texture": "#0"},
				"down": {"uv": [2.25, 4, 1.5, 6.5], "texture": "#0"}
			}
		}
	],
	"gui_light": "front",
	"display": {
		"thirdperson_righthand": {
			"rotation": [30, 11, 0],
			"translation": [-1, 2.25, 0],
			"scale": [0.6, 0.6, 0.6]
		},
		"thirdperson_lefthand": {
			"rotation": [30, 11, 0],
			"translation": [-1, 2.25, 0],
			"scale": [0.6, 0.6, 0.6]
		},
		"firstperson_righthand": {
			"rotation": [6, 150, -21],
			"translation": [-1, 2.25, 0],
			"scale": [0.6, 0.6, 0.6]
		},
		"firstperson_lefthand": {
			"rotation": [6, 112, -21],
			"translation": [-1, 2.5, 0],
			"scale": [0.6, 0.6, 0.6]
		},
		"ground": {
			"rotation": [-26, 0, 0],
			"translation": [0, 1.5, 0],
			"scale": [0.8, 0.8, 0.8]
		},
		"gui": {
			"rotation": [41, -153, -30],
			"translation": [0, 1, 0]
		},
		"head": {
			"translation": [0, 8.5, 0]
		},
		"fixed": {
			"rotation": [-90, 0, 0],
			"translation": [0, -0.5, -1.75],
			"scale": [1.4, 1.4, 1.4]
		}
	}
}