{
	"credit": "Made with Blockbench",
	"texture_size": [32, 32],
	"textures": {
		"2": "cooking:beef_kebab",
		"particle": "cooking:beef_kebab"
	},
	"elements": [
		{
			"from": [8, -6, 8],
			"to": [9, 22, 9],
			"faces": {
				"north": {"uv": [0, 0, 0.5, 14], "texture": "#2"},
				"east": {"uv": [0.5, 0, 1, 14], "texture": "#2"},
				"south": {"uv": [1, 0, 1.5, 14], "texture": "#2"},
				"west": {"uv": [1.5, 0, 2, 14], "texture": "#2"},
				"up": {"uv": [5.5, 8, 5, 7.5], "texture": "#2"},
				"down": {"uv": [4.5, 9, 4, 9.5], "texture": "#2"}
			}
		},
		{
			"from": [5, 16, 6.5],
			"to": [12, 19, 10.5],
			"faces": {
				"north": {"uv": [5.5, 2, 9, 3.5], "texture": "#2"},
				"east": {"uv": [8.5, 6.5, 10.5, 8], "texture": "#2"},
				"south": {"uv": [5.5, 3.5, 9, 5], "texture": "#2"},
				"west": {"uv": [9, 0, 11, 1.5], "texture": "#2"},
				"up": {"uv": [5.5, 2, 2, 0], "texture": "#2"},
				"down": {"uv": [5.5, 2, 2, 4], "texture": "#2"}
			}
		},
		{
			"from": [5, 9, 6.5],
			"to": [12, 12, 10.5],
			"rotation": {"angle": 0, "axis": "y", "origin": [16, 0, 16]},
			"faces": {
				"north": {"uv": [5.5, 5, 9, 6.5], "texture": "#2"},
				"east": {"uv": [9, 1.5, 11, 3], "texture": "#2"},
				"south": {"uv": [2, 6, 5.5, 7.5], "texture": "#2"},
				"west": {"uv": [2, 9, 4, 10.5], "texture": "#2"},
				"up": {"uv": [5.5, 6, 2, 4], "texture": "#2"},
				"down": {"uv": [9, 0, 5.5, 2], "texture": "#2"}
			}
		},
		{
			"from": [5.5, 14, 7],
			"to": [11.5, 15, 10],
			"rotation": {"angle": -22.5, "axis": "y", "origin": [8.5, 14.5, 8.5]},
			"faces": {
				"north": {"uv": [9, 3, 12, 3.5], "texture": "#2"},
				"east": {"uv": [9, 5, 10.5, 5.5], "texture": "#2"},
				"south": {"uv": [9, 3.5, 12, 4], "texture": "#2"},
				"west": {"uv": [9, 5.5, 10.5, 6], "texture": "#2"},
				"up": {"uv": [8.5, 8, 5.5, 6.5], "texture": "#2"},
				"down": {"uv": [5, 7.5, 2, 9], "texture": "#2"}
			}
		},
		{
			"from": [5.5, 6, 7],
			"to": [11.5, 7, 10],
			"rotation": {"angle": 22.5, "axis": "y", "origin": [8.5, 6.5, 8.5]},
			"faces": {
				"north": {"uv": [9, 4, 12, 4.5], "texture": "#2"},
				"east": {"uv": [9, 6, 10.5, 6.5], "texture": "#2"},
				"south": {"uv": [9, 4.5, 12, 5], "texture": "#2"},
				"west": {"uv": [4, 9.5, 5.5, 10], "texture": "#2"},
				"up": {"uv": [8, 9.5, 5, 8], "texture": "#2"},
				"down": {"uv": [11, 8, 8, 9.5], "texture": "#2"}
			}
		}
	],
	"gui_light": "front",
	"display": {
		"thirdperson_righthand": {
			"rotation": [0, 46, 0],
			"translation": [-0.75, 3.25, 1.25],
			"scale": [0.5, 0.5, 0.5]
		},
		"thirdperson_lefthand": {
			"rotation": [0, 46, 0],
			"translation": [-0.75, 3.25, 1.25],
			"scale": [0.5, 0.5, 0.5]
		},
		"firstperson_righthand": {
			"rotation": [-27, -2, 0],
			"translation": [-0.75, 3.25, 1.25],
			"scale": [0.5, 0.5, 0.5]
		},
		"firstperson_lefthand": {
			"rotation": [-27, -2, 0],
			"translation": [-0.75, 3.25, 1.25],
			"scale": [0.5, 0.5, 0.5]
		},
		"ground": {
			"rotation": [44, 0, 0],
			"translation": [0, 3, 0],
			"scale": [0.5, 0.5, 0.5]
		},
		"gui": {
			"rotation": [26, -10, -39],
			"scale": [0.6, 0.6, 0.6]
		},
		"head": {
			"translation": [0, 14.5, 0],
			"scale": [0.5, 0.5, 0.5]
		},
		"fixed": {
			"translation": [0, 0, -1]
		}
	}
}