{
	"credit": "Made with Blockbench",
	"textures": {
		"0": "cooking:brownie",
		"particle": "cooking:brownie"
	},
	"elements": [
		{
			"from": [5, 3, 5],
			"to": [12, 6, 10],
			"rotation": {"angle": 0, "axis": "y", "origin": [5, 3, 5]},
			"faces": {
				"north": {"uv": [7, 0, 14, 3], "texture": "#0"},
				"east": {"uv": [7, 6, 12, 9], "texture": "#0"},
				"south": {"uv": [7, 3, 14, 6], "texture": "#0"},
				"west": {"uv": [7, 9, 12, 12], "texture": "#0"},
				"up": {"uv": [7, 5, 0, 0], "texture": "#0"},
				"down": {"uv": [7, 5, 0, 10], "texture": "#0"}
			}
		}
	],
	"gui_light": "front",
	"display": {
		"thirdperson_righthand": {
			"rotation": [0, 28, 0],
			"translation": [-0.75, 4, 0],
			"scale": [0.8, 0.8, 0.8]
		},
		"thirdperson_lefthand": {
			"rotation": [0, 28, 0],
			"translation": [-0.75, 4, 0],
			"scale": [0.8, 0.8, 0.8]
		},
		"firstperson_righthand": {
			"rotation": [0, 10, 17],
			"translation": [0.25, 4, 0],
			"scale": [0.8, 0.8, 0.8]
		},
		"firstperson_lefthand": {
			"rotation": [0, 10, 17],
			"translation": [0.25, 4, 0],
			"scale": [0.8, 0.8, 0.8]
		},
		"ground": {
			"rotation": [0, 0, 24],
			"translation": [-1.5, 3.25, 0]
		},
		"gui": {
			"rotation": [30, 38, 0],
			"translation": [0, 3, 0],
			"scale": [1.3, 1.3, 1.3]
		},
		"head": {
			"translation": [0, 11.5, 0]
		},
		"fixed": {
			"rotation": [-90, 0, 0],
			"translation": [-0.25, 0.5, -6.5],
			"scale": [1.5, 1.5, 1.5]
		}
	}
}