{
	"credit": "Made with Blockbench",
	"texture_size": [32, 32],
	"textures": {
		"0": "cooking:candy_apple",
		"particle": "cooking:candy_apple"
	},
	"elements": [
		{
			"from": [5, 11, 6],
			"to": [10, 16, 11],
			"rotation": {"angle": 0, "axis": "y", "origin": [8, 16, 6]},
			"faces": {
				"north": {"uv": [0, 2.5, 2.5, 0], "texture": "#0"},
				"east": {"uv": [0, 5, 2.5, 2.5], "texture": "#0"},
				"south": {"uv": [2.5, 2.5, 5, 0], "texture": "#0"},
				"west": {"uv": [2.5, 5, 5, 2.5], "texture": "#0"},
				"up": {"uv": [7.5, 2.5, 5, 0], "texture": "#0"},
				"down": {"uv": [2.5, 5, 0, 7.5], "texture": "#0"}
			}
		},
		{
			"from": [7, 4, 8],
			"to": [8, 11, 9],
			"rotation": {"angle": 0, "axis": "y", "origin": [8, 11, 6]},
			"faces": {
				"north": {"uv": [2.5, 8.5, 3, 5], "texture": "#0"},
				"east": {"uv": [5, 6, 5.5, 2.5], "texture": "#0"},
				"south": {"uv": [3, 8.5, 3.5, 5], "texture": "#0"},
				"west": {"uv": [3.5, 8.5, 4, 5], "texture": "#0"},
				"up": {"uv": [5, 5.5, 4.5, 5], "texture": "#0"},
				"down": {"uv": [4.5, 5, 4, 5.5], "texture": "#0"}
			}
		}
	],
	"gui_light": "front",
	"display": {
		"thirdperson_righthand": {
			"translation": [0.25, 0.75, 1.25],
			"scale": [0.6, 0.6, 0.6]
		},
		"thirdperson_lefthand": {
			"translation": [0.25, 0.75, 1.25],
			"scale": [0.6, 0.6, 0.6]
		},
		"firstperson_righthand": {
			"rotation": [0, -11, -10],
			"translation": [1.25, 0.75, -0.5],
			"scale": [0.6, 0.6, 0.6]
		},
		"firstperson_lefthand": {
			"rotation": [0, -11, -10],
			"translation": [1.25, 0.75, -0.5],
			"scale": [0.6, 0.6, 0.6]
		},
		"ground": {
			"rotation": [42, 0, 0],
			"scale": [0.8, 0.8, 0.8]
		},
		"gui": {
			"rotation": [42, 26, -39],
			"translation": [-1.25, -2.25, 0]
		},
		"head": {
			"translation": [0, 10.25, 0]
		},
		"fixed": {
			"rotation": [90, 0, 0],
			"translation": [0.75, 0.75, -11],
			"scale": [1.5, 1.5, 1.5]
		}
	}
}