{
	"credit": "Made with Blockbench",
	"texture_size": [32, 32],
	"textures": {
		"0": "cooking:cod_sushi",
		"particle": "cooking:cod_sushi"
	},
	"elements": [
		{
			"from": [1, 3, 5],
			"to": [15, 5, 12],
			"rotation": {"angle": 22.5, "axis": "y", "origin": [9.375, 3.625, 8]},
			"faces": {
				"north": {"uv": [0, 7, 7, 8], "texture": "#0"},
				"east": {"uv": [7, 5, 10.5, 6], "texture": "#0"},
				"south": {"uv": [7, 0, 14, 1], "texture": "#0"},
				"west": {"uv": [7, 6, 10.5, 7], "texture": "#0"},
				"up": {"uv": [7, 3.5, 0, 0], "texture": "#0"},
				"down": {"uv": [7, 3.5, 0, 7], "texture": "#0"}
			}
		},
		{
			"from": [2.5, 5.05, 9.5],
			"to": [4.5, 9.05, 13.5],
			"rotation": {"angle": -45, "axis": "z", "origin": [3.5, 7.05, 11.5]},
			"faces": {
				"north": {"uv": [3, 8, 4, 10], "texture": "#0"},
				"east": {"uv": [7, 3, 9, 5], "texture": "#0"},
				"south": {"uv": [4, 8, 5, 10], "texture": "#0"},
				"west": {"uv": [7, 3, 9, 5], "texture": "#0"},
				"up": {"uv": [6, 10, 5, 8], "texture": "#0"},
				"down": {"uv": [7, 8, 6, 10], "texture": "#0"}
			}
		},
		{
			"from": [5.3, 5.05, 8.25],
			"to": [7.3, 9.05, 12.25],
			"rotation": {"angle": -45, "axis": "z", "origin": [6.3, 7.05, 10.25]},
			"faces": {
				"north": {"uv": [3, 8, 4, 10], "texture": "#0"},
				"east": {"uv": [7, 3, 9, 5], "texture": "#0"},
				"south": {"uv": [4, 8, 5, 10], "texture": "#0"},
				"west": {"uv": [7, 3, 9, 5], "texture": "#0"},
				"up": {"uv": [6, 10, 5, 8], "texture": "#0"},
				"down": {"uv": [7, 8, 6, 10], "texture": "#0"}
			}
		},
		{
			"from": [8.1, 5.05, 7],
			"to": [10.1, 9.05, 11],
			"rotation": {"angle": -45, "axis": "z", "origin": [9.1, 7.05, 9]},
			"faces": {
				"north": {"uv": [3, 8, 4, 10], "texture": "#0"},
				"east": {"uv": [7, 3, 9, 5], "texture": "#0"},
				"south": {"uv": [4, 8, 5, 10], "texture": "#0"},
				"west": {"uv": [7, 3, 9, 5], "texture": "#0"},
				"up": {"uv": [6, 10, 5, 8], "texture": "#0"},
				"down": {"uv": [7, 8, 6, 10], "texture": "#0"}
			}
		},
		{
			"from": [10.5, 5.05, 6],
			"to": [14.5, 7.05, 10],
			"rotation": {"angle": 0, "axis": "z", "origin": [9.875, 3.7625, 7.625]},
			"faces": {
				"north": {"uv": [3, 10, 4, 8], "rotation": 90, "texture": "#0"},
				"east": {"uv": [6, 8, 5, 10], "rotation": 270, "texture": "#0"},
				"south": {"uv": [4, 10, 5, 8], "rotation": 270, "texture": "#0"},
				"west": {"uv": [7, 10, 6, 8], "rotation": 270, "texture": "#0"},
				"up": {"uv": [7, 5, 9, 3], "rotation": 270, "texture": "#0"},
				"down": {"uv": [7, 5, 9, 3], "rotation": 270, "texture": "#0"}
			}
		},
		{
			"from": [12, 2, 5],
			"to": [14, 3, 12],
			"rotation": {"angle": 22.5, "axis": "y", "origin": [9.375, 3.625, 8]},
			"faces": {
				"north": {"uv": [9, 1, 10, 1.5], "texture": "#0"},
				"east": {"uv": [8, 7, 11.5, 7.5], "texture": "#0"},
				"south": {"uv": [9, 1.5, 10, 2], "texture": "#0"},
				"west": {"uv": [8, 7.5, 11.5, 8], "texture": "#0"},
				"up": {"uv": [8, 10.5, 7, 7], "texture": "#0"},
				"down": {"uv": [1, 8, 0, 11.5], "texture": "#0"}
			}
		},
		{
			"from": [2, 2, 5],
			"to": [4, 3, 12],
			"rotation": {"angle": 22.5, "axis": "y", "origin": [9.375, 3.625, 8]},
			"faces": {
				"north": {"uv": [9, 2, 10, 2.5], "texture": "#0"},
				"east": {"uv": [8, 8, 11.5, 8.5], "texture": "#0"},
				"south": {"uv": [9, 2.5, 10, 3], "texture": "#0"},
				"west": {"uv": [8, 8.5, 11.5, 9], "texture": "#0"},
				"up": {"uv": [2, 11.5, 1, 8], "texture": "#0"},
				"down": {"uv": [3, 8, 2, 11.5], "texture": "#0"}
			}
		},
		{
			"from": [12.5, 5, 5.5],
			"to": [14.5, 6, 7.5],
			"rotation": {"angle": 22.5, "axis": "y", "origin": [9.375, 3.625, 8]},
			"faces": {
				"north": {"uv": [2, 12, 3, 12.5], "texture": "#0"},
				"east": {"uv": [2, 11.5, 3, 12], "texture": "#0"},
				"south": {"uv": [0, 11.5, 1, 12], "texture": "#0"},
				"west": {"uv": [1, 11.5, 2, 12], "texture": "#0"},
				"up": {"uv": [1, 12, 2, 13], "texture": "#0"},
				"down": {"uv": [0, 12, 1, 13], "texture": "#0"}
			}
		}
	],
	"gui_light": "front",
	"display": {
		"thirdperson_righthand": {
			"rotation": [53, 0, 0],
			"translation": [0, 4, 1.25],
			"scale": [0.6, 0.6, 0.6]
		},
		"thirdperson_lefthand": {
			"rotation": [53, -178, 0],
			"translation": [0, 2.75, 1.25],
			"scale": [0.6, 0.6, 0.6]
		},
		"firstperson_righthand": {
			"rotation": [-6, 114, 0],
			"translation": [0, 3, -0.5],
			"scale": [0.6, 0.6, 0.6]
		},
		"firstperson_lefthand": {
			"rotation": [-6, -42, 0],
			"translation": [0, 3, -0.5],
			"scale": [0.6, 0.6, 0.6]
		},
		"ground": {
			"translation": [0, 1.75, 0],
			"scale": [0.6, 0.6, 0.6]
		},
		"gui": {
			"rotation": [18, 120, 17],
			"translation": [0, 1.75, 0],
			"scale": [0.8, 0.8, 0.8]
		},
		"head": {
			"translation": [0, 12.5, -1.25]
		},
		"fixed": {
			"rotation": [-90, -22, 0],
			"translation": [0.5, -1.75, -8],
			"scale": [1.5, 1.5, 1.5]
		}
	}
}