{
	"credit": "Made with Blockbench",
	"texture_size": [64, 64],
	"textures": {
		"0": "modelengine:entity/cooking_pot"
	},
	"elements": [
		{
			"from": [-1.03333, 17, -0.03333],
			"to": [12.96667, 19, 1.96667],
			"rotation": {"angle": 0, "axis": "y", "origin": [5.96667, 7, 6.96667]},
			"faces": {
				"north": {"uv": [0, 8.5, 3.5, 9], "texture": "#0"},
				"east": {"uv": [10.75, 12.75, 11.25, 13.25], "texture": "#0"},
				"south": {"uv": [0, 8, 3.5, 8.5], "texture": "#0"},
				"west": {"uv": [11.25, 12.75, 11.75, 13.25], "texture": "#0"},
				"up": {"uv": [0.5, 14.5, 0, 11], "rotation": 90, "texture": "#0"},
				"down": {"uv": [1, 11, 0.5, 14.5], "rotation": 270, "texture": "#0"}
			}
		},
		{
			"from": [14.96667, 17, 6.46667],
			"to": [17.96667, 19, 11.46667],
			"rotation": {"angle": 0, "axis": "y", "origin": [19.63333, 16.5, 8.96667]},
			"faces": {
				"north": {"uv": [12.5, 7, 13.25, 7.5], "texture": "#0"},
				"east": {"uv": [12.25, 3, 13.5, 3.5], "texture": "#0"},
				"south": {"uv": [12.5, 6.5, 13.25, 7], "texture": "#0"},
				"west": {"uv": [12.25, 3.5, 13.5, 4], "texture": "#0"},
				"up": {"uv": [11.5, 12.25, 10.25, 11.5], "rotation": 90, "texture": "#0"},
				"down": {"uv": [12.75, 11.5, 11.5, 12.25], "rotation": 270, "texture": "#0"}
			}
		},
		{
			"from": [12.96667, 17, -0.03333],
			"to": [14.96667, 19, 17.96667],
			"rotation": {"angle": 0, "axis": "y", "origin": [7.96667, 7, 8.96667]},
			"faces": {
				"north": {"uv": [3.25, 12.75, 3.75, 13.25], "texture": "#0"},
				"east": {"uv": [0, 9, 4.5, 9.5], "texture": "#0"},
				"south": {"uv": [2.75, 12.75, 3.25, 13.25], "texture": "#0"},
				"west": {"uv": [4.5, 9, 9, 9.5], "texture": "#0"},
				"up": {"uv": [13.5, 9.5, 9, 9], "rotation": 90, "texture": "#0"},
				"down": {"uv": [4.5, 9.5, 0, 10], "rotation": 270, "texture": "#0"}
			}
		},
		{
			"from": [-1.03333, 17, 15.96667],
			"to": [12.96667, 19, 17.96667],
			"rotation": {"angle": 0, "axis": "y", "origin": [5.96667, 7, 10.96667]},
			"faces": {
				"north": {"uv": [4.5, 11, 8, 11.5], "texture": "#0"},
				"east": {"uv": [12.75, 11.5, 13.25, 12], "texture": "#0"},
				"south": {"uv": [1, 11, 4.5, 11.5], "texture": "#0"},
				"west": {"uv": [11.75, 12.75, 12.25, 13.25], "texture": "#0"},
				"up": {"uv": [8.5, 14.5, 8, 11], "rotation": 90, "texture": "#0"},
				"down": {"uv": [9, 11, 8.5, 14.5], "rotation": 270, "texture": "#0"}
			}
		},
		{
			"from": [-2.03333, 9, 0.96667],
			"to": [13.96667, 17, 16.96667],
			"rotation": {"angle": 0, "axis": "y", "origin": [7.96667, 7, 6.96667]},
			"faces": {
				"north": {"uv": [7.5, 4, 11.5, 6], "texture": "#0"},
				"east": {"uv": [4, 7, 8, 9], "texture": "#0"},
				"south": {"uv": [7.5, 0, 11.5, 2], "texture": "#0"},
				"west": {"uv": [7.5, 2, 11.5, 4], "texture": "#0"},
				"up": {"uv": [4, 4, 0, 0], "rotation": 90, "texture": "#0"},
				"down": {"uv": [4, 4, 0, 8], "rotation": 270, "texture": "#0"}
			}
		},
		{
			"from": [-3.03333, 17, -0.03333],
			"to": [-1.03333, 19, 17.96667],
			"rotation": {"angle": 0, "axis": "y", "origin": [3.96667, 7, 8.96667]},
			"faces": {
				"north": {"uv": [10.25, 12.75, 10.75, 13.25], "texture": "#0"},
				"east": {"uv": [4.5, 9.5, 9, 10], "texture": "#0"},
				"south": {"uv": [9.75, 12.75, 10.25, 13.25], "texture": "#0"},
				"west": {"uv": [9, 9.5, 13.5, 10], "texture": "#0"},
				"up": {"uv": [4.5, 10.5, 0, 10], "rotation": 90, "texture": "#0"},
				"down": {"uv": [9, 10, 4.5, 10.5], "rotation": 270, "texture": "#0"}
			}
		},
		{
			"from": [-6.03333, 17, 6.46667],
			"to": [-3.03333, 19, 11.46667],
			"rotation": {"angle": 0, "axis": "y", "origin": [-1.36667, 16.5, 8.96667]},
			"faces": {
				"north": {"uv": [11.5, 12.25, 12.25, 12.75], "texture": "#0"},
				"east": {"uv": [12, 11, 13.25, 11.5], "texture": "#0"},
				"south": {"uv": [10.75, 12.25, 11.5, 12.75], "texture": "#0"},
				"west": {"uv": [12.25, 2.5, 13.5, 3], "texture": "#0"},
				"up": {"uv": [7.75, 12.25, 6.5, 11.5], "rotation": 90, "texture": "#0"},
				"down": {"uv": [10.25, 11.5, 9, 12.25], "rotation": 270, "texture": "#0"}
			}
		},
		{
			"from": [-3.03333, 10, -0.03333],
			"to": [-0.03333, 12, 17.96667],
			"rotation": {"angle": 0, "axis": "y", "origin": [5.96667, 10.625, 8.96667]},
			"faces": {
				"north": {"uv": [12.5, 4.5, 13.25, 5], "texture": "#0"},
				"east": {"uv": [9, 10, 13.5, 10.5], "texture": "#0"},
				"south": {"uv": [12.25, 12.25, 13, 12.75], "texture": "#0"},
				"west": {"uv": [0, 10.5, 4.5, 11], "texture": "#0"},
				"up": {"uv": [12, 6.75, 7.5, 6], "rotation": 90, "texture": "#0"},
				"down": {"uv": [12.5, 6.75, 8, 7.5], "rotation": 270, "texture": "#0"}
			}
		},
		{
			"from": [11.96667, 10, -0.03333],
			"to": [14.96667, 12, 17.96667],
			"rotation": {"angle": 0, "axis": "y", "origin": [5.96667, 10.625, 8.96667]},
			"faces": {
				"north": {"uv": [5.5, 12.5, 6.25, 13], "texture": "#0"},
				"east": {"uv": [4.5, 10.5, 9, 11], "texture": "#0"},
				"south": {"uv": [12.5, 5, 13.25, 5.5], "texture": "#0"},
				"west": {"uv": [9, 10.5, 13.5, 11], "texture": "#0"},
				"up": {"uv": [12.5, 8.25, 8, 7.5], "rotation": 90, "texture": "#0"},
				"down": {"uv": [12.5, 8.25, 8, 9], "rotation": 270, "texture": "#0"}
			}
		},
		{
			"from": [-0.03333, 10, 16.96667],
			"to": [11.96667, 12, 17.96667],
			"rotation": {"angle": 0, "axis": "y", "origin": [5.96667, 10.625, 8.96667]},
			"faces": {
				"north": {"uv": [11.5, 0, 14.5, 0.5], "texture": "#0"},
				"east": {"uv": [3.75, 12, 4, 12.5], "texture": "#0"},
				"south": {"uv": [9, 11, 12, 11.5], "texture": "#0"},
				"west": {"uv": [3.75, 12.5, 4, 13], "texture": "#0"},
				"up": {"uv": [8, 14.5, 7.75, 11.5], "rotation": 90, "texture": "#0"},
				"down": {"uv": [1.25, 12, 1, 15], "rotation": 270, "texture": "#0"}
			}
		},
		{
			"from": [-0.03333, 10, -0.03333],
			"to": [11.96667, 12, 0.96667],
			"rotation": {"angle": 0, "axis": "y", "origin": [5.96667, 10.625, 8.96667]},
			"faces": {
				"north": {"uv": [1, 11.5, 4, 12], "texture": "#0"},
				"east": {"uv": [6.25, 12.5, 6.5, 13], "texture": "#0"},
				"south": {"uv": [11.5, 0.5, 14.5, 1], "texture": "#0"},
				"west": {"uv": [3.75, 13, 4, 13.5], "texture": "#0"},
				"up": {"uv": [1.5, 15, 1.25, 12], "rotation": 90, "texture": "#0"},
				"down": {"uv": [1.75, 12, 1.5, 15], "rotation": 270, "texture": "#0"}
			}
		},
		{
			"from": [12.96667, 0, -2.03333],
			"to": [16.96667, 3, 1.96667],
			"rotation": {"angle": 0, "axis": "y", "origin": [5.96667, 10.625, 8.96667]},
			"faces": {
				"north": {"uv": [12.25, 1.75, 13.25, 2.5], "texture": "#0"},
				"east": {"uv": [1.75, 12, 2.75, 12.75], "texture": "#0"},
				"south": {"uv": [2.75, 12, 3.75, 12.75], "texture": "#0"},
				"west": {"uv": [12.25, 1, 13.25, 1.75], "texture": "#0"},
				"up": {"uv": [12.5, 5.5, 11.5, 4.5], "rotation": 90, "texture": "#0"},
				"down": {"uv": [6.5, 11.5, 5.5, 12.5], "rotation": 270, "texture": "#0"}
			}
		},
		{
			"from": [12.96667, 3, -1.03333],
			"to": [15.96667, 10, 1.96667],
			"rotation": {"angle": 0, "axis": "y", "origin": [5.96667, 10.625, 8.96667]},
			"faces": {
				"north": {"uv": [4.75, 11.5, 5.5, 13.25], "texture": "#0"},
				"east": {"uv": [11.5, 1, 12.25, 2.75], "texture": "#0"},
				"south": {"uv": [11.5, 2.75, 12.25, 4.5], "texture": "#0"},
				"west": {"uv": [4, 11.5, 4.75, 13.25], "texture": "#0"},
				"up": {"uv": [7.25, 13, 6.5, 12.25], "rotation": 90, "texture": "#0"},
				"down": {"uv": [9.75, 12.25, 9, 13], "rotation": 270, "texture": "#0"}
			}
		},
		{
			"from": [13.96667, 10, -1.03333],
			"to": [15.96667, 13, 0.96667],
			"rotation": {"angle": 0, "axis": "y", "origin": [5.96667, 10.625, 8.96667]},
			"faces": {
				"north": {"uv": [2.25, 12.75, 2.75, 13.5], "texture": "#0"},
				"east": {"uv": [12.5, 7.5, 13, 8.25], "texture": "#0"},
				"south": {"uv": [12.5, 8.25, 13, 9], "texture": "#0"},
				"west": {"uv": [1.75, 12.75, 2.25, 13.5], "texture": "#0"},
				"up": {"uv": [6, 13.5, 5.5, 13], "rotation": 90, "texture": "#0"},
				"down": {"uv": [6.5, 13, 6, 13.5], "rotation": 270, "texture": "#0"}
			}
		},
		{
			"from": [12.96667, 0, 15.96667],
			"to": [16.96667, 3, 19.96667],
			"rotation": {"angle": 0, "axis": "y", "origin": [5.96667, 10.625, 8.96667]},
			"faces": {
				"north": {"uv": [3.75, 12, 2.75, 12.75], "texture": "#0"},
				"east": {"uv": [2.75, 12, 1.75, 12.75], "texture": "#0"},
				"south": {"uv": [13.25, 1.75, 12.25, 2.5], "texture": "#0"},
				"west": {"uv": [13.25, 1, 12.25, 1.75], "texture": "#0"},
				"up": {"uv": [11.5, 5.5, 12.5, 4.5], "rotation": 90, "texture": "#0"},
				"down": {"uv": [5.5, 11.5, 6.5, 12.5], "rotation": 270, "texture": "#0"}
			}
		},
		{
			"from": [12.96667, 3, 15.96667],
			"to": [15.96667, 10, 18.96667],
			"rotation": {"angle": 0, "axis": "y", "origin": [5.96667, 10.625, 8.96667]},
			"faces": {
				"north": {"uv": [12.25, 2.75, 11.5, 4.5], "texture": "#0"},
				"east": {"uv": [12.25, 1, 11.5, 2.75], "texture": "#0"},
				"south": {"uv": [5.5, 11.5, 4.75, 13.25], "texture": "#0"},
				"west": {"uv": [4.75, 11.5, 4, 13.25], "texture": "#0"},
				"up": {"uv": [6.5, 13, 7.25, 12.25], "rotation": 90, "texture": "#0"},
				"down": {"uv": [9, 12.25, 9.75, 13], "rotation": 270, "texture": "#0"}
			}
		},
		{
			"from": [13.96667, 10, 16.96667],
			"to": [15.96667, 13, 18.96667],
			"rotation": {"angle": 0, "axis": "y", "origin": [5.96667, 10.625, 8.96667]},
			"faces": {
				"north": {"uv": [13, 8.25, 12.5, 9], "texture": "#0"},
				"east": {"uv": [13, 7.5, 12.5, 8.25], "texture": "#0"},
				"south": {"uv": [2.75, 12.75, 2.25, 13.5], "texture": "#0"},
				"west": {"uv": [2.25, 12.75, 1.75, 13.5], "texture": "#0"},
				"up": {"uv": [5.5, 13.5, 6, 13], "rotation": 90, "texture": "#0"},
				"down": {"uv": [6, 13, 6.5, 13.5], "rotation": 270, "texture": "#0"}
			}
		},
		{
			"from": [-5.03333, 0, -2.03333],
			"to": [-1.03333, 3, 1.96667],
			"rotation": {"angle": 0, "axis": "y", "origin": [5.96667, 10.625, 8.96667]},
			"faces": {
				"north": {"uv": [13.25, 1.75, 12.25, 2.5], "texture": "#0"},
				"east": {"uv": [13.25, 1, 12.25, 1.75], "texture": "#0"},
				"south": {"uv": [3.75, 12, 2.75, 12.75], "texture": "#0"},
				"west": {"uv": [2.75, 12, 1.75, 12.75], "texture": "#0"},
				"up": {"uv": [12.5, 4.5, 11.5, 5.5], "rotation": 90, "texture": "#0"},
				"down": {"uv": [6.5, 12.5, 5.5, 11.5], "rotation": 270, "texture": "#0"}
			}
		},
		{
			"from": [-4.03333, 3, -1.03333],
			"to": [-1.03333, 10, 1.96667],
			"rotation": {"angle": 0, "axis": "y", "origin": [5.96667, 10.625, 8.96667]},
			"faces": {
				"north": {"uv": [5.5, 11.5, 4.75, 13.25], "texture": "#0"},
				"east": {"uv": [4.75, 11.5, 4, 13.25], "texture": "#0"},
				"south": {"uv": [12.25, 2.75, 11.5, 4.5], "texture": "#0"},
				"west": {"uv": [12.25, 1, 11.5, 2.75], "texture": "#0"},
				"up": {"uv": [7.25, 12.25, 6.5, 13], "rotation": 90, "texture": "#0"},
				"down": {"uv": [9.75, 13, 9, 12.25], "rotation": 270, "texture": "#0"}
			}
		},
		{
			"from": [-4.03333, 10, -1.03333],
			"to": [-2.03333, 13, 0.96667],
			"rotation": {"angle": 0, "axis": "y", "origin": [5.96667, 10.625, 8.96667]},
			"faces": {
				"north": {"uv": [2.75, 12.75, 2.25, 13.5], "texture": "#0"},
				"east": {"uv": [2.25, 12.75, 1.75, 13.5], "texture": "#0"},
				"south": {"uv": [13, 8.25, 12.5, 9], "texture": "#0"},
				"west": {"uv": [13, 7.5, 12.5, 8.25], "texture": "#0"},
				"up": {"uv": [6, 13, 5.5, 13.5], "rotation": 90, "texture": "#0"},
				"down": {"uv": [6.5, 13.5, 6, 13], "rotation": 270, "texture": "#0"}
			}
		},
		{
			"from": [-5.03333, 0, 15.96667],
			"to": [-1.03333, 3, 19.96667],
			"rotation": {"angle": 0, "axis": "y", "origin": [5.96667, 10.625, 8.96667]},
			"faces": {
				"north": {"uv": [2.75, 12, 3.75, 12.75], "texture": "#0"},
				"east": {"uv": [12.25, 1, 13.25, 1.75], "texture": "#0"},
				"south": {"uv": [12.25, 1.75, 13.25, 2.5], "texture": "#0"},
				"west": {"uv": [1.75, 12, 2.75, 12.75], "texture": "#0"},
				"up": {"uv": [11.5, 4.5, 12.5, 5.5], "rotation": 90, "texture": "#0"},
				"down": {"uv": [5.5, 12.5, 6.5, 11.5], "rotation": 270, "texture": "#0"}
			}
		},
		{
			"from": [-4.03333, 3, 15.96667],
			"to": [-1.03333, 10, 18.96667],
			"rotation": {"angle": 0, "axis": "y", "origin": [5.96667, 10.625, 8.96667]},
			"faces": {
				"north": {"uv": [11.5, 2.75, 12.25, 4.5], "texture": "#0"},
				"east": {"uv": [4, 11.5, 4.75, 13.25], "texture": "#0"},
				"south": {"uv": [4.75, 11.5, 5.5, 13.25], "texture": "#0"},
				"west": {"uv": [11.5, 1, 12.25, 2.75], "texture": "#0"},
				"up": {"uv": [6.5, 12.25, 7.25, 13], "rotation": 90, "texture": "#0"},
				"down": {"uv": [9, 13, 9.75, 12.25], "rotation": 270, "texture": "#0"}
			}
		},
		{
			"from": [-4.03333, 10, 16.96667],
			"to": [-2.03333, 13, 18.96667],
			"rotation": {"angle": 0, "axis": "y", "origin": [5.96667, 10.625, 8.96667]},
			"faces": {
				"north": {"uv": [12.5, 8.25, 13, 9], "texture": "#0"},
				"east": {"uv": [1.75, 12.75, 2.25, 13.5], "texture": "#0"},
				"south": {"uv": [2.25, 12.75, 2.75, 13.5], "texture": "#0"},
				"west": {"uv": [12.5, 7.5, 13, 8.25], "texture": "#0"},
				"up": {"uv": [5.5, 13, 6, 13.5], "rotation": 90, "texture": "#0"},
				"down": {"uv": [6, 13.5, 6.5, 13], "rotation": 270, "texture": "#0"}
			}
		},
		{
			"from": [-1, 19, 2],
			"to": [13, 20, 16],
			"rotation": {"angle": 0, "axis": "y", "origin": [0, 19, 2]},
			"faces": {
				"north": {"uv": [12, 6, 15.5, 6.25], "texture": "#0"},
				"east": {"uv": [11.5, 5.75, 15, 6], "texture": "#0"},
				"south": {"uv": [11.5, 5.5, 15, 5.75], "texture": "#0"},
				"west": {"uv": [11.5, 5.75, 15, 6], "texture": "#0"},
				"up": {"uv": [4, 0, 7.5, 3.5], "texture": "#0"},
				"down": {"uv": [0, 0.25, 3.5, 3.75], "texture": "#0"}
			}
		},
		{
			"from": [5, 20, 7],
			"to": [7, 22, 11],
			"rotation": {"angle": 0, "axis": "y", "origin": [0, 19, 2]},
			"faces": {
				"north": {"uv": [12, 6, 12.5, 6.5], "texture": "#0"},
				"east": {"uv": [9.75, 12.25, 10.75, 12.75], "texture": "#0"},
				"south": {"uv": [12.25, 12.75, 12.75, 13.25], "texture": "#0"},
				"west": {"uv": [12.25, 4, 13.25, 4.5], "texture": "#0"},
				"up": {"uv": [4, 2, 4.5, 3], "texture": "#0"},
				"down": {"uv": [0, 0.25, 3.5, 3.75], "texture": "#0"}
			}
		}
	],
	"gui_light": "front",
	"display": {
		"thirdperson_righthand": {
			"rotation": [47, -5, 0],
			"translation": [1.75, 1.5, 0],
			"scale": [0.4, 0.4, 0.4]
		},
		"thirdperson_lefthand": {
			"rotation": [47, -5, 0],
			"translation": [1.75, 1.5, 0],
			"scale": [0.4, 0.4, 0.4]
		},
		"firstperson_righthand": {
			"rotation": [-5, -7, 9],
			"translation": [1.75, 1.5, 0],
			"scale": [0.4, 0.4, 0.4]
		},
		"firstperson_lefthand": {
			"rotation": [-5, -7, 9],
			"translation": [1.75, 1.5, 0],
			"scale": [0.4, 0.4, 0.4]
		},
		"ground": {
			"rotation": [22, 0, 0],
			"translation": [-0.5, 2, 1],
			"scale": [0.4, 0.4, 0.4]
		},
		"gui": {
			"rotation": [29, 48, 0],
			"translation": [0.5, -0.25, 0],
			"scale": [0.5, 0.5, 0.5]
		},
		"head": {
			"translation": [2, 5.25, -0.75]
		},
		"fixed": {
			"rotation": [-90, 0, 0],
			"translation": [2.75, -1.5, -10.25],
			"scale": [1.4, 1.4, 1.4]
		}
	},
	"groups": [
		{
			"name": "cooking_pot",
			"origin": [0, 11.43333, -0.03333],
			"color": 0,
			"children": [
				{
					"name": "pot",
					"origin": [-0.03333, 10.2857, -0.03333],
					"color": 0,
					"children": [0, 1, 2, 3, 4, 5, 6]
				},
				7,
				8,
				9,
				10,
				11,
				12,
				13,
				14,
				15,
				16,
				17,
				18,
				19,
				20,
				21,
				22,
				23,
				24
			]
		}
	]
}