{
	"credit": "Made with Blockbench",
	"texture_size": [64, 64],
	"textures": {
		"0": "cooking:cotton_candy",
		"particle": "cooking:cotton_candy"
	},
	"elements": [
		{
			"from": [7, 0, 8],
			"to": [8, 11, 9],
			"faces": {
				"north": {"uv": [2.75, 9.25, 3, 12], "texture": "#0"},
				"east": {"uv": [3, 9.25, 3.25, 12], "texture": "#0"},
				"south": {"uv": [3.25, 9.25, 3.5, 12], "texture": "#0"},
				"west": {"uv": [9.25, 3.25, 9.5, 6], "texture": "#0"},
				"up": {"uv": [3.75, 6.25, 3.5, 6], "texture": "#0"},
				"down": {"uv": [4, 6, 3.75, 6.25], "texture": "#0"}
			}
		},
		{
			"from": [2.75, 8.75, 3.75],
			"to": [9.25, 14.25, 10.25],
			"rotation": {"angle": 0, "axis": "y", "origin": [0, -1, -2]},
			"faces": {
				"north": {"uv": [7.5, 6.75, 9.25, 8.25], "texture": "#0"},
				"east": {"uv": [0, 7.75, 1.75, 9.25], "texture": "#0"},
				"south": {"uv": [1.75, 7.75, 3.5, 9.25], "texture": "#0"},
				"west": {"uv": [7.75, 1.75, 9.5, 3.25], "texture": "#0"},
				"up": {"uv": [1.75, 7.75, 0, 6], "texture": "#0"},
				"down": {"uv": [3.5, 6, 1.75, 7.75], "texture": "#0"}
			}
		},
		{
			"from": [3.75, 7.75, 4.75],
			"to": [11.25, 19.25, 12.25],
			"rotation": {"angle": 0, "axis": "y", "origin": [0, -1, -2]},
			"faces": {
				"north": {"uv": [0, 0, 2, 3], "texture": "#0"},
				"east": {"uv": [2, 0, 4, 3], "texture": "#0"},
				"south": {"uv": [0, 3, 2, 6], "texture": "#0"},
				"west": {"uv": [2, 3, 4, 6], "texture": "#0"},
				"up": {"uv": [7.75, 4.75, 5.75, 2.75], "texture": "#0"},
				"down": {"uv": [7.75, 4.75, 5.75, 6.75], "texture": "#0"}
			}
		},
		{
			"from": [4, 8, 5],
			"to": [11, 19, 12],
			"rotation": {"angle": 0, "axis": "y", "origin": [0, -1, -2]},
			"faces": {
				"north": {"uv": [4, 0, 5.75, 2.75], "texture": "#0"},
				"east": {"uv": [4, 2.75, 5.75, 5.5], "texture": "#0"},
				"south": {"uv": [4, 5.5, 5.75, 8.25], "texture": "#0"},
				"west": {"uv": [5.75, 0, 7.5, 2.75], "texture": "#0"},
				"up": {"uv": [7.5, 8.5, 5.75, 6.75], "texture": "#0"},
				"down": {"uv": [9.25, 0, 7.5, 1.75], "texture": "#0"}
			}
		},
		{
			"from": [3, 9, 4],
			"to": [9, 14, 10],
			"rotation": {"angle": 0, "axis": "y", "origin": [0, -1, -2]},
			"faces": {
				"north": {"uv": [3.5, 8.25, 5, 9.5], "texture": "#0"},
				"east": {"uv": [7.5, 8.25, 9, 9.5], "texture": "#0"},
				"south": {"uv": [5, 8.5, 6.5, 9.75], "texture": "#0"},
				"west": {"uv": [9, 8.25, 10.5, 9.5], "texture": "#0"},
				"up": {"uv": [9.25, 4.75, 7.75, 3.25], "texture": "#0"},
				"down": {"uv": [9.25, 4.75, 7.75, 6.25], "texture": "#0"}
			}
		},
		{
			"from": [3.59814, 12.5, 13.01444],
			"to": [7.59814, 19.5, 13.01444],
			"rotation": {"angle": -22.5, "axis": "y", "origin": [5.59814, 15.75, 13.01444]},
			"faces": {
				"north": {"uv": [2.75, 9.25, 1.75, 11], "texture": "#0"},
				"east": {"uv": [0, 0, 0, 1.75], "texture": "#0"},
				"south": {"uv": [1.75, 9.25, 2.75, 11], "texture": "#0"},
				"west": {"uv": [0, 0, 0, 1.75], "texture": "#0"},
				"up": {"uv": [1, 0, 0, 0], "texture": "#0"},
				"down": {"uv": [1, 0, 0, 0], "texture": "#0"}
			}
		},
		{
			"from": [12.47117, 6.75, 6.10576],
			"to": [12.47117, 13.75, 10.10576],
			"rotation": {"angle": -22.5, "axis": "y", "origin": [6.47117, 15.5, 8.10576]},
			"faces": {
				"north": {"uv": [0, 0, 0, 1.75], "texture": "#0"},
				"east": {"uv": [1.75, 9.25, 2.75, 11], "texture": "#0"},
				"south": {"uv": [0, 0, 0, 1.75], "texture": "#0"},
				"west": {"uv": [2.75, 9.25, 1.75, 11], "texture": "#0"},
				"up": {"uv": [1, 0, 0, 0], "rotation": 270, "texture": "#0"},
				"down": {"uv": [1, 0, 0, 0], "rotation": 90, "texture": "#0"}
			}
		},
		{
			"from": [3.51748, 10.25, 1.91898],
			"to": [3.51748, 17.25, 5.91898],
			"rotation": {"angle": -22.5, "axis": "y", "origin": [-3.48252, 15.5, 3.91898]},
			"faces": {
				"north": {"uv": [0, 0, 0, 1.75], "texture": "#0"},
				"east": {"uv": [2.75, 9.25, 1.75, 11], "texture": "#0"},
				"south": {"uv": [0, 0, 0, 1.75], "texture": "#0"},
				"west": {"uv": [1.75, 9.25, 2.75, 11], "texture": "#0"},
				"up": {"uv": [1, 0, 0, 0], "rotation": 90, "texture": "#0"},
				"down": {"uv": [1, 0, 0, 0], "rotation": 270, "texture": "#0"}
			}
		},
		{
			"from": [5.16421, 18.66421, 5.25],
			"to": [5.16421, 22.66421, 12.25],
			"rotation": {"angle": -45, "axis": "z", "origin": [5.16421, 20.66421, 8.75]},
			"faces": {
				"north": {"uv": [0, 0, 0, 1], "texture": "#0"},
				"east": {"uv": [0, 9.25, 1.75, 10.25], "texture": "#0"},
				"south": {"uv": [0, 0, 0, 1], "texture": "#0"},
				"west": {"uv": [1.75, 9.25, 0, 10.25], "texture": "#0"},
				"up": {"uv": [0, 1.75, 0, 0], "texture": "#0"},
				"down": {"uv": [0, 0, 0, 1.75], "texture": "#0"}
			}
		},
		{
			"from": [0.75, 13.66421, 5.16421],
			"to": [7.75, 17.66421, 5.16421],
			"rotation": {"angle": 45, "axis": "x", "origin": [6.25, 15.66421, 5.16421]},
			"faces": {
				"north": {"uv": [1.75, 9.25, 0, 10.25], "texture": "#0"},
				"east": {"uv": [0, 0, 0, 1], "texture": "#0"},
				"south": {"uv": [0, 9.25, 1.75, 10.25], "texture": "#0"},
				"west": {"uv": [0, 0, 0, 1], "texture": "#0"},
				"up": {"uv": [0, 1.75, 0, 0], "rotation": 90, "texture": "#0"},
				"down": {"uv": [0, 0, 0, 1.75], "rotation": 270, "texture": "#0"}
			}
		}
	],
	"gui_light": "front",
	"display": {
		"thirdperson_righthand": {
			"rotation": [9, 23, -8],
			"translation": [0, 3, 1.25],
			"scale": [0.7, 0.7, 0.7]
		},
		"thirdperson_lefthand": {
			"rotation": [9, 23, -8],
			"translation": [0, 3, 1.25],
			"scale": [0.7, 0.7, 0.7]
		},
		"firstperson_righthand": {
			"rotation": [8, 31, -8],
			"translation": [1.25, 1.75, -2.5],
			"scale": [0.7, 0.7, 0.7]
		},
		"firstperson_lefthand": {
			"rotation": [9, -114, 11],
			"translation": [1.25, 2, -2.5],
			"scale": [0.7, 0.7, 0.7]
		},
		"ground": {
			"rotation": [43, 0, 0],
			"translation": [0, 2, 0],
			"scale": [0.7, 0.7, 0.7]
		},
		"gui": {
			"rotation": [26, 43, -57],
			"translation": [-1.25, -2, 0],
			"scale": [0.7, 0.7, 0.7]
		},
		"head": {
			"translation": [0, 14, 0]
		},
		"fixed": {
			"rotation": [-90, 0, 0],
			"translation": [0, 0, -10.25],
			"scale": [1.4, 1.4, 1.4]
		}
	}
}