{
	"credit": "Made with Blockbench",
	"texture_size": [32, 32],
	"textures": {
		"0": "cooking:donut",
		"particle": "cooking:donut"
	},
	"elements": [
		{
			"from": [4, 6, 4],
			"to": [7, 9, 12],
			"rotation": {"angle": 0, "axis": "y", "origin": [4, 6, 4]},
			"faces": {
				"north": {"uv": [4, 1.5, 5.5, 3], "texture": "#0"},
				"east": {"uv": [0, 0, 4, 1.5], "texture": "#0"},
				"south": {"uv": [5.5, 1.5, 7, 3], "texture": "#0"},
				"west": {"uv": [0, 1.5, 4, 3], "texture": "#0"},
				"up": {"uv": [1.5, 7, 0, 3], "texture": "#0"},
				"down": {"uv": [3, 3, 1.5, 7], "texture": "#0"}
			}
		},
		{
			"from": [9, 6, 4],
			"to": [12, 9, 12],
			"rotation": {"angle": 0, "axis": "y", "origin": [9, 6, 4]},
			"faces": {
				"north": {"uv": [6, 4.5, 7.5, 6], "texture": "#0"},
				"east": {"uv": [3, 3, 7, 4.5], "texture": "#0"},
				"south": {"uv": [6, 6, 7.5, 7.5], "texture": "#0"},
				"west": {"uv": [4, 0, 8, 1.5], "texture": "#0"},
				"up": {"uv": [4.5, 8.5, 3, 4.5], "texture": "#0"},
				"down": {"uv": [6, 4.5, 4.5, 8.5], "texture": "#0"}
			}
		},
		{
			"from": [7, 6, 9],
			"to": [9, 9, 12],
			"rotation": {"angle": 0, "axis": "y", "origin": [6, 6, 4]},
			"faces": {
				"north": {"uv": [7.5, 4.5, 8.5, 6], "texture": "#0"},
				"east": {"uv": [0, 7, 1.5, 8.5], "texture": "#0"},
				"south": {"uv": [6, 7.5, 7, 9], "texture": "#0"},
				"west": {"uv": [1.5, 7, 3, 8.5], "texture": "#0"},
				"up": {"uv": [8.5, 7.5, 7.5, 6], "texture": "#0"},
				"down": {"uv": [8, 7.5, 7, 9], "texture": "#0"}
			}
		},
		{
			"from": [7, 6, 4],
			"to": [9, 9, 7],
			"rotation": {"angle": 0, "axis": "y", "origin": [6, 6, -1]},
			"faces": {
				"north": {"uv": [8, 0, 9, 1.5], "texture": "#0"},
				"east": {"uv": [7, 1.5, 8.5, 3], "texture": "#0"},
				"south": {"uv": [8, 7.5, 9, 9], "texture": "#0"},
				"west": {"uv": [7, 3, 8.5, 4.5], "texture": "#0"},
				"up": {"uv": [1, 10, 0, 8.5], "texture": "#0"},
				"down": {"uv": [2, 8.5, 1, 10], "texture": "#0"}
			}
		}
	],
	"gui_light": "front",
	"display": {
		"thirdperson_righthand": {
			"rotation": [80, -50, 6],
			"translation": [-1.5, 2, 1.5],
			"scale": [0.6, 0.6, 0.6]
		},
		"thirdperson_lefthand": {
			"rotation": [80, -50, 6],
			"translation": [-1.5, 2, 1.5],
			"scale": [0.6, 0.6, 0.6]
		},
		"firstperson_righthand": {
			"rotation": [23, -40, 52],
			"translation": [-0.75, 3.25, 1.5],
			"scale": [0.6, 0.6, 0.6]
		},
		"firstperson_lefthand": {
			"rotation": [23, -40, 52],
			"translation": [-0.75, 3.25, 1.5],
			"scale": [0.6, 0.6, 0.6]
		},
		"ground": {
			"rotation": [31, 0, 0],
			"scale": [0.8, 0.8, 0.8]
		},
		"gui": {
			"rotation": [41, -28, 14]
		},
		"head": {
			"translation": [0, 8.5, 0]
		},
		"fixed": {
			"rotation": [-90, 0, 0],
			"translation": [0, 0, -1.75],
			"scale": [1.4, 1.4, 1.4]
		}
	}
}