{
	"credit": "Made with Blockbench",
	"texture_size": [64, 64],
	"textures": {
		"0": "cooking:fruit_salad",
		"particle": "cooking:fruit_salad"
	},
	"elements": [
		{
			"from": [4, 0, 4],
			"to": [12, 3, 12],
			"rotation": {"angle": -22.5, "axis": "y", "origin": [8, 2.5, 8]},
			"faces": {
				"north": {"uv": [4.5, 1, 6.5, 1.75], "texture": "#0"},
				"east": {"uv": [4.5, 1.75, 6.5, 2.5], "texture": "#0"},
				"south": {"uv": [4.5, 2.5, 6.5, 3.25], "texture": "#0"},
				"west": {"uv": [4.5, 3.25, 6.5, 4], "texture": "#0"},
				"up": {"uv": [2, 2, 0, 0], "texture": "#0"},
				"down": {"uv": [2, 2, 0, 4], "texture": "#0"}
			}
		},
		{
			"from": [12, 1, 4],
			"to": [13, 5, 12],
			"rotation": {"angle": -22.5, "axis": "y", "origin": [8, 2.5, 8]},
			"faces": {
				"north": {"uv": [3, 6.75, 3.25, 7.75], "texture": "#0"},
				"east": {"uv": [0, 4, 2, 5], "texture": "#0"},
				"south": {"uv": [3.25, 6.75, 3.5, 7.75], "texture": "#0"},
				"west": {"uv": [2, 4, 4, 5], "texture": "#0"},
				"up": {"uv": [1.75, 8, 1.5, 6], "texture": "#0"},
				"down": {"uv": [2, 6, 1.75, 8], "texture": "#0"}
			}
		},
		{
			"from": [3, 1, 4],
			"to": [4, 5, 12],
			"rotation": {"angle": -22.5, "axis": "y", "origin": [8, 2.5, 8]},
			"faces": {
				"north": {"uv": [6.75, 5.5, 7, 6.5], "texture": "#0"},
				"east": {"uv": [4, 4, 6, 5], "texture": "#0"},
				"south": {"uv": [6.25, 6.75, 6.5, 7.75], "texture": "#0"},
				"west": {"uv": [4.5, 0, 6.5, 1], "texture": "#0"},
				"up": {"uv": [4.5, 8.25, 4.25, 6.25], "texture": "#0"},
				"down": {"uv": [4.75, 6.25, 4.5, 8.25], "texture": "#0"}
			}
		},
		{
			"from": [3, 1, 3],
			"to": [13, 5, 4],
			"rotation": {"angle": -22.5, "axis": "y", "origin": [8, 2.5, 8]},
			"faces": {
				"north": {"uv": [2, 0, 4.5, 1], "texture": "#0"},
				"east": {"uv": [6.5, 6.75, 6.75, 7.75], "texture": "#0"},
				"south": {"uv": [2, 1, 4.5, 2], "texture": "#0"},
				"west": {"uv": [6.75, 6.5, 7, 7.5], "texture": "#0"},
				"up": {"uv": [6, 6, 3.5, 5.75], "texture": "#0"},
				"down": {"uv": [6, 6, 3.5, 6.25], "texture": "#0"}
			}
		},
		{
			"from": [3, 1, 12],
			"to": [13, 5, 13],
			"rotation": {"angle": -22.5, "axis": "y", "origin": [8, 2.5, 8]},
			"faces": {
				"north": {"uv": [2, 2, 4.5, 3], "texture": "#0"},
				"east": {"uv": [7, 0.5, 7.25, 1.5], "texture": "#0"},
				"south": {"uv": [2, 3, 4.5, 4], "texture": "#0"},
				"west": {"uv": [3.5, 7, 3.75, 8], "texture": "#0"},
				"up": {"uv": [8.5, 4.25, 6, 4], "texture": "#0"},
				"down": {"uv": [8.5, 4.25, 6, 4.5], "texture": "#0"}
			}
		},
		{
			"from": [6, 2, 4],
			"to": [9, 5, 6],
			"rotation": {"angle": -22.5, "axis": "x", "origin": [7.5, 3.5, 5]},
			"faces": {
				"north": {"uv": [0, 6, 0.75, 6.75], "texture": "#0"},
				"east": {"uv": [6.5, 0.5, 7, 1.25], "texture": "#0"},
				"south": {"uv": [0.75, 6, 1.5, 6.75], "texture": "#0"},
				"west": {"uv": [6.5, 1.25, 7, 2], "texture": "#0"},
				"up": {"uv": [7.25, 2.5, 6.5, 2], "texture": "#0"},
				"down": {"uv": [7.25, 2.5, 6.5, 3], "texture": "#0"}
			}
		},
		{
			"from": [7.5, 2, 9.5],
			"to": [10.5, 5, 11.5],
			"rotation": {"angle": 22.5, "axis": "y", "origin": [10, 3.5, 10.5]},
			"faces": {
				"north": {"uv": [6, 6, 6.75, 6.75], "texture": "#0"},
				"east": {"uv": [2, 6.75, 2.5, 7.5], "texture": "#0"},
				"south": {"uv": [3.5, 6.25, 4.25, 7], "texture": "#0"},
				"west": {"uv": [2.5, 6.75, 3, 7.5], "texture": "#0"},
				"up": {"uv": [7.5, 5, 6.75, 4.5], "texture": "#0"},
				"down": {"uv": [5.5, 6.75, 4.75, 7.25], "texture": "#0"}
			}
		},
		{
			"from": [9.75, 2, 6],
			"to": [12.75, 4, 9],
			"rotation": {"angle": 0, "axis": "x", "origin": [7.25, 3.5, 5]},
			"faces": {
				"north": {"uv": [6.5, 3, 7.25, 3.5], "texture": "#0"},
				"east": {"uv": [6.5, 3.5, 7.25, 4], "texture": "#0"},
				"south": {"uv": [0, 6.75, 0.75, 7.25], "texture": "#0"},
				"west": {"uv": [0.75, 6.75, 1.5, 7.25], "texture": "#0"},
				"up": {"uv": [6.75, 5.25, 6, 4.5], "texture": "#0"},
				"down": {"uv": [6.75, 5.25, 6, 6], "texture": "#0"}
			}
		},
		{
			"from": [4.75, 2, 6],
			"to": [8.75, 5, 10],
			"rotation": {"angle": 0, "axis": "x", "origin": [2.25, 3.5, 5]},
			"faces": {
				"north": {"uv": [2, 5, 3, 5.75], "texture": "#0"},
				"east": {"uv": [3, 5, 4, 5.75], "texture": "#0"},
				"south": {"uv": [4, 5, 5, 5.75], "texture": "#0"},
				"west": {"uv": [5, 5, 6, 5.75], "texture": "#0"},
				"up": {"uv": [1, 6, 0, 5], "texture": "#0"},
				"down": {"uv": [2, 5, 1, 6], "texture": "#0"}
			}
		},
		{
			"from": [3.75, 2, 7.5],
			"to": [6.75, 4, 11.5],
			"rotation": {"angle": -22.5, "axis": "y", "origin": [6.75, 3.5, 8]},
			"faces": {
				"north": {"uv": [6.75, 5, 7.5, 5.5], "texture": "#0"},
				"east": {"uv": [4.75, 6.25, 5.75, 6.75], "texture": "#0"},
				"south": {"uv": [5.5, 6.75, 6.25, 7.25], "texture": "#0"},
				"west": {"uv": [6.5, 0, 7.5, 0.5], "texture": "#0"},
				"up": {"uv": [2.75, 6.75, 2, 5.75], "texture": "#0"},
				"down": {"uv": [3.5, 5.75, 2.75, 6.75], "texture": "#0"}
			}
		},
		{
			"from": [8.75, 3, 4.75],
			"to": [10.75, 5, 6.75],
			"rotation": {"angle": -45, "axis": "z", "origin": [9.75, 4, 5.75]},
			"faces": {
				"north": {"uv": [7, 1.5, 7.5, 2], "texture": "#0"},
				"east": {"uv": [3.75, 7, 4.25, 7.5], "texture": "#0"},
				"south": {"uv": [7, 5.5, 7.5, 6], "texture": "#0"},
				"west": {"uv": [7, 6, 7.5, 6.5], "texture": "#0"},
				"up": {"uv": [7.5, 7, 7, 6.5], "texture": "#0"},
				"down": {"uv": [7.5, 7, 7, 7.5], "texture": "#0"}
			}
		}
	],
	"gui_light": "front",
	"display": {
		"thirdperson_righthand": {
			"rotation": [47, 49, 0],
			"translation": [-1.25, 4, 2],
			"scale": [0.6, 0.6, 0.6]
		},
		"thirdperson_lefthand": {
			"rotation": [47, 49, 0],
			"translation": [-1.25, 4, 2],
			"scale": [0.6, 0.6, 0.6]
		},
		"firstperson_righthand": {
			"rotation": [7, -30, 0],
			"translation": [-1.25, 5.25, 2],
			"scale": [0.6, 0.6, 0.6]
		},
		"firstperson_lefthand": {
			"rotation": [7, -30, 0],
			"translation": [-1.25, 5.25, 2],
			"scale": [0.6, 0.6, 0.6]
		},
		"ground": {
			"translation": [0, 2.75, 0],
			"scale": [0.6, 0.6, 0.6]
		},
		"gui": {
			"rotation": [30, -9, 0],
			"translation": [0, 3, 0]
		},
		"head": {
			"translation": [0, 14.5, 0]
		},
		"fixed": {
			"rotation": [-90, 22.5, 0],
			"translation": [0, 0, -15],
			"scale": [2, 2, 2]
		}
	}
}