{
	"credit": "Made with Blockbench",
	"texture_size": [32, 32],
	"textures": {
		"0": "cooking:glazed_ham",
		"particle": "cooking:glazed_ham"
	},
	"elements": [
		{
			"from": [2, 0, 3.5],
			"to": [14, 2, 12.5],
			"faces": {
				"north": {"uv": [10, 0, 16, 1], "texture": "#0"},
				"east": {"uv": [10, 2, 14.5, 3], "texture": "#0"},
				"south": {"uv": [10, 1, 16, 2], "texture": "#0"},
				"west": {"uv": [10, 3, 14.5, 4], "texture": "#0"},
				"up": {"uv": [6, 4.5, 0, 0], "texture": "#0"},
				"down": {"uv": [6, 4.5, 0, 9], "texture": "#0"}
			}
		},
		{
			"from": [1.5, 2, 4.75],
			"to": [9.5, 7, 11.75],
			"rotation": {"angle": 0, "axis": "y", "origin": [-1, 0, 0]},
			"faces": {
				"north": {"uv": [6, 7, 10, 9.5], "texture": "#0"},
				"east": {"uv": [4, 9.5, 7.5, 12], "texture": "#0"},
				"south": {"uv": [0, 9, 4, 11.5], "texture": "#0"},
				"west": {"uv": [7.5, 9.5, 11, 12], "texture": "#0"},
				"up": {"uv": [10, 3.5, 6, 0], "texture": "#0"},
				"down": {"uv": [10, 3.5, 6, 7], "texture": "#0"}
			}
		},
		{
			"from": [3.5, 7, 6.75],
			"to": [6.5, 8, 9.75],
			"rotation": {"angle": 0, "axis": "y", "origin": [-1, 0, 0]},
			"faces": {
				"north": {"uv": [7.5, 2, 9, 2.5], "texture": "#0"},
				"east": {"uv": [7.5, 2, 9, 2.5], "texture": "#0"},
				"south": {"uv": [7.5, 2, 9, 2.5], "texture": "#0"},
				"west": {"uv": [7.5, 2, 9, 2.5], "texture": "#0"},
				"up": {"uv": [9, 2.5, 7.5, 1], "texture": "#0"},
				"down": {"uv": [9, 1, 7.5, 2.5], "texture": "#0"}
			}
		},
		{
			"from": [10.5, 2, 4.75],
			"to": [15.5, 3, 11.75],
			"rotation": {"angle": 0, "axis": "z", "origin": [13, 2.5, 8.25]},
			"faces": {
				"north": {"uv": [6, 7, 6.5, 9.5], "rotation": 270, "texture": "#0"},
				"east": {"uv": [6.5, 3.5, 6, 0], "rotation": 90, "texture": "#0"},
				"south": {"uv": [0, 9, 0.5, 11.5], "rotation": 90, "texture": "#0"},
				"west": {"uv": [6.5, 3.5, 6, 7], "rotation": 90, "texture": "#0"},
				"up": {"uv": [7.5, 9.5, 4, 12], "rotation": 90, "texture": "#0"},
				"down": {"uv": [4, 9.5, 7.5, 12], "rotation": 90, "texture": "#0"}
			}
		}
	],
	"gui_light": "front",
	"display": {
		"thirdperson_righthand": {
			"rotation": [49, 151, 0],
			"translation": [0, 6.25, 3],
			"scale": [0.8, 0.8, 0.8]
		},
		"thirdperson_lefthand": {
			"rotation": [49, -35, 0],
			"translation": [0, 6.25, 3],
			"scale": [0.8, 0.8, 0.8]
		},
		"firstperson_righthand": {
			"rotation": [7, 150, 0],
			"translation": [0, 6.25, 3],
			"scale": [0.8, 0.8, 0.8]
		},
		"firstperson_lefthand": {
			"rotation": [7, -30, 0],
			"translation": [0, 6.25, 3],
			"scale": [0.8, 0.8, 0.8]
		},
		"ground": {
			"translation": [0, 5.75, 0]
		},
		"gui": {
			"rotation": [20, -125, 0],
			"translation": [0, 3.25, 0]
		},
		"head": {
			"translation": [0, 14.5, 0]
		},
		"fixed": {
			"rotation": [-90, 0, 0],
			"translation": [0, 0, -13],
			"scale": [2, 2, 2]
		}
	}
}