{
	"credit": "Made with Blockbench",
	"texture_size": [64, 64],
	"textures": {
		"0": "cooking:ham_sandwich",
		"particle": "cooking:ham_sandwich"
	},
	"elements": [
		{
			"from": [3, 10, 3],
			"to": [13, 12, 13],
			"rotation": {"angle": 0, "axis": "y", "origin": [6, 10, 4]},
			"faces": {
				"north": {"uv": [5, 3.5, 7.5, 4], "texture": "#0"},
				"east": {"uv": [5, 4, 7.5, 4.5], "texture": "#0"},
				"south": {"uv": [5, 4.5, 7.5, 5], "texture": "#0"},
				"west": {"uv": [3, 5.5, 5.5, 6], "texture": "#0"},
				"up": {"uv": [5, 2.5, 2.5, 0], "texture": "#0"},
				"down": {"uv": [5, 0, 2.5, 2.5], "texture": "#0"}
			}
		},
		{
			"from": [3, 6, 3],
			"to": [13, 8, 13],
			"rotation": {"angle": 0, "axis": "y", "origin": [6, 6, 4]},
			"faces": {
				"north": {"uv": [5, 3.5, 7.5, 4], "texture": "#0"},
				"east": {"uv": [5, 4, 7.5, 4.5], "texture": "#0"},
				"south": {"uv": [5, 4.5, 7.5, 5], "texture": "#0"},
				"west": {"uv": [3, 5.5, 5.5, 6], "texture": "#0"},
				"up": {"uv": [5, 2.5, 2.5, 0], "texture": "#0"},
				"down": {"uv": [5, 0, 2.5, 2.5], "texture": "#0"}
			}
		},
		{
			"from": [2, 8, 4],
			"to": [14, 9, 12],
			"rotation": {"angle": 0, "axis": "y", "origin": [11, 8, 10]},
			"faces": {
				"north": {"uv": [8.5, 5, 5.5, 5.25], "texture": "#0"},
				"east": {"uv": [7.5, 5.75, 5.5, 6], "texture": "#0"},
				"south": {"uv": [8.5, 5.25, 5.5, 5.5], "texture": "#0"},
				"west": {"uv": [7.5, 5.5, 5.5, 5.75], "texture": "#0"},
				"up": {"uv": [0, 7, 3, 5], "texture": "#0"},
				"down": {"uv": [0, 5, 3, 7], "texture": "#0"}
			}
		},
		{
			"from": [2, 9, 4],
			"to": [14, 10, 12],
			"rotation": {"angle": -45, "axis": "y", "origin": [8, 9.5, 8]},
			"faces": {
				"north": {"uv": [5.5, 5, 8.5, 5.25], "texture": "#0"},
				"east": {"uv": [5.5, 5.5, 7.5, 5.75], "texture": "#0"},
				"south": {"uv": [5.5, 5.25, 8.5, 5.5], "texture": "#0"},
				"west": {"uv": [5.5, 5.75, 7.5, 6], "texture": "#0"},
				"up": {"uv": [3, 7, 0, 5], "texture": "#0"},
				"down": {"uv": [3, 5, 0, 7], "texture": "#0"}
			}
		}
	],
	"gui_light": "front",
	"display": {
		"thirdperson_righthand": {
			"rotation": [16, 35, 0],
			"translation": [-1.25, 1, 0],
			"scale": [0.5, 0.5, 0.5]
		},
		"thirdperson_lefthand": {
			"rotation": [16, 35, 0],
			"translation": [-1.25, 1, 0],
			"scale": [0.5, 0.5, 0.5]
		},
		"firstperson_righthand": {
			"rotation": [30, 35, 0],
			"translation": [0.5, 1, 0],
			"scale": [0.5, 0.5, 0.5]
		},
		"firstperson_lefthand": {
			"rotation": [30, 35, 0],
			"translation": [0.5, 1, 0],
			"scale": [0.5, 0.5, 0.5]
		},
		"ground": {
			"rotation": [36, 0, 0],
			"scale": [0.6, 0.6, 0.6]
		},
		"gui": {
			"rotation": [28, 28, 13],
			"translation": [0.25, -1, 0]
		},
		"head": {
			"translation": [0, 8.5, 0]
		},
		"fixed": {
			"rotation": [-90, 0, 0],
			"translation": [0, 1, -1.75],
			"scale": [1.4, 1.4, 1.4]
		}
	}
}