{
	"credit": "Made with Blockbench",
	"texture_size": [32, 32],
	"textures": {
		"0": "cooking:milk_steak",
		"particle": "cooking:milk_steak"
	},
	"elements": [
		{
			"from": [2, 5, 3],
			"to": [14, 6, 13],
			"rotation": {"angle": 0, "axis": "y", "origin": [12, 5, 1]},
			"faces": {
				"north": {"uv": [8.5, 2, 14.5, 2.5], "texture": "#0"},
				"east": {"uv": [9, 7, 14, 7.5], "texture": "#0"},
				"south": {"uv": [8.5, 2.5, 14.5, 3], "texture": "#0"},
				"west": {"uv": [9, 7.5, 14, 8], "texture": "#0"},
				"up": {"uv": [6, 5, 0, 0], "texture": "#0"},
				"down": {"uv": [6, 5, 0, 10], "texture": "#0"}
			}
		},
		{
			"from": [9, 6, 4.25],
			"to": [12, 8, 9.25],
			"rotation": {"angle": 22.5, "axis": "y", "origin": [8.5, 7, 7.25]},
			"faces": {
				"north": {"uv": [9, 8, 10.5, 9], "texture": "#0"},
				"east": {"uv": [8.5, 5, 11, 6], "texture": "#0"},
				"south": {"uv": [9, 9, 10.5, 10], "texture": "#0"},
				"west": {"uv": [8.5, 6, 11, 7], "texture": "#0"},
				"up": {"uv": [7.5, 9.5, 6, 7], "texture": "#0"},
				"down": {"uv": [9, 7, 7.5, 9.5], "texture": "#0"}
			}
		},
		{
			"from": [4, 6, 4.25],
			"to": [9, 8, 11.25],
			"rotation": {"angle": 22.5, "axis": "y", "origin": [8.5, 7, 7.25]},
			"faces": {
				"north": {"uv": [8.5, 3, 11, 4], "texture": "#0"},
				"east": {"uv": [8.5, 0, 12, 1], "texture": "#0"},
				"south": {"uv": [8.5, 4, 11, 5], "texture": "#0"},
				"west": {"uv": [8.5, 1, 12, 2], "texture": "#0"},
				"up": {"uv": [8.5, 3.5, 6, 0], "texture": "#0"},
				"down": {"uv": [8.5, 3.5, 6, 7], "texture": "#0"}
			}
		}
	],
	"gui_light": "front",
	"display": {
		"thirdperson_righthand": {
			"rotation": [46, -30, 0],
			"translation": [-2, 3.5, 0],
			"scale": [0.7, 0.7, 0.7]
		},
		"thirdperson_lefthand": {
			"rotation": [46, -30, 0],
			"translation": [-2, 3.5, 0],
			"scale": [0.7, 0.7, 0.7]
		},
		"firstperson_righthand": {
			"rotation": [6, -60, 0],
			"translation": [-0.75, 3.5, 0],
			"scale": [0.7, 0.7, 0.7]
		},
		"firstperson_lefthand": {
			"rotation": [6, -28, 0],
			"translation": [-0.75, 3.5, 0],
			"scale": [0.7, 0.7, 0.7]
		},
		"ground": {
			"rotation": [13, 0, 0],
			"scale": [0.7, 0.7, 0.7]
		},
		"gui": {
			"rotation": [48, 16, 6],
			"translation": [0, 1.5, 0]
		},
		"head": {
			"translation": [0, 9.5, 0]
		},
		"fixed": {
			"rotation": [-90, 0, 0],
			"translation": [0, -0.5, -3.25],
			"scale": [1.4, 1.4, 1.4]
		}
	}
}