{
	"credit": "Made with Blockbench",
	"texture_size": [64, 64],
	"textures": {
		"0": "cooking:salmon_sandwich",
		"particle": "cooking:salmon_sandwich"
	},
	"elements": [
		{
			"from": [3, 6, 4],
			"to": [13, 8, 13],
			"rotation": {"angle": 0, "axis": "y", "origin": [8, 6, 8]},
			"faces": {
				"north": {"uv": [5.5, 4, 8, 4.5], "texture": "#0"},
				"east": {"uv": [0, 6.75, 2.25, 7.25], "texture": "#0"},
				"south": {"uv": [5, 6, 7.5, 6.5], "texture": "#0"},
				"west": {"uv": [0, 6.75, 2.25, 7.25], "texture": "#0"},
				"up": {"uv": [5.5, 2.25, 3, 0], "texture": "#0"},
				"down": {"uv": [5.5, 2.25, 3, 4.5], "texture": "#0"}
			}
		},
		{
			"from": [3, 10, 4],
			"to": [13, 13, 13],
			"rotation": {"angle": 0, "axis": "y", "origin": [8, 10, 8]},
			"faces": {
				"north": {"uv": [5, 4.5, 7.5, 5.25], "texture": "#0"},
				"east": {"uv": [5.5, 2.25, 7.75, 3], "texture": "#0"},
				"south": {"uv": [5, 5.25, 7.5, 6], "texture": "#0"},
				"west": {"uv": [5.5, 2.25, 7.75, 3], "texture": "#0"},
				"up": {"uv": [2.5, 6.75, 0, 4.5], "texture": "#0"},
				"down": {"uv": [5, 4.5, 2.5, 6.75], "texture": "#0"}
			}
		},
		{
			"from": [2, 8, 4],
			"to": [14, 10, 13],
			"rotation": {"angle": 0, "axis": "y", "origin": [8, 8, 8]},
			"faces": {
				"north": {"uv": [5.5, 3, 8.5, 3.5], "texture": "#0"},
				"east": {"uv": [6.75, 7, 4.5, 7.5], "texture": "#0"},
				"south": {"uv": [8.5, 3.5, 5.5, 4], "texture": "#0"},
				"west": {"uv": [4.5, 7, 6.75, 7.5], "texture": "#0"},
				"up": {"uv": [3, 2.25, 0, 0], "texture": "#0"},
				"down": {"uv": [3, 2.25, 0, 4.5], "texture": "#0"}
			}
		},
		{
			"from": [3, 7.42505, 12.88544],
			"to": [13, 7.42505, 15.88544],
			"rotation": {"angle": 22.5, "axis": "x", "origin": [7, 7.42505, 14.38544]},
			"faces": {
				"north": {"uv": [0, 0, 2.5, 0], "texture": "#0"},
				"east": {"uv": [0, 0, 0.75, 0], "texture": "#0"},
				"south": {"uv": [0, 0, 2.5, 0], "texture": "#0"},
				"west": {"uv": [0, 0, 0.75, 0], "texture": "#0"},
				"up": {"uv": [8, 0.75, 5.5, 0], "texture": "#0"},
				"down": {"uv": [5.5, 0, 8, 0.75], "texture": "#0"}
			}
		},
		{
			"from": [3, 7.42505, 1.11456],
			"to": [13, 7.42505, 4.11456],
			"rotation": {"angle": -22.5, "axis": "x", "origin": [7, 7.42505, 2.61456]},
			"faces": {
				"north": {"uv": [2.5, 0, 0, 0], "texture": "#0"},
				"east": {"uv": [0.75, 0, 0, 0], "texture": "#0"},
				"south": {"uv": [2.5, 0, 0, 0], "texture": "#0"},
				"west": {"uv": [0.75, 0, 0, 0], "texture": "#0"},
				"up": {"uv": [8, 0, 5.5, 0.75], "texture": "#0"},
				"down": {"uv": [5.5, 0.75, 8, 0], "texture": "#0"}
			}
		}
	],
	"gui_light": "front",
	"display": {
		"thirdperson_righthand": {
			"rotation": [0, 38, 0],
			"translation": [0, 1.25, 0],
			"scale": [0.6, 0.6, 0.6]
		},
		"thirdperson_lefthand": {
			"rotation": [0, 38, 0],
			"translation": [0, 1.25, 0],
			"scale": [0.6, 0.6, 0.6]
		},
		"firstperson_righthand": {
			"rotation": [-21, 30, 60],
			"translation": [0.25, 3, 0],
			"scale": [0.6, 0.6, 0.6]
		},
		"firstperson_lefthand": {
			"rotation": [-21, 30, 60],
			"translation": [0.25, 3, 0],
			"scale": [0.6, 0.6, 0.6]
		},
		"ground": {
			"rotation": [0, 0, 35],
			"scale": [0.6, 0.6, 0.6]
		},
		"gui": {
			"rotation": [28, 52, 0],
			"translation": [0, -1.25, 0]
		},
		"head": {
			"translation": [0, 8.5, 0]
		},
		"fixed": {
			"rotation": [-90, 0, 0],
			"translation": [0, -0.5, -1.75],
			"scale": [1.4, 1.4, 1.4]
		}
	}
}