{
	"credit": "Made with Blockbench",
	"texture_size": [64, 64],
	"textures": {
		"0": "cooking:steak_eggs",
		"particle": "cooking:steak_eggs"
	},
	"elements": [
		{
			"from": [0.5, 7, 3.5],
			"to": [15.5, 8, 12.5],
			"rotation": {"angle": 0, "axis": "y", "origin": [11.5, 7, 3.5]},
			"faces": {
				"north": {"uv": [5, 4.25, 8.75, 4.5], "texture": "#0"},
				"east": {"uv": [5.5, 2, 7.75, 2.25], "texture": "#0"},
				"south": {"uv": [5, 4.5, 8.75, 4.75], "texture": "#0"},
				"west": {"uv": [5.5, 2.25, 7.75, 2.5], "texture": "#0"},
				"up": {"uv": [3.75, 2.25, 0, 0], "texture": "#0"},
				"down": {"uv": [3.75, 2.25, 0, 4.5], "texture": "#0"}
			}
		},
		{
			"from": [1.5, 8, 5.5],
			"to": [6.5, 9, 10.5],
			"rotation": {"angle": 0, "axis": "y", "origin": [11.5, 7, 3.5]},
			"faces": {
				"north": {"uv": [5.5, 3.25, 6.75, 3.5], "texture": "#0"},
				"east": {"uv": [3.5, 5.5, 4.75, 5.75], "texture": "#0"},
				"south": {"uv": [4.75, 5.5, 6, 5.75], "texture": "#0"},
				"west": {"uv": [0, 5.75, 1.25, 6], "texture": "#0"},
				"up": {"uv": [5, 4.75, 3.75, 3.5], "texture": "#0"},
				"down": {"uv": [1.25, 4.5, 0, 5.75], "texture": "#0"}
			}
		},
		{
			"from": [9, 8, 4.5],
			"to": [16, 11, 11.5],
			"rotation": {"angle": 22.5, "axis": "y", "origin": [10.25, 9.5, 8.5]},
			"faces": {
				"north": {"uv": [1.25, 4.5, 3, 5.25], "texture": "#0"},
				"east": {"uv": [3, 4.75, 4.75, 5.5], "texture": "#0"},
				"south": {"uv": [4.75, 4.75, 6.5, 5.5], "texture": "#0"},
				"west": {"uv": [5, 3.5, 6.75, 4.25], "texture": "#0"},
				"up": {"uv": [5.5, 1.75, 3.75, 0], "texture": "#0"},
				"down": {"uv": [5.5, 1.75, 3.75, 3.5], "texture": "#0"}
			}
		},
		{
			"from": [9.94395, 11.1, 5.21822],
			"to": [14.94395, 11.1, 10.21822],
			"rotation": {"angle": -22.5, "axis": "y", "origin": [12.44395, 11.1, 7.71822]},
			"faces": {
				"north": {"uv": [1.25, 4.5, 3, 5.25], "texture": "#0"},
				"east": {"uv": [3, 4.75, 4.75, 5.5], "texture": "#0"},
				"south": {"uv": [4.75, 4.75, 6.5, 5.5], "texture": "#0"},
				"west": {"uv": [5, 3.5, 6.75, 4.25], "texture": "#0"},
				"up": {"uv": [8, 1.25, 6.75, 0], "texture": "#0"},
				"down": {"uv": [8, 0, 6.75, 1.25], "texture": "#0"}
			}
		},
		{
			"from": [7, 8, 6.5],
			"to": [9, 11, 11.5],
			"rotation": {"angle": 22.5, "axis": "y", "origin": [10.25, 9.5, 8.5]},
			"faces": {
				"north": {"uv": [5.5, 2.5, 6, 3.25], "texture": "#0"},
				"east": {"uv": [1.25, 5.25, 2.5, 6], "texture": "#0"},
				"south": {"uv": [3, 5.5, 3.5, 6.25], "texture": "#0"},
				"west": {"uv": [5.5, 0, 6.75, 0.75], "texture": "#0"},
				"up": {"uv": [3, 6.5, 2.5, 5.25], "texture": "#0"},
				"down": {"uv": [6, 0.75, 5.5, 2], "texture": "#0"}
			}
		}
	],
	"gui_light": "front",
	"display": {
		"thirdperson_righthand": {
			"rotation": [40, 163, 0],
			"translation": [0.5, 2.5, 0],
			"scale": [0.6, 0.6, 0.6]
		},
		"thirdperson_lefthand": {
			"rotation": [40, 163, 0],
			"translation": [0.5, 2.5, 0],
			"scale": [0.6, 0.6, 0.6]
		},
		"firstperson_righthand": {
			"rotation": [19, 163, 0],
			"translation": [0.5, 2.5, 0],
			"scale": [0.6, 0.6, 0.6]
		},
		"firstperson_lefthand": {
			"rotation": [19, 11, 0],
			"translation": [0.5, 2.5, 0],
			"scale": [0.6, 0.6, 0.6]
		},
		"ground": {
			"rotation": [26, 0, 0],
			"scale": [0.8, 0.8, 0.8]
		},
		"gui": {
			"rotation": [31, -165, -6],
			"scale": [0.8, 0.8, 0.8]
		},
		"head": {
			"translation": [0, 7.5, 0]
		},
		"fixed": {
			"rotation": [-90, 0, 0],
			"translation": [0, -0.25, -0.25],
			"scale": [1.4, 1.4, 1.4]
		}
	}
}