{"credit":"magic_store_official","texture_size":[64,64],"textures":{"0":"custom/furniture/medieval_001/acacia/mc_medieval_chair_01_v3_texture","particle":"custom/furniture/medieval_001/acacia/mc_medieval_chair_01_v3_texture"},"elements":[{"from":[1,6,3],"to":[15,10,16],"rotation":{"angle":0,"axis":"y","origin":[13,11,4]},"faces":{"north":{"uv":[6,3,9.5,4],"texture":"#0"},"east":{"uv":[3.5,6,6.75,7],"texture":"#0"},"south":{"uv":[6,3,9.5,4],"texture":"#0"},"west":{"uv":[3.5,6,6.75,7],"texture":"#0"},"up":{"uv":[3.5,3.25,0,0],"texture":"#0"},"down":{"uv":[3.5,3.25,0,6.5],"texture":"#0"}}},{"from":[11,0,5],"to":[14,6,15],"rotation":{"angle":0,"axis":"y","origin":[13,11,4]},"faces":{"north":{"uv":[6.75,6.25,7.5,7.75],"texture":"#0"},"east":{"uv":[3.5,1.75,6,3.25],"texture":"#0"},"south":{"uv":[6.75,6.25,7.5,7.75],"texture":"#0"},"west":{"uv":[3.5,3.25,6,4.75],"texture":"#0"},"down":{"uv":[2.75,6.5,2,9],"texture":"#0"}}},{"from":[2,0,5],"to":[5,6,15],"rotation":{"angle":0,"axis":"y","origin":[13,11,4]},"faces":{"north":{"uv":[6.75,6.25,7.5,7.75],"texture":"#0"},"east":{"uv":[3.5,1.75,6,3.25],"texture":"#0"},"south":{"uv":[6.75,6.25,7.5,7.75],"texture":"#0"},"west":{"uv":[3.5,3.25,6,4.75],"texture":"#0"},"down":{"uv":[2.75,6.5,2,9],"texture":"#0"}}},{"from":[12,11,5],"to":[15,14,14],"rotation":{"angle":0,"axis":"y","origin":[13,11,4]},"faces":{"north":{"uv":[4.25,7,5,7.75],"texture":"#0"},"east":{"uv":[6,4,8.25,4.75],"texture":"#0"},"south":{"uv":[4.25,7,5,7.75],"texture":"#0"},"west":{"uv":[6,4,8.25,4.75],"texture":"#0"},"up":{"uv":[3.5,8.75,2.75,6.5],"texture":"#0"},"down":{"uv":[3.5,8.75,2.75,6.5],"texture":"#0"}}},{"from":[13,10,12],"to":[14,11,13],"faces":{"north":{"uv":[6.5,5.5,6.75,5.75],"texture":"#0"},"east":{"uv":[6.5,5.5,6.75,5.75],"texture":"#0"},"south":{"uv":[6.5,5.5,6.75,5.75],"texture":"#0"},"west":{"uv":[6.5,5.5,6.75,5.75],"texture":"#0"}}},{"from":[13,10,6],"to":[14,11,7],"faces":{"north":{"uv":[6.5,5.5,6.75,5.75],"texture":"#0"},"east":{"uv":[6.5,5.5,6.75,5.75],"texture":"#0"},"south":{"uv":[6.5,5.5,6.75,5.75],"texture":"#0"},"west":{"uv":[6.5,5.5,6.75,5.75],"texture":"#0"}}},{"from":[2,10,12],"to":[3,11,13],"faces":{"north":{"uv":[6.5,5.5,6.75,5.75],"texture":"#0"},"east":{"uv":[6.5,5.5,6.75,5.75],"texture":"#0"},"south":{"uv":[6.5,5.5,6.75,5.75],"texture":"#0"},"west":{"uv":[6.5,5.5,6.75,5.75],"texture":"#0"}}},{"from":[1,11,5],"to":[4,14,14],"rotation":{"angle":0,"axis":"y","origin":[13,11,4]},"faces":{"north":{"uv":[4.25,7,5,7.75],"texture":"#0"},"east":{"uv":[6,4,8.25,4.75],"texture":"#0"},"south":{"uv":[4.25,7,5,7.75],"texture":"#0"},"west":{"uv":[6,4,8.25,4.75],"texture":"#0"},"up":{"uv":[3.5,8.75,2.75,6.5],"texture":"#0"},"down":{"uv":[3.5,8.75,2.75,6.5],"texture":"#0"}}},{"from":[2,10,6],"to":[3,11,7],"faces":{"north":{"uv":[6.5,5.5,6.75,5.75],"texture":"#0"},"east":{"uv":[6.5,5.5,6.75,5.75],"texture":"#0"},"south":{"uv":[6.5,5.5,6.75,5.75],"texture":"#0"},"west":{"uv":[6.5,5.5,6.75,5.75],"texture":"#0"}}},{"from":[2,15,11],"to":[14,22,16],"rotation":{"angle":0,"axis":"y","origin":[13,11,4]},"faces":{"north":{"uv":[3.5,0,6.5,1.75],"texture":"#0"},"east":{"uv":[6.5,0,7.75,1.75],"texture":"#0"},"south":{"uv":[3.5,0,6.5,1.75],"texture":"#0"},"west":{"uv":[6.5,0,7.75,1.75],"texture":"#0"},"up":{"uv":[6.5,6,3.5,4.75],"texture":"#0"},"down":{"uv":[6.5,6,3.5,4.75],"texture":"#0"}}},{"from":[4,10,12],"to":[12,15,15],"rotation":{"angle":0,"axis":"y","origin":[13,11,4]},"faces":{"north":{"uv":[0,6.5,2,7.75],"texture":"#0"},"east":{"uv":[3.5,7,4.25,8.25],"texture":"#0"},"south":{"uv":[0,6.5,2,7.75],"texture":"#0"},"west":{"uv":[3.5,7,4.25,8.25],"texture":"#0"},"up":{"uv":[8.5,5.5,6.5,4.75],"texture":"#0"},"down":{"uv":[8.75,5.5,6.75,6.25],"texture":"#0"}}}],"display":{"thirdperson_righthand":{"rotation":[52.97,5.03,0.53],"translation":[-0.25,2.5,1.5],"scale":[0.3,0.3,0.3]},"thirdperson_lefthand":{"rotation":[52.97,5.03,0.53],"translation":[-0.25,2.5,1.5],"scale":[0.3,0.3,0.3]},"firstperson_righthand":{"rotation":[-175.09,-19.51,-170.74],"translation":[-5.5,6,7.5],"scale":[0.15,0.15,0.15]},"firstperson_lefthand":{"rotation":[-175.09,-19.51,-170.74],"translation":[-5.5,6,7.5],"scale":[0.15,0.15,0.15]},"ground":{"translation":[0,-1.25,0],"scale":[0.3,0.3,0.3]},"gui":{"rotation":[30,140,0],"translation":[-0.75,-2,0],"scale":[0.55,0.55,0.55]},"head":{"rotation":[0,-180,0],"translation":[0,-25.75,0.75],"scale":[2.2,2.2,2.2]},"fixed":{"rotation":[-90,0,0],"translation":[0.25,0.25,-22],"scale":[2.75,2.75,2.75]}},"groups":[0,1,2,{"name":"group","origin":[0,0,0],"color":0,"boneType":"","children":[3,4,5,6,7,8]},{"name":"group","origin":[16,0,0],"color":0,"boneType":"","children":[]},{"name":"group","origin":[13,11,4],"color":0,"boneType":"","children":[9,10]}]}