{"credit":"magic_store_official","texture_size":[128,128],"textures":{"0":"custom/furniture/medieval_001/acacia/mc_medieval_cupboard_01_v3_texture","particle":"custom/furniture/medieval_001/acacia/mc_medieval_cupboard_01_v3_texture"},"elements":[{"from":[-16,-16,-1],"to":[16,-14,15],"rotation":{"angle":0,"axis":"y","origin":[6,0,0]},"faces":{"north":{"uv":[9,3.25,13,3.5],"texture":"#0"},"east":{"uv":[9.5,7.25,11.5,7.5],"texture":"#0"},"south":{"uv":[9,3.25,13,3.5],"texture":"#0"},"west":{"uv":[9.5,7.25,11.5,7.5],"texture":"#0"},"up":{"uv":[4,6.5,0,4.5],"texture":"#0"},"down":{"uv":[8,4.5,4,6.5],"texture":"#0"}}},{"from":[-16,-8,-1],"to":[16,-6,15],"rotation":{"angle":0,"axis":"y","origin":[6,0,0]},"faces":{"north":{"uv":[13,3.25,9,3.5],"texture":"#0"},"east":{"uv":[11.5,7.25,9.5,7.5],"texture":"#0"},"south":{"uv":[13,3.25,9,3.5],"texture":"#0"},"west":{"uv":[11.5,7.25,9.5,7.5],"texture":"#0"},"up":{"uv":[0,6.5,4,4.5],"texture":"#0"},"down":{"uv":[4,6.5,0,4.5],"texture":"#0"}}},{"from":[-10,-14,11],"to":[10,22,13],"rotation":{"angle":0,"axis":"y","origin":[6,0,0]},"faces":{"north":{"uv":[0,0,2.5,4.5],"texture":"#0"},"east":{"uv":[9,6.5,9.25,11],"texture":"#0"},"south":{"uv":[2.5,0,5,4.5],"texture":"#0"},"west":{"uv":[9.25,6.5,9.5,11],"texture":"#0"},"up":{"uv":[11.5,4.75,9,4.5],"texture":"#0"},"down":{"uv":[11.5,4.75,9,5],"texture":"#0"}}},{"from":[-10,4,1],"to":[10,6,11],"rotation":{"angle":0,"axis":"y","origin":[6,0,0]},"faces":{"north":{"uv":[9,5,11.5,5.25],"texture":"#0"},"east":{"uv":[3.25,10,4.5,10.25],"texture":"#0"},"south":{"uv":[9.25,0,11.75,0.25],"texture":"#0"},"west":{"uv":[4.5,10,5.75,10.25],"texture":"#0"},"up":{"uv":[8.75,7.75,6.25,6.5],"texture":"#0"},"down":{"uv":[9.25,0,6.75,1.25],"texture":"#0"}}},{"from":[-9,22,1],"to":[9,24,13],"rotation":{"angle":0,"axis":"y","origin":[6,0,0]},"faces":{"north":{"uv":[9.25,1,11.5,1.25],"texture":"#0"},"east":{"uv":[9.5,9.625,11,9.875],"texture":"#0"},"south":{"uv":[9.25,1,11.5,1.25],"texture":"#0"},"west":{"uv":[9.5,9.875,11,10.125],"texture":"#0"},"up":{"uv":[6.25,6.5,4,8],"texture":"#0"},"down":{"uv":[6.25,6.5,4,8],"texture":"#0"}}},{"from":[0,28,0],"to":[13,31,14],"rotation":{"angle":-22.5,"axis":"z","origin":[0,31,0]},"faces":{"north":{"uv":[9.25,0.25,10.875,0.625],"texture":"#0"},"east":{"uv":[9,3.75,10.75,4.125],"texture":"#0"},"south":{"uv":[9.25,0.25,10.875,0.625],"texture":"#0"},"west":{"uv":[9,4.125,10.75,4.5],"texture":"#0"},"up":{"uv":[8.375,3,6.75,1.25],"texture":"#0"},"down":{"uv":[8.375,3,6.75,1.25],"texture":"#0"}}},{"from":[-13,28,0],"to":[0,31,14],"rotation":{"angle":22.5,"axis":"z","origin":[0,31,0]},"faces":{"north":{"uv":[10.875,0.25,9.25,0.625],"texture":"#0"},"east":{"uv":[10.75,4.125,9,4.5],"texture":"#0"},"south":{"uv":[10.875,0.25,9.25,0.625],"texture":"#0"},"west":{"uv":[10.75,3.75,9,4.125],"texture":"#0"},"up":{"uv":[6.75,3,8.375,1.25],"texture":"#0"},"down":{"uv":[6.75,3,8.375,1.25],"texture":"#0"}}},{"from":[-5,26.92388,-1],"to":[0,31.92388,15],"rotation":{"angle":45,"axis":"z","origin":[0,32,0]},"faces":{"north":{"uv":[9.625,1.875,10.25,2.5],"texture":"#0"},"east":{"uv":[8,5.25,10,5.875],"texture":"#0"},"south":{"uv":[9.625,1.875,10.25,2.5],"texture":"#0"},"west":{"uv":[8,5.875,10,5.25],"texture":"#0"},"up":{"uv":[9,9.75,8.375,7.75],"texture":"#0"},"down":{"uv":[8.375,9.75,9,7.75],"texture":"#0"}}},{"from":[-6,-6,11],"to":[0,-4,16],"rotation":{"angle":45,"axis":"y","origin":[-8,0,0]},"faces":{"north":{"uv":[10.125,8.75,10.875,9],"texture":"#0"},"east":{"uv":[3,10.25,3.625,10.5],"texture":"#0"},"south":{"uv":[9.75,10.125,10.5,10.375],"texture":"#0"},"west":{"uv":[3.625,10.25,4.25,10.5],"texture":"#0"},"up":{"uv":[10.25,9.625,9.5,9],"texture":"#0"},"down":{"uv":[10.375,1.25,9.625,1.875],"texture":"#0"}}},{"from":[-7,6,2],"to":[-5,12,7],"rotation":{"angle":0,"axis":"y","origin":[-6,9,4.5]},"faces":{"north":{"uv":[8.375,10.125,8.625,10.875],"texture":"#0"},"east":{"uv":[7.375,3,8,3.75],"texture":"#0"},"south":{"uv":[8.75,6.5,9,7.25],"texture":"#0"},"west":{"uv":[7.375,3,8,3.75],"texture":"#0"},"up":{"uv":[2.5,10.875,2.25,10.25],"rotation":180,"texture":"#0"},"down":{"uv":[2.5,10.25,2.25,10.875],"rotation":180,"texture":"#0"}}},{"from":[0,6,5],"to":[2,12,10],"rotation":{"angle":0,"axis":"y","origin":[0,9,4.5]},"faces":{"north":{"uv":[8.75,6.5,9,7.25],"texture":"#0"},"east":{"uv":[7.375,3,8,3.75],"texture":"#0"},"south":{"uv":[8.375,10.125,8.625,10.875],"texture":"#0"},"west":{"uv":[7.375,3,8,3.75],"texture":"#0"},"up":{"uv":[2.5,10.875,2.25,10.25],"texture":"#0"},"down":{"uv":[2.5,10.25,2.25,10.875],"texture":"#0"}}},{"from":[-3,6,3],"to":[-1,12,8],"rotation":{"angle":22.5,"axis":"z","origin":[-3,6,5.5]},"faces":{"north":{"uv":[8.375,10.125,8.625,10.875],"texture":"#0"},"east":{"uv":[7.375,3,8,3.75],"texture":"#0"},"south":{"uv":[8.75,6.5,9,7.25],"texture":"#0"},"west":{"uv":[7.375,3,8,3.75],"texture":"#0"},"up":{"uv":[2.5,10.875,2.25,10.25],"rotation":180,"texture":"#0"},"down":{"uv":[2.5,10.25,2.25,10.875],"rotation":180,"texture":"#0"}}},{"from":[-4,-14,-2],"to":[1,-12,4],"rotation":{"angle":-45,"axis":"y","origin":[-8,0,0]},"faces":{"north":{"uv":[10.25,1.875,10.875,2.125],"texture":"#0"},"east":{"uv":[10.125,8.25,10.875,8.5],"texture":"#0"},"south":{"uv":[10.875,1.875,10.25,2.125],"texture":"#0"},"west":{"uv":[10.125,8.5,10.875,8.75],"texture":"#0"},"up":{"uv":[7.375,3.75,6.75,3],"texture":"#0"},"down":{"uv":[7.375,3.75,6.75,4.5],"texture":"#0"}}},{"from":[-10,-6,2],"to":[-8,0,7],"rotation":{"angle":0,"axis":"y","origin":[-8,0,0]},"faces":{"north":{"uv":[8.625,10.125,8.875,10.875],"texture":"#0"},"east":{"uv":[6.75,9.5,7.375,10.25],"texture":"#0"},"south":{"uv":[9.5,10.125,9.75,10.875],"texture":"#0"},"west":{"uv":[6.75,9.5,7.375,10.25],"texture":"#0"},"up":{"uv":[2.75,10.875,2.5,10.25],"texture":"#0"},"down":{"uv":[3,10.25,2.75,10.875],"texture":"#0"}}},{"from":[5,6,5],"to":[8,9,9],"rotation":{"angle":0,"axis":"y","origin":[-8,0,0]},"faces":{"north":{"uv":[4.25,10.25,4.625,10.625],"texture":"#0"},"east":{"uv":[8.375,9.75,8.875,10.125],"texture":"#0"},"south":{"uv":[4.25,10.25,4.625,10.625],"texture":"#0"},"west":{"uv":[8.375,9.75,8.875,10.125],"texture":"#0"},"up":{"uv":[7.75,10.375,7.375,9.875],"texture":"#0"},"down":{"uv":[7.75,10.375,7.375,9.875],"texture":"#0"}}},{"from":[10,-14,0],"to":[14,22,14],"rotation":{"angle":0,"axis":"y","origin":[6,0,0]},"faces":{"north":{"uv":[5.25,0,5.75,4.5],"texture":"#0"},"east":{"uv":[5,0,6.75,4.5],"texture":"#0"},"south":{"uv":[5.75,0,6.25,4.5],"texture":"#0"},"west":{"uv":[0,6.5,1.75,11],"texture":"#0"},"up":{"uv":[8.875,3,8.375,1.25],"texture":"#0"},"down":{"uv":[6.75,9.5,6.25,11.25],"texture":"#0"}}},{"from":[9,20,-1],"to":[15,21,15],"rotation":{"angle":0,"axis":"y","origin":[6,0,0]},"faces":{"north":{"uv":[10,6.375,10.75,6.5],"texture":"#0"},"east":{"uv":[9.625,3.125,11.625,3.25],"texture":"#0"},"south":{"uv":[10,6.375,10.75,6.5],"texture":"#0"},"west":{"uv":[9.625,3.125,11.625,3.25],"texture":"#0"},"up":{"uv":[4,10,3.25,8],"texture":"#0"},"down":{"uv":[4.75,8,4,10],"texture":"#0"}}},{"from":[8,24,-2],"to":[16,26,16],"rotation":{"angle":0,"axis":"y","origin":[6,0,0]},"faces":{"north":{"uv":[10,5.375,11,5.625],"texture":"#0"},"east":{"uv":[9.5,6.75,11.75,7],"texture":"#0"},"south":{"uv":[10,5.375,11,5.625],"texture":"#0"},"west":{"uv":[11.75,6.75,9.5,7],"texture":"#0"},"up":{"uv":[3.25,10.25,2.25,8],"texture":"#0"},"down":{"uv":[9,3,8,5.25],"texture":"#0"}}},{"from":[9,22,-1],"to":[15,24,15],"rotation":{"angle":0,"axis":"y","origin":[6,0,0]},"faces":{"north":{"uv":[10,5.875,10.75,6.125],"texture":"#0"},"east":{"uv":[9.5,7.75,11.5,8],"texture":"#0"},"south":{"uv":[10.75,5.875,10,6.125],"texture":"#0"},"west":{"uv":[11.5,7.75,9.5,8],"texture":"#0"},"up":{"uv":[5.5,10,4.75,8],"texture":"#0"},"down":{"uv":[6.25,8,5.5,10],"texture":"#0"}}},{"from":[-16,24,-2],"to":[-8,26,16],"rotation":{"angle":0,"axis":"y","origin":[-6,0,0]},"faces":{"north":{"uv":[11,5.375,10,5.625],"texture":"#0"},"east":{"uv":[11.75,6.75,9.5,7],"texture":"#0"},"south":{"uv":[11,5.375,10,5.625],"texture":"#0"},"west":{"uv":[11.75,6.75,9.5,7],"texture":"#0"},"up":{"uv":[2.25,10.25,3.25,8],"texture":"#0"},"down":{"uv":[8,3,9,5.25],"texture":"#0"}}},{"from":[-15,22,-1],"to":[-9,24,15],"rotation":{"angle":0,"axis":"y","origin":[-6,0,0]},"faces":{"north":{"uv":[10.75,5.875,10,6.125],"texture":"#0"},"east":{"uv":[11.5,7.75,9.5,8],"texture":"#0"},"south":{"uv":[10.75,5.875,10,6.125],"texture":"#0"},"west":{"uv":[11.5,7.75,9.5,8],"texture":"#0"},"up":{"uv":[4.75,10,5.5,8],"texture":"#0"},"down":{"uv":[5.5,8,6.25,10],"texture":"#0"}}},{"from":[-14,-14,0],"to":[-10,22,14],"rotation":{"angle":0,"axis":"y","origin":[-6,0,0]},"faces":{"north":{"uv":[5.75,0,6.25,4.5],"texture":"#0"},"east":{"uv":[1.75,6.5,0,11],"texture":"#0"},"south":{"uv":[5.25,0,5.75,4.5],"texture":"#0"},"west":{"uv":[6.75,0,5,4.5],"texture":"#0"},"up":{"uv":[8.375,3,8.875,1.25],"texture":"#0"},"down":{"uv":[6.25,9.5,6.75,11.25],"texture":"#0"}}},{"from":[-15,20,-1],"to":[-9,21,15],"rotation":{"angle":0,"axis":"y","origin":[-6,0,0]},"faces":{"north":{"uv":[10.75,6.375,10,6.5],"texture":"#0"},"east":{"uv":[9.625,3.125,11.625,3.25],"texture":"#0"},"south":{"uv":[10.75,6.375,10,6.5],"texture":"#0"},"west":{"uv":[11.625,3.125,9.625,3.25],"texture":"#0"},"up":{"uv":[3.25,10,4,8],"texture":"#0"},"down":{"uv":[4,8,4.75,10],"texture":"#0"}}}],"display":{"thirdperson_righthand":{"rotation":[52.97,5.03,0.53],"translation":[1.5,2.25,1.5],"scale":[0.16,0.16,0.16]},"thirdperson_lefthand":{"rotation":[52.97,5.03,0.53],"translation":[1.5,2.25,1.5],"scale":[0.16,0.16,0.16]},"firstperson_righthand":{"rotation":[-175.09,-19.51,-170.74],"translation":[-5.5,6,6.5],"scale":[0.15,0.15,0.15]},"firstperson_lefthand":{"rotation":[-175.11,-19.63,-170.8],"translation":[-4.5,6,6.5],"scale":[0.15,0.15,0.15]},"ground":{"translation":[0,1.25,0],"scale":[0.21,0.21,0.21]},"gui":{"rotation":[30,140,0],"translation":[-1.75,1.5,0],"scale":[0.285,0.285,0.285]},"head":{"rotation":[0,-180,0],"translation":[-31,4.5,2.5],"scale":[2,2,2]},"fixed":{"rotation":[-90,0,0],"translation":[5.25,2,-60],"scale":[2.5,2.5,2.5]}},"groups":[0,1,2,3,4,5,6,7,8,9,10,11,12,13,14,{"name":"group","origin":[14,0,0],"color":0,"boneType":"","children":[15,16,17,18,19,20,21,22]},{"name":"group","origin":[14,0,0],"color":0,"boneType":"","children":[]}]}