{"credit":"magic_store_official","texture_size":[64,64],"textures":{"0":"custom/furniture/medieval_001/acacia/mc_medieval_chair_02_v3_texture","particle":"custom/furniture/medieval_001/acacia/mc_medieval_chair_02_v3_texture"},"elements":[{"from":[-7,6,4],"to":[23,10,15],"faces":{"north":{"uv":[7,0,14.5,1],"texture":"#0"},"east":{"uv":[8.75,3.25,11.5,4.25],"texture":"#0"},"south":{"uv":[7,0,14.5,1],"texture":"#0"},"west":{"uv":[8.75,3.25,11.5,4.25],"texture":"#0"},"up":{"uv":[7.5,5.75,0,3],"texture":"#0"},"down":{"uv":[7.5,5.75,0,3],"texture":"#0"}}},{"from":[-6,10,13],"to":[22,22,15],"rotation":{"angle":0,"axis":"y","origin":[-12,16,13]},"faces":{"north":{"uv":[0,0,7,3],"texture":"#0"},"east":{"uv":[9.5,4.25,10,7.25],"texture":"#0"},"south":{"uv":[0,0,7,3],"texture":"#0"},"west":{"uv":[9.5,4.25,10,7.25],"texture":"#0"},"up":{"uv":[14,8.5,7,8],"texture":"#0"},"down":{"uv":[14,8.5,7,8],"texture":"#0"}}},{"from":[-7,4,6],"to":[23,6,13],"faces":{"north":{"uv":[7,7.5,14.5,8],"texture":"#0"},"east":{"uv":[10,1.5,11.75,2],"texture":"#0"},"south":{"uv":[7,7.5,14.5,8],"texture":"#0"},"west":{"uv":[10,1.5,11.75,2],"texture":"#0"},"up":{"uv":[7.5,7.5,0,5.75],"texture":"#0"},"down":{"uv":[7.5,7.5,0,5.75],"texture":"#0"}}},{"from":[23,0,2],"to":[26,9,13],"faces":{"north":{"uv":[8.75,4.25,9.5,6.5],"texture":"#0"},"east":{"uv":[2.75,7.5,0,9.75],"texture":"#0"},"south":{"uv":[8.75,4.25,9.5,6.5],"texture":"#0"},"west":{"uv":[0,7.5,2.75,9.75],"texture":"#0"},"up":{"uv":[4.75,11.5,4,8.75],"texture":"#0"},"down":{"uv":[4.75,11.5,4,8.75],"texture":"#0"}}},{"from":[22,9,0],"to":[27,14,12],"faces":{"north":{"uv":[5.5,8.75,6.75,10],"texture":"#0"},"east":{"uv":[4,7.5,7,8.75],"texture":"#0"},"south":{"uv":[5.5,8.75,6.75,10],"texture":"#0"},"west":{"uv":[4,7.5,7,8.75],"texture":"#0"},"up":{"uv":[8.75,7.25,7.5,4.25],"texture":"#0"},"down":{"uv":[8.75,7.25,7.5,4.25],"texture":"#0"}}},{"from":[22,0,13],"to":[27,9,16],"faces":{"north":{"uv":[8.75,1,10,3.25],"texture":"#0"},"east":{"uv":[4.75,8.75,5.5,11],"texture":"#0"},"south":{"uv":[8.75,1,10,3.25],"texture":"#0"},"west":{"uv":[4.75,8.75,5.5,11],"texture":"#0"},"up":{"uv":[1.25,10.5,0,9.75],"texture":"#0"},"down":{"uv":[1.25,10.5,0,9.75],"texture":"#0"}}},{"from":[22,9,12],"to":[27,22,17],"faces":{"north":{"uv":[7.5,1,8.75,4.25],"texture":"#0"},"east":{"uv":[2.75,7.5,4,10.75],"texture":"#0"},"south":{"uv":[7.5,1,8.75,4.25],"texture":"#0"},"west":{"uv":[2.75,7.5,4,10.75],"texture":"#0"},"up":{"uv":[10,9.75,8.75,8.5],"texture":"#0"},"down":{"uv":[10,9.75,8.75,8.5],"texture":"#0"}}},{"from":[21,22,11],"to":[28,24,18],"faces":{"north":{"uv":[8.75,9.75,10.5,10.25],"texture":"#0"},"east":{"uv":[10,1,11.75,1.5],"texture":"#0"},"south":{"uv":[8.75,9.75,10.5,10.25],"texture":"#0"},"west":{"uv":[10,1,11.75,1.5],"texture":"#0"},"up":{"uv":[8.75,10.25,7,8.5],"texture":"#0"},"down":{"uv":[8.75,10.25,7,8.5],"texture":"#0"}}},{"from":[-10,0,2],"to":[-7,9,13],"faces":{"north":{"uv":[8.75,4.25,9.5,6.5],"texture":"#0"},"east":{"uv":[2.75,7.5,0,9.75],"texture":"#0"},"south":{"uv":[8.75,4.25,9.5,6.5],"texture":"#0"},"west":{"uv":[0,7.5,2.75,9.75],"texture":"#0"},"up":{"uv":[4.75,11.5,4,8.75],"texture":"#0"},"down":{"uv":[4.75,11.5,4,8.75],"texture":"#0"}}},{"from":[-11,9,0],"to":[-6,14,12],"faces":{"north":{"uv":[5.5,8.75,6.75,10],"texture":"#0"},"east":{"uv":[4,7.5,7,8.75],"texture":"#0"},"south":{"uv":[5.5,8.75,6.75,10],"texture":"#0"},"west":{"uv":[4,7.5,7,8.75],"texture":"#0"},"up":{"uv":[8.75,7.25,7.5,4.25],"texture":"#0"},"down":{"uv":[8.75,7.25,7.5,4.25],"texture":"#0"}}},{"from":[-11,0,13],"to":[-6,9,16],"faces":{"north":{"uv":[8.75,1,10,3.25],"texture":"#0"},"east":{"uv":[4.75,8.75,5.5,11],"texture":"#0"},"south":{"uv":[8.75,1,10,3.25],"texture":"#0"},"west":{"uv":[4.75,8.75,5.5,11],"texture":"#0"},"up":{"uv":[1.25,10.5,0,9.75],"texture":"#0"},"down":{"uv":[1.25,10.5,0,9.75],"texture":"#0"}}},{"from":[-11,9,12],"to":[-6,22,17],"faces":{"north":{"uv":[7.5,1,8.75,4.25],"texture":"#0"},"east":{"uv":[2.75,7.5,4,10.75],"texture":"#0"},"south":{"uv":[7.5,1,8.75,4.25],"texture":"#0"},"west":{"uv":[2.75,7.5,4,10.75],"texture":"#0"},"up":{"uv":[10,9.75,8.75,8.5],"texture":"#0"},"down":{"uv":[10,9.75,8.75,8.5],"texture":"#0"}}},{"from":[-12,22,11],"to":[-5,24,18],"faces":{"north":{"uv":[8.75,9.75,10.5,10.25],"texture":"#0"},"east":{"uv":[10,1,11.75,1.5],"texture":"#0"},"south":{"uv":[8.75,9.75,10.5,10.25],"texture":"#0"},"west":{"uv":[10,1,11.75,1.5],"texture":"#0"},"up":{"uv":[8.75,10.25,7,8.5],"texture":"#0"},"down":{"uv":[8.75,10.25,7,8.5],"texture":"#0"}}},{"from":[-2,3,3.9],"to":[18,10.1,13],"faces":{"north":{"uv":[0,14.25,5,16],"texture":"#0"},"up":{"uv":[0,12,5,14.25],"texture":"#0"}}},{"from":[-2,10,12.9],"to":[18,22.1,15.1],"faces":{"north":{"uv":[5,13,10,16],"texture":"#0"},"south":{"uv":[10,13,15,16],"texture":"#0"},"up":{"uv":[5,12.5,10,13],"texture":"#0"}}}],"display":{"thirdperson_righthand":{"rotation":[52.97,5.03,0.53],"translation":[-0.25,2.5,1.5],"scale":[0.3,0.3,0.3]},"thirdperson_lefthand":{"rotation":[52.97,5.03,0.53],"translation":[-0.25,2.5,1.5],"scale":[0.3,0.3,0.3]},"firstperson_righthand":{"rotation":[-175.09,-19.51,-170.74],"translation":[-5.5,6,7.5],"scale":[0.15,0.15,0.15]},"firstperson_lefthand":{"rotation":[-175.09,-19.51,-170.74],"translation":[-5.5,6,7.5],"scale":[0.15,0.15,0.15]},"ground":{"translation":[0,-1.25,0],"scale":[0.3,0.3,0.3]},"gui":{"rotation":[30,140,0],"translation":[0,-1.5,0],"scale":[0.35,0.35,0.35]},"head":{"rotation":[0,-180,0],"translation":[13.5,-27.25,0],"scale":[2,2,2]},"fixed":{"rotation":[-90,0,0],"translation":[16,0.25,-20],"scale":[2.5,2.5,2.5]}},"groups":[0,1,2,{"name":"group","origin":[0,0,0],"color":0,"boneType":"","children":[3,4,5,6,7]},{"name":"group","origin":[0,0,0],"color":0,"boneType":"","children":[8,9,10,11,12]},13,14]}