{"credit":"magic_store_official","texture_size":[64,64],"textures":{"0":"custom/furniture/medieval_001/acacia/mc_medieval_chest_01_v3_texture","particle":"custom/furniture/medieval_001/acacia/mc_medieval_chest_01_v3_texture"},"elements":[{"from":[0,6,0],"to":[16,8,2],"faces":{"north":{"uv":[6,8.25,10,8.75],"texture":"#0"},"east":{"uv":[6,8.75,6.5,9.25],"texture":"#0"},"south":{"uv":[6,8.25,10,8.75],"texture":"#0"},"west":{"uv":[6,8.75,6.5,9.25],"texture":"#0"},"up":{"uv":[4,0.5,0,0],"texture":"#0"},"down":{"uv":[4,0.5,0,0],"texture":"#0"}}},{"from":[0,6,14],"to":[16,8,16],"faces":{"north":{"uv":[6,8.25,10,8.75],"texture":"#0"},"east":{"uv":[6,8.75,6.5,9.25],"texture":"#0"},"south":{"uv":[6,8.25,10,8.75],"texture":"#0"},"west":{"uv":[6,8.75,6.5,9.25],"texture":"#0"},"up":{"uv":[4,0.5,0,0],"texture":"#0"},"down":{"uv":[4,0.5,0,0],"texture":"#0"}}},{"from":[0,6,2],"to":[2,8,14],"faces":{"north":{"uv":[6,8.75,6.5,9.25],"texture":"#0"},"east":{"uv":[6,8.25,10,8.75],"texture":"#0"},"south":{"uv":[6,8.75,6.5,9.25],"texture":"#0"},"west":{"uv":[0,1,3,1.5],"texture":"#0"},"up":{"uv":[3,1,0,0.5],"rotation":90,"texture":"#0"},"down":{"uv":[4,0.5,0,0],"rotation":270,"texture":"#0"}}},{"from":[14,6,2],"to":[16,8,14],"faces":{"north":{"uv":[6,8.75,6.5,9.25],"texture":"#0"},"east":{"uv":[6,8.25,10,8.75],"texture":"#0"},"south":{"uv":[6,8.75,6.5,9.25],"texture":"#0"},"west":{"uv":[0,1,3,1.5],"texture":"#0"},"up":{"uv":[3,1,0,0.5],"rotation":90,"texture":"#0"},"down":{"uv":[4,0.5,0,0],"rotation":270,"texture":"#0"}}},{"from":[6,5,-1],"to":[10,9,1],"faces":{"north":{"uv":[0,9.5,1,10.5],"texture":"#0"},"east":{"uv":[8.5,9.75,9,10.75],"texture":"#0"},"south":{"uv":[0,9.5,1,10.5],"texture":"#0"},"west":{"uv":[8.5,9.75,9,10.75],"texture":"#0"},"up":{"uv":[10.5,5.25,9.5,4.75],"texture":"#0"},"down":{"uv":[10.5,5.25,9.5,4.75],"texture":"#0"}}},{"from":[2,3,2],"to":[14,7,14],"faces":{"north":{"uv":[7.5,0,10.5,1],"texture":"#0"},"east":{"uv":[7.5,1.25,10.5,2.25],"texture":"#0"},"south":{"uv":[7.5,0,10.5,1],"texture":"#0"},"west":{"uv":[7.5,1.25,10.5,2],"texture":"#0"},"up":{"uv":[6.5,7,3.5,4],"texture":"#0"},"down":{"uv":[6.5,7,3.5,4],"texture":"#0"}}},{"from":[12,0,0],"to":[16,4,4],"faces":{"north":{"uv":[5.5,9.25,6.5,10.25],"texture":"#0"},"east":{"uv":[6.5,9.25,7.5,10.25],"texture":"#0"},"south":{"uv":[5.5,9.25,6.5,10.25],"texture":"#0"},"west":{"uv":[6.5,9.25,7.5,10.25],"texture":"#0"},"up":{"uv":[8.5,10.25,7.5,9.25],"texture":"#0"},"down":{"uv":[8.5,10.25,7.5,9.25],"texture":"#0"}}},{"from":[13,3,1],"to":[15,6,3],"faces":{"north":{"uv":[5,9.5,5.5,10.25],"texture":"#0"},"east":{"uv":[9.5,7.5,10,8.25],"texture":"#0"},"south":{"uv":[5,9.5,5.5,10.25],"texture":"#0"},"west":{"uv":[9.5,7.5,10,8.25],"texture":"#0"},"up":{"uv":[6.5,7.5,6,7],"texture":"#0"},"down":{"uv":[6.5,7.5,6,7],"texture":"#0"}}},{"from":[0,0,0],"to":[4,4,4],"faces":{"north":{"uv":[5.5,9.25,6.5,10.25],"texture":"#0"},"east":{"uv":[6.5,9.25,7.5,10.25],"texture":"#0"},"south":{"uv":[5.5,9.25,6.5,10.25],"texture":"#0"},"west":{"uv":[6.5,9.25,7.5,10.25],"texture":"#0"},"up":{"uv":[8.5,10.25,7.5,9.25],"texture":"#0"},"down":{"uv":[8.5,10.25,7.5,9.25],"texture":"#0"}}},{"from":[1,3,1],"to":[3,6,3],"faces":{"north":{"uv":[5,9.5,5.5,10.25],"texture":"#0"},"east":{"uv":[9.5,7.5,10,8.25],"texture":"#0"},"south":{"uv":[5,9.5,5.5,10.25],"texture":"#0"},"west":{"uv":[9.5,7.5,10,8.25],"texture":"#0"},"up":{"uv":[6.5,7.5,6,7],"texture":"#0"},"down":{"uv":[6.5,7.5,6,7],"texture":"#0"}}},{"from":[0,0,12],"to":[4,4,16],"rotation":{"angle":0,"axis":"y","origin":[0,0,16]},"faces":{"north":{"uv":[6.5,9.25,5.5,10.25],"texture":"#0"},"east":{"uv":[7.5,9.25,6.5,10.25],"texture":"#0"},"south":{"uv":[6.5,9.25,5.5,10.25],"texture":"#0"},"west":{"uv":[7.5,9.25,6.5,10.25],"texture":"#0"},"up":{"uv":[8.5,9.25,7.5,10.25],"texture":"#0"},"down":{"uv":[8.5,9.25,7.5,10.25],"texture":"#0"}}},{"from":[1,3,13],"to":[3,6,15],"rotation":{"angle":0,"axis":"y","origin":[0,0,16]},"faces":{"north":{"uv":[5.5,9.5,5,10.25],"texture":"#0"},"east":{"uv":[10,7.5,9.5,8.25],"texture":"#0"},"south":{"uv":[5.5,9.5,5,10.25],"texture":"#0"},"west":{"uv":[10,7.5,9.5,8.25],"texture":"#0"},"up":{"uv":[6.5,7,6,7.5],"texture":"#0"},"down":{"uv":[6.5,7,6,7.5],"texture":"#0"}}},{"from":[12,0,12],"to":[16,4,16],"rotation":{"angle":0,"axis":"y","origin":[0,0,16]},"faces":{"north":{"uv":[6.5,9.25,5.5,10.25],"texture":"#0"},"east":{"uv":[7.5,9.25,6.5,10.25],"texture":"#0"},"south":{"uv":[6.5,9.25,5.5,10.25],"texture":"#0"},"west":{"uv":[7.5,9.25,6.5,10.25],"texture":"#0"},"up":{"uv":[8.5,9.25,7.5,10.25],"texture":"#0"},"down":{"uv":[8.5,9.25,7.5,10.25],"texture":"#0"}}},{"from":[13,3,13],"to":[15,6,15],"rotation":{"angle":0,"axis":"y","origin":[0,0,16]},"faces":{"north":{"uv":[5.5,9.5,5,10.25],"texture":"#0"},"east":{"uv":[10,7.5,9.5,8.25],"texture":"#0"},"south":{"uv":[5.5,9.5,5,10.25],"texture":"#0"},"west":{"uv":[10,7.5,9.5,8.25],"texture":"#0"},"up":{"uv":[6.5,7,6,7.5],"texture":"#0"},"down":{"uv":[6.5,7,6,7.5],"texture":"#0"}}},{"from":[1,1,1],"to":[15,3,15],"faces":{"north":{"uv":[7.5,2.5,11,3.25],"texture":"#0"},"east":{"uv":[6,7.5,9.5,8.25],"texture":"#0"},"south":{"uv":[7.5,2.5,11,3],"texture":"#0"},"west":{"uv":[6,7.5,9.5,8.25],"texture":"#0"},"up":{"uv":[7.5,3.5,4,0],"texture":"#0"},"down":{"uv":[7.5,3.5,4,0],"texture":"#0"}}},{"from":[0,8,0],"to":[16,10,16],"rotation":{"angle":0,"axis":"y","origin":[0,8,16]},"faces":{"north":{"uv":[6,8.25,10,8.75],"texture":"#0"},"east":{"uv":[6,8.25,10,8.75],"texture":"#0"},"south":{"uv":[6,8.25,10,8.75],"texture":"#0"},"west":{"uv":[6,8.75,10,9.25],"texture":"#0"},"up":{"uv":[4,14.625,0,10.625],"texture":"#0"},"down":{"uv":[4,14.625,0,10.625],"texture":"#0"}}},{"from":[13,10,13],"to":[16,14,16],"rotation":{"angle":0,"axis":"y","origin":[0,8,16]},"faces":{"north":{"uv":[1.75,9.5,1,10.5],"texture":"#0"},"east":{"uv":[2.5,9.5,1.75,10.5],"texture":"#0"},"south":{"uv":[1.75,9.5,1,10.5],"texture":"#0"},"west":{"uv":[2.5,9.5,1.75,10.5],"texture":"#0"},"up":{"uv":[10.25,3.25,9.5,4],"texture":"#0"},"down":{"uv":[10.25,3.25,9.5,4],"texture":"#0"}}},{"from":[13,10,0],"to":[16,14,3],"rotation":{"angle":0,"axis":"y","origin":[0,8,16]},"faces":{"north":{"uv":[1,9.5,1.75,10.5],"texture":"#0"},"east":{"uv":[1.75,9.5,2.5,10.5],"texture":"#0"},"south":{"uv":[1,9.5,1.75,10.5],"texture":"#0"},"west":{"uv":[1.75,9.5,2.5,10.5],"texture":"#0"},"up":{"uv":[10.25,4,9.5,3.25],"texture":"#0"},"down":{"uv":[10.25,4,9.5,3.25],"texture":"#0"}}},{"from":[0,10,0],"to":[3,14,3],"rotation":{"angle":0,"axis":"y","origin":[0,8,16]},"faces":{"north":{"uv":[1.75,9.5,1,10.5],"texture":"#0"},"east":{"uv":[2.5,9.5,1.75,10.5],"texture":"#0"},"south":{"uv":[1.75,9.5,1,10.5],"texture":"#0"},"west":{"uv":[2.5,9.5,1.75,10.5],"texture":"#0"},"up":{"uv":[9.5,4,10.25,3.25],"texture":"#0"},"down":{"uv":[9.5,4,10.25,3.25],"texture":"#0"}}},{"from":[12,14,12],"to":[15,17,15],"rotation":{"angle":0,"axis":"y","origin":[0,8,16]},"faces":{"north":{"uv":[4.25,9.5,3.5,10.25],"texture":"#0"},"east":{"uv":[10.25,4,9.5,4.75],"texture":"#0"},"south":{"uv":[4.25,9.5,3.5,10.25],"texture":"#0"},"west":{"uv":[10.25,4,9.5,4.75],"texture":"#0"},"up":{"uv":[5,9.5,4.25,10.25],"texture":"#0"},"down":{"uv":[5,9.5,4.25,10.25],"texture":"#0"}}},{"from":[1,10,1],"to":[15,14,15],"rotation":{"angle":0,"axis":"y","origin":[0,8,16]},"faces":{"north":{"uv":[6.5,6,10,7],"texture":"#0"},"east":{"uv":[0,7.5,3.5,8.5],"rotation":180,"texture":"#0"},"south":{"uv":[6.5,6,10,7],"rotation":180,"texture":"#0"},"west":{"uv":[0,7.5,3.5,8.5],"texture":"#0"},"up":{"uv":[3.5,7.5,0,4],"texture":"#0"},"down":{"uv":[3.5,7.5,0,4],"texture":"#0"}}},{"from":[2,14,3],"to":[14,16,13],"rotation":{"angle":0,"axis":"y","origin":[0,8,16]},"faces":{"north":{"uv":[0,9,3,9.5],"texture":"#0"},"east":{"uv":[4,3.5,6.5,4],"texture":"#0"},"south":{"uv":[0,9,3,9.5],"texture":"#0"},"west":{"uv":[4,3.5,6.5,4],"texture":"#0"},"up":{"uv":[9.5,6,6.5,3.5],"texture":"#0"},"down":{"uv":[9.5,6,6.5,3.5],"texture":"#0"}}},{"from":[3,16,4],"to":[13,18,12],"rotation":{"angle":0,"axis":"y","origin":[0,8,16]},"faces":{"north":{"uv":[3,9,5.5,9.5],"texture":"#0"},"east":{"uv":[8.5,9.25,10.5,9.75],"texture":"#0"},"south":{"uv":[3,9,5.5,9.5],"texture":"#0"},"west":{"uv":[8.5,9.25,10.5,9.75],"texture":"#0"},"up":{"uv":[6,9,3.5,7],"texture":"#0"},"down":{"uv":[6,9,3.5,7],"texture":"#0"}}},{"from":[12,14,1],"to":[15,17,4],"rotation":{"angle":0,"axis":"y","origin":[0,8,16]},"faces":{"north":{"uv":[3.5,9.5,4.25,10.25],"texture":"#0"},"east":{"uv":[9.5,4,10.25,4.75],"texture":"#0"},"south":{"uv":[3.5,9.5,4.25,10.25],"texture":"#0"},"west":{"uv":[9.5,4,10.25,4.75],"texture":"#0"},"up":{"uv":[5,10.25,4.25,9.5],"texture":"#0"},"down":{"uv":[5,10.25,4.25,9.5],"texture":"#0"}}},{"from":[1,14,1],"to":[4,17,4],"rotation":{"angle":0,"axis":"y","origin":[0,8,16]},"faces":{"north":{"uv":[4.25,9.5,3.5,10.25],"texture":"#0"},"east":{"uv":[10.25,4,9.5,4.75],"texture":"#0"},"south":{"uv":[4.25,9.5,3.5,10.25],"texture":"#0"},"west":{"uv":[10.25,4,9.5,4.75],"texture":"#0"},"up":{"uv":[4.25,10.25,5,9.5],"texture":"#0"},"down":{"uv":[4.25,10.25,5,9.5],"texture":"#0"}}},{"from":[6,9,-1],"to":[10,11,1],"rotation":{"angle":0,"axis":"y","origin":[0,8,16]},"faces":{"north":{"uv":[2.5,9.5,3.5,10],"texture":"#0"},"east":{"uv":[9,9.75,9.5,10.25],"texture":"#0"},"south":{"uv":[2.5,9.5,3.5,10],"rotation":180,"texture":"#0"},"west":{"uv":[9,9.75,9.5,10.25],"rotation":180,"texture":"#0"},"up":{"uv":[10.5,5.75,9.5,5.25],"texture":"#0"},"down":{"uv":[10.5,5.75,9.5,5.25],"texture":"#0"}}},{"from":[1,14,12],"to":[4,17,15],"rotation":{"angle":0,"axis":"y","origin":[0,8,16]},"faces":{"north":{"uv":[3.5,9.5,4.25,10.25],"texture":"#0"},"east":{"uv":[9.5,4,10.25,4.75],"texture":"#0"},"south":{"uv":[3.5,9.5,4.25,10.25],"texture":"#0"},"west":{"uv":[9.5,4,10.25,4.75],"texture":"#0"},"up":{"uv":[4.25,9.5,5,10.25],"texture":"#0"},"down":{"uv":[4.25,9.5,5,10.25],"texture":"#0"}}},{"from":[0,10,13],"to":[3,14,16],"rotation":{"angle":0,"axis":"y","origin":[0,8,16]},"faces":{"north":{"uv":[1,9.5,1.75,10.5],"texture":"#0"},"east":{"uv":[1.75,9.5,2.5,10.5],"texture":"#0"},"south":{"uv":[1,9.5,1.75,10.5],"texture":"#0"},"west":{"uv":[1.75,9.5,2.5,10.5],"texture":"#0"},"up":{"uv":[9.5,3.25,10.25,4],"texture":"#0"},"down":{"uv":[9.5,3.25,10.25,4],"texture":"#0"}}}],"display":{"thirdperson_righthand":{"rotation":[52.97,5.03,0.53],"translation":[-0.25,2.5,1.5],"scale":[0.3,0.3,0.3]},"thirdperson_lefthand":{"rotation":[52.97,5.03,0.53],"translation":[-0.25,2.5,1.5],"scale":[0.3,0.3,0.3]},"ground":{"translation":[0,-1,0],"scale":[0.35,0.35,0.35]},"gui":{"rotation":[30,140,0],"translation":[0.25,-0.5,0],"scale":[0.5,0.5,0.5]},"head":{"rotation":[0,-180,0],"translation":[0,-29.25,0],"scale":[1.75,1.75,1.75]},"fixed":{"rotation":[-90,0,0],"translation":[0.25,0.25,-17.5],"scale":[2.1875,2.1875,2.1875]}},"groups":[{"name":"group","origin":[16,0,0],"color":0,"boneType":"","children":[]},{"name":"group","origin":[0,0,0],"color":0,"boneType":"","children":[]},{"name":"group","origin":[0,0,0],"color":0,"boneType":"","children":[0,1,2,3,4]},{"name":"group","origin":[0,0,0],"color":0,"boneType":"","children":[5]},{"name":"group","origin":[0,0,0],"color":0,"boneType":"","children":[6,7,8,9,10,11,12,13,14]},{"name":"group","origin":[0,0,0],"color":0,"boneType":"","children":[]},{"name":"group","origin":[16,0,16],"color":0,"boneType":"","children":[15,16,17,18,19,20,21,22,23,24,25,26,27]}]}