{"credit":"magic_store_official","texture_size":[64,64],"textures":{"0":"custom/furniture/medieval_001/acacia/mc_medieval_cart_01_v3_texture","particle":"custom/furniture/medieval_001/acacia/mc_medieval_cart_01_v3_texture"},"elements":[{"from":[-6,7,19],"to":[22,9,21],"rotation":{"angle":0,"axis":"y","origin":[2,0,4]},"faces":{"north":{"uv":[8,6.5,15,7],"texture":"#0"},"east":{"uv":[10.5,8.5,11,9],"texture":"#0"},"south":{"uv":[8,6.5,15,7],"texture":"#0"},"west":{"uv":[10.5,8.5,11,9],"texture":"#0"},"up":{"uv":[15,7.5,8,7],"texture":"#0"},"down":{"uv":[15,7.5,8,7],"texture":"#0"}}},{"from":[18,2,14],"to":[21,14,16],"rotation":{"angle":0,"axis":"y","origin":[2,0,12]},"faces":{"north":{"uv":[11.25,9,10.5,12],"texture":"#0"},"east":{"uv":[11.75,9,11.25,12],"texture":"#0"},"south":{"uv":[12.5,10,11.75,13],"texture":"#0"},"west":{"uv":[11.75,9,11.25,12],"texture":"#0"},"up":{"uv":[11.25,12,10.5,12.5],"texture":"#0"},"down":{"uv":[11.25,12.5,10.5,12],"texture":"#0"}}},{"from":[18,2,16],"to":[21,4,24],"rotation":{"angle":0,"axis":"y","origin":[2,0,4]},"faces":{"north":{"uv":[11,8,11.75,8.5],"texture":"#0"},"east":{"uv":[11,7.5,13,8],"texture":"#0"},"south":{"uv":[11,8,11.75,8.5],"texture":"#0"},"west":{"uv":[11,7.5,13,8],"texture":"#0"},"up":{"uv":[12.5,10,11.75,8],"texture":"#0"},"down":{"uv":[13.25,10,12.5,8],"texture":"#0"}}},{"from":[18,12,16],"to":[21,14,24],"rotation":{"angle":0,"axis":"y","origin":[2,16,4]},"faces":{"north":{"uv":[11,8.5,11.75,8],"texture":"#0"},"east":{"uv":[11,8,13,7.5],"texture":"#0"},"south":{"uv":[11,8.5,11.75,8],"texture":"#0"},"west":{"uv":[11,8,13,7.5],"texture":"#0"},"up":{"uv":[13.25,8,12.5,10],"texture":"#0"},"down":{"uv":[12.5,8,11.75,10],"texture":"#0"}}},{"from":[18,2,24],"to":[21,14,26],"rotation":{"angle":0,"axis":"y","origin":[2,0,4]},"faces":{"north":{"uv":[11.75,10,12.5,13],"texture":"#0"},"east":{"uv":[11.25,9,11.75,12],"texture":"#0"},"south":{"uv":[10.5,9,11.25,12],"texture":"#0"},"west":{"uv":[11.25,9,11.75,12],"texture":"#0"},"up":{"uv":[11.25,12.5,10.5,12],"texture":"#0"},"down":{"uv":[11.25,12,10.5,12.5],"texture":"#0"}}},{"from":[19,3,14.5],"to":[20,17,15.5],"rotation":{"angle":45,"axis":"x","origin":[20,3,15]},"faces":{"north":{"uv":[5.5,7.75,5.75,11.25],"texture":"#0"},"east":{"uv":[4.5,8.75,4.75,12.25],"texture":"#0"},"south":{"uv":[5.5,7.75,5.75,11.25],"texture":"#0"},"west":{"uv":[4.5,8.75,4.75,12.25],"texture":"#0"},"up":{"uv":[10.25,4.5,10,4.25],"texture":"#0"},"down":{"uv":[10.25,4.5,10,4.25],"texture":"#0"}}},{"from":[19,-1,14.5],"to":[20,13,15.5],"rotation":{"angle":-45,"axis":"x","origin":[20,13,15]},"faces":{"north":{"uv":[5.5,11.25,5.75,7.75],"texture":"#0"},"east":{"uv":[4.5,12.25,4.75,8.75],"texture":"#0"},"south":{"uv":[5.5,11.25,5.75,7.75],"texture":"#0"},"west":{"uv":[4.5,12.25,4.75,8.75],"texture":"#0"},"up":{"uv":[10.25,4.25,10,4.5],"texture":"#0"},"down":{"uv":[10.25,4.25,10,4.5],"texture":"#0"}}},{"from":[16,7,4],"to":[20,27,9],"rotation":{"angle":0,"axis":"y","origin":[0,1,9]},"faces":{"north":{"uv":[0,7.75,1,12.75],"texture":"#0"},"east":{"uv":[5.75,6.5,7,11.5],"texture":"#0"},"south":{"uv":[0,7.75,1,12.75],"texture":"#0"},"west":{"uv":[5.75,6.5,7,11.5],"texture":"#0"},"up":{"uv":[2,11.75,1,10.5],"texture":"#0"},"down":{"uv":[2,11.75,1,10.5],"texture":"#0"}}},{"from":[14,16,3],"to":[21,23,10],"rotation":{"angle":0,"axis":"y","origin":[0,1,9]},"faces":{"north":{"uv":[8,7.5,9.75,9.25],"texture":"#0"},"east":{"uv":[1,8.75,2.75,10.5],"texture":"#0"},"south":{"uv":[8,7.5,9.75,9.25],"texture":"#0"},"west":{"uv":[1,8.75,2.75,10.5],"texture":"#0"},"up":{"uv":[4.5,10.5,2.75,8.75],"texture":"#0"},"down":{"uv":[4.5,10.5,2.75,8.75],"texture":"#0"}}},{"from":[-5,16,3],"to":[2,23,10],"rotation":{"angle":0,"axis":"y","origin":[-20,1,9]},"faces":{"north":{"uv":[8,7.5,9.75,9.25],"texture":"#0"},"east":{"uv":[1,8.75,2.75,10.5],"texture":"#0"},"south":{"uv":[9.75,7.5,8,9.25],"texture":"#0"},"west":{"uv":[1,8.75,2.75,10.5],"texture":"#0"},"up":{"uv":[4.5,10.5,2.75,8.75],"texture":"#0"},"down":{"uv":[4.5,10.5,2.75,8.75],"texture":"#0"}}},{"from":[-4,7,4],"to":[0,27,9],"rotation":{"angle":0,"axis":"y","origin":[-20,1,9]},"faces":{"north":{"uv":[0,7.75,1,12.75],"texture":"#0"},"east":{"uv":[5.75,6.5,7,11.5],"texture":"#0"},"south":{"uv":[0,7.75,1,12.75],"texture":"#0"},"west":{"uv":[5.75,6.5,7,11.5],"texture":"#0"},"up":{"uv":[2,11.75,1,10.5],"texture":"#0"},"down":{"uv":[2,11.75,1,10.5],"texture":"#0"}}},{"from":[16,17,9],"to":[20,22,32],"rotation":{"angle":0,"axis":"y","origin":[0,1,9]},"faces":{"north":{"uv":[10,3,11,4.25],"texture":"#0"},"east":{"uv":[0,6.5,5.75,7.75],"texture":"#0"},"south":{"uv":[10,3,11,4.25],"texture":"#0"},"west":{"uv":[5.75,6.5,0,7.75],"texture":"#0"},"up":{"uv":[8,12.25,7,6.5],"texture":"#0"},"down":{"uv":[8,6.5,7,12.25],"texture":"#0"}}},{"from":[0,15,4],"to":[16,17,6],"rotation":{"angle":0,"axis":"y","origin":[0,1,9]},"faces":{"north":{"uv":[9,5,13,5.5],"texture":"#0"},"east":{"uv":[9.75,6,10.25,6.5],"texture":"#0"},"south":{"uv":[9,5,13,5.5],"texture":"#0"},"west":{"uv":[9.75,6,10.25,6.5],"texture":"#0"},"up":{"uv":[13,6,9,5.5],"texture":"#0"},"down":{"uv":[13,6,9,5.5],"texture":"#0"}}},{"from":[-4,17,9],"to":[0,22,32],"rotation":{"angle":0,"axis":"y","origin":[0,1,9]},"faces":{"north":{"uv":[10,3,11,4.25],"texture":"#0"},"east":{"uv":[0,6.5,5.75,7.75],"texture":"#0"},"south":{"uv":[10,3,11,4.25],"texture":"#0"},"west":{"uv":[5.75,6.5,0,7.75],"texture":"#0"},"up":{"uv":[8,12.25,7,6.5],"texture":"#0"},"down":{"uv":[8,6.5,7,12.25],"texture":"#0"}}},{"from":[0,17,5],"to":[16,25,9],"rotation":{"angle":0,"axis":"y","origin":[0,1,9]},"faces":{"north":{"uv":[5,4.5,9,6.5],"texture":"#0"},"east":{"uv":[8,9.25,9,11.25],"texture":"#0"},"south":{"uv":[5,4.5,9,6.5],"texture":"#0"},"west":{"uv":[8,9.25,9,11.25],"texture":"#0"},"up":{"uv":[5,8.75,1,7.75],"texture":"#0"},"down":{"uv":[5,8.75,1,7.75],"texture":"#0"}}},{"from":[-2,8,6],"to":[18,11,32],"rotation":{"angle":0,"axis":"y","origin":[0,1,9]},"faces":{"north":{"uv":[5,2.25,10,3],"texture":"#0"},"east":{"uv":[11.5,0,5,0.75],"texture":"#0"},"south":{"uv":[5,2.25,10,3],"texture":"#0"},"west":{"uv":[5,0,11.5,0.75],"texture":"#0"},"up":{"uv":[5,6.5,0,0],"texture":"#0"},"down":{"uv":[5,6.5,0,0],"texture":"#0"}}},{"from":[0,11,30],"to":[16,20,30],"rotation":{"angle":0,"axis":"y","origin":[0,1,9]},"faces":{"north":{"uv":[4,13.75,0,16],"texture":"#0"},"south":{"uv":[0,13.75,4,16],"texture":"#0"}}},{"from":[-2,11,9],"to":[0,17,32],"rotation":{"angle":0,"axis":"y","origin":[0,1,9]},"faces":{"north":{"uv":[10.75,0.75,11.25,2.25],"texture":"#0"},"east":{"uv":[5,0.75,10.75,2.25],"texture":"#0"},"south":{"uv":[10.75,0.75,11.25,2.25],"texture":"#0"},"west":{"uv":[5,0.75,10.75,2.25],"texture":"#0"}}},{"from":[16,11,9],"to":[18,17,32],"rotation":{"angle":0,"axis":"y","origin":[0,1,9]},"faces":{"north":{"uv":[10.75,0.75,11.25,2.25],"texture":"#0"},"east":{"uv":[5,0.75,10.75,2.25],"texture":"#0"},"south":{"uv":[10.75,0.75,11.25,2.25],"texture":"#0"},"west":{"uv":[5,0.75,10.75,2.25],"texture":"#0"}}},{"from":[16,4,5],"to":[19,7,7],"rotation":{"angle":0,"axis":"y","origin":[0,1,0]},"faces":{"north":{"uv":[2,10.5,2.75,11.25],"texture":"#0"},"east":{"uv":[10.5,7.5,11,8.25],"texture":"#0"},"south":{"uv":[2,10.5,2.75,11.25],"texture":"#0"},"west":{"uv":[10.5,7.5,11,8.25],"texture":"#0"},"up":{"uv":[9.75,6.5,9,6],"texture":"#0"},"down":{"uv":[9.75,6.5,9,6],"texture":"#0"}}},{"from":[17,-1,5],"to":[18,4,6],"rotation":{"angle":22.5,"axis":"x","origin":[19,4,6]},"faces":{"north":{"uv":[4.75,8.75,5,10],"texture":"#0"},"east":{"uv":[4.75,10,5,11.25],"texture":"#0"},"south":{"uv":[4.75,8.75,5,10],"texture":"#0"},"west":{"uv":[4.75,10,5,11.25],"texture":"#0"},"up":{"uv":[10.5,4.5,10.25,4.25],"texture":"#0"},"down":{"uv":[10.5,4.5,10.25,4.25],"texture":"#0"}}},{"from":[-3,4,5],"to":[0,7,7],"rotation":{"angle":0,"axis":"y","origin":[-19,1,0]},"faces":{"north":{"uv":[2,10.5,2.75,11.25],"texture":"#0"},"east":{"uv":[10.5,7.5,11,8.25],"texture":"#0"},"south":{"uv":[2,10.5,2.75,11.25],"texture":"#0"},"west":{"uv":[10.5,7.5,11,8.25],"texture":"#0"},"up":{"uv":[9.75,6.5,9,6],"texture":"#0"},"down":{"uv":[9.75,6.5,9,6],"texture":"#0"}}},{"from":[-2,-1,5],"to":[-1,4,6],"rotation":{"angle":22.5,"axis":"x","origin":[0,4,6]},"faces":{"north":{"uv":[4.75,8.75,5,10],"texture":"#0"},"east":{"uv":[4.75,10,5,11.25],"texture":"#0"},"south":{"uv":[4.75,8.75,5,10],"texture":"#0"},"west":{"uv":[4.75,10,5,11.25],"texture":"#0"},"up":{"uv":[10.5,4.5,10.25,4.25],"texture":"#0"},"down":{"uv":[10.5,4.5,10.25,4.25],"texture":"#0"}}},{"from":[-3,14,-16],"to":[-1,16,4],"rotation":{"angle":0,"axis":"y","origin":[0,1,0]},"faces":{"north":{"uv":[10.25,6,10.75,6.5],"texture":"#0"},"east":{"uv":[9,4.5,14,5],"texture":"#0"},"south":{"uv":[10.25,6,10.75,6.5],"texture":"#0"},"west":{"uv":[14,4.5,9,5],"texture":"#0"},"up":{"uv":[5.5,7.75,5,12.75],"texture":"#0"},"down":{"uv":[5.5,12.75,5,7.75],"texture":"#0"}}},{"from":[-3.5,13.5,-14],"to":[-0.5,16.5,-7],"faces":{"north":{"uv":[2.75,10.5,3.5,11.25],"texture":"#0"},"east":{"uv":[10,2.25,11.75,3],"texture":"#0"},"south":{"uv":[2.75,10.5,3.5,11.25],"texture":"#0"},"west":{"uv":[11.75,2.25,10,3],"texture":"#0"},"up":{"uv":[10.5,11.75,9.75,10],"texture":"#0"},"down":{"uv":[10.5,10,9.75,11.75],"texture":"#0"}}},{"from":[17,14,-16],"to":[19,16,4],"rotation":{"angle":0,"axis":"y","origin":[0,1,0]},"faces":{"north":{"uv":[10.25,6,10.75,6.5],"texture":"#0"},"east":{"uv":[9,4.5,14,5],"texture":"#0"},"south":{"uv":[10.25,6,10.75,6.5],"texture":"#0"},"west":{"uv":[14,4.5,9,5],"texture":"#0"},"up":{"uv":[5.5,7.75,5,12.75],"texture":"#0"},"down":{"uv":[5.5,12.75,5,7.75],"texture":"#0"}}},{"from":[16.5,13.5,-14],"to":[19.5,16.5,-7],"faces":{"north":{"uv":[2.75,10.5,3.5,11.25],"texture":"#0"},"east":{"uv":[10,2.25,11.75,3],"texture":"#0"},"south":{"uv":[2.75,10.5,3.5,11.25],"texture":"#0"},"west":{"uv":[11.75,2.25,10,3],"texture":"#0"},"up":{"uv":[10.5,11.75,9.75,10],"texture":"#0"},"down":{"uv":[10.5,10,9.75,11.75],"texture":"#0"}}},{"from":[18.5,9.5,-13],"to":[18.5,13.5,-7],"faces":{"east":{"uv":[11.5,0,13,1],"texture":"#0"},"west":{"uv":[13,0,11.5,1],"texture":"#0"}}},{"from":[-5,2,14],"to":[-2,14,16],"rotation":{"angle":0,"axis":"y","origin":[14,0,12]},"faces":{"north":{"uv":[10.5,9,11.25,12],"texture":"#0"},"east":{"uv":[11.25,9,11.75,12],"texture":"#0"},"south":{"uv":[11.75,10,12.5,13],"texture":"#0"},"west":{"uv":[11.25,9,11.75,12],"texture":"#0"},"up":{"uv":[10.5,12,11.25,12.5],"texture":"#0"},"down":{"uv":[10.5,12.5,11.25,12],"texture":"#0"}}},{"from":[-5,2,16],"to":[-2,4,24],"rotation":{"angle":0,"axis":"y","origin":[14,0,4]},"faces":{"north":{"uv":[11.75,8,11,8.5],"texture":"#0"},"east":{"uv":[13,7.5,11,8],"texture":"#0"},"south":{"uv":[11.75,8,11,8.5],"texture":"#0"},"west":{"uv":[13,7.5,11,8],"texture":"#0"},"up":{"uv":[11.75,10,12.5,8],"texture":"#0"},"down":{"uv":[12.5,10,13.25,8],"texture":"#0"}}},{"from":[-5,12,16],"to":[-2,14,24],"rotation":{"angle":0,"axis":"y","origin":[14,16,4]},"faces":{"north":{"uv":[11.75,8.5,11,8],"texture":"#0"},"east":{"uv":[13,8,11,7.5],"texture":"#0"},"south":{"uv":[11.75,8.5,11,8],"texture":"#0"},"west":{"uv":[13,8,11,7.5],"texture":"#0"},"up":{"uv":[12.5,8,13.25,10],"texture":"#0"},"down":{"uv":[11.75,8,12.5,10],"texture":"#0"}}},{"from":[-5,2,24],"to":[-2,14,26],"rotation":{"angle":0,"axis":"y","origin":[14,0,4]},"faces":{"north":{"uv":[12.5,10,11.75,13],"texture":"#0"},"east":{"uv":[11.75,9,11.25,12],"texture":"#0"},"south":{"uv":[11.25,9,10.5,12],"texture":"#0"},"west":{"uv":[11.75,9,11.25,12],"texture":"#0"},"up":{"uv":[10.5,12.5,11.25,12],"texture":"#0"},"down":{"uv":[10.5,12,11.25,12.5],"texture":"#0"}}},{"from":[-4,3,14.5],"to":[-3,17,15.5],"rotation":{"angle":45,"axis":"x","origin":[-4,3,15]},"faces":{"north":{"uv":[5.75,7.75,5.5,11.25],"texture":"#0"},"east":{"uv":[4.75,8.75,4.5,12.25],"texture":"#0"},"south":{"uv":[5.75,7.75,5.5,11.25],"texture":"#0"},"west":{"uv":[4.75,8.75,4.5,12.25],"texture":"#0"},"up":{"uv":[10,4.5,10.25,4.25],"texture":"#0"},"down":{"uv":[10,4.5,10.25,4.25],"texture":"#0"}}},{"from":[-4,-1,14.5],"to":[-3,13,15.5],"rotation":{"angle":-45,"axis":"x","origin":[-4,13,15]},"faces":{"north":{"uv":[5.75,11.25,5.5,7.75],"texture":"#0"},"east":{"uv":[4.75,12.25,4.5,8.75],"texture":"#0"},"south":{"uv":[5.75,11.25,5.5,7.75],"texture":"#0"},"west":{"uv":[4.75,12.25,4.5,8.75],"texture":"#0"},"up":{"uv":[10,4.25,10.25,4.5],"texture":"#0"},"down":{"uv":[10,4.25,10.25,4.5],"texture":"#0"}}}],"display":{"thirdperson_righthand":{"rotation":[52.97,5.03,0.53],"translation":[-0.25,2.5,-2.75],"scale":[0.3,0.3,0.3]},"thirdperson_lefthand":{"rotation":[52.97,5.03,0.53],"translation":[-0.25,2.5,-2.75],"scale":[0.3,0.3,0.3]},"firstperson_righthand":{"rotation":[-175.09,164,-170.74],"translation":[-5.5,6,7.5],"scale":[0.15,0.15,0.15]},"firstperson_lefthand":{"rotation":[-175.09,164,-170.74],"translation":[-5.5,6,7.5],"scale":[0.15,0.15,0.15]},"ground":{"translation":[0,-1.25,0],"scale":[0.3,0.3,0.3]},"gui":{"rotation":[30,140,0],"translation":[-0.25,-2.25,0],"scale":[0.325,0.325,0.325]},"head":{"translation":[0,-33.75,-18],"scale":[1.6,1.6,1.6]},"fixed":{"rotation":[-90,0,0],"translation":[0,-23.25,-12],"scale":[2,2,2]}},"groups":[0,{"name":"group","origin":[0,0,0],"color":0,"boneType":"","children":[1,2,3,4,5,6]},{"name":"group","origin":[0,1,0],"color":0,"boneType":"","children":[{"name":"group","origin":[0,1,9],"color":0,"boneType":"","children":[7,8,9,10,11,12,13]},{"name":"group","origin":[0,0,0],"color":0,"boneType":"","children":[14,15,16,17,18,19,20,21,22,23,24,25,26,27]}]},{"name":"group","origin":[0,0,0],"color":0,"boneType":"","children":[28,29,30,31,32,33]}]}