{"credit":"magic_store_official","texture_size":[64,64],"textures":{"0":"custom/furniture/medieval_001/acacia/mc_medieval_table_01_v3_texture","particle":"custom/furniture/medieval_001/acacia/mc_medieval_table_01_v3_texture"},"elements":[{"from":[0,0,1],"to":[7,2,8],"faces":{"north":{"uv":[7.5,7.5,9.25,8],"texture":"#0"},"east":{"uv":[0,8,1.75,8.5],"texture":"#0"},"south":{"uv":[7.5,7.5,9.25,8],"texture":"#0"},"west":{"uv":[0,8,1.75,8.5],"texture":"#0"},"up":{"uv":[9.25,4.25,7.5,2.5],"texture":"#0"},"down":{"uv":[9.25,4.25,7.5,2.5],"texture":"#0"}}},{"from":[1,2,2],"to":[6,6,7],"faces":{"north":{"uv":[7.5,5.5,8.75,6.5],"texture":"#0"},"east":{"uv":[7.5,6.5,8.75,7.5],"texture":"#0"},"south":{"uv":[7.5,5.5,8.75,6.5],"texture":"#0"},"west":{"uv":[7.5,6.5,8.75,7.5],"texture":"#0"},"up":{"uv":[8.75,5.5,7.5,4.25],"texture":"#0"},"down":{"uv":[8.75,5.5,7.5,4.25],"texture":"#0"}}},{"from":[2,6,3],"to":[5,10,6],"faces":{"north":{"uv":[1.75,8,2.5,9],"texture":"#0"},"east":{"uv":[2.5,8,3.25,9],"texture":"#0"},"south":{"uv":[1.75,8,2.5,9],"texture":"#0"},"west":{"uv":[2.5,8,3.25,9],"texture":"#0"},"up":{"uv":[4,8.75,3.25,8],"texture":"#0"},"down":{"uv":[4,8.75,3.25,8],"texture":"#0"}}},{"from":[2,6,26],"to":[5,10,29],"rotation":{"angle":0,"axis":"y","origin":[0,0,16]},"faces":{"north":{"uv":[2.5,8,1.75,9],"texture":"#0"},"east":{"uv":[3.25,8,2.5,9],"texture":"#0"},"south":{"uv":[2.5,8,1.75,9],"texture":"#0"},"west":{"uv":[3.25,8,2.5,9],"texture":"#0"},"up":{"uv":[4,8,3.25,8.75],"texture":"#0"},"down":{"uv":[4,8,3.25,8.75],"texture":"#0"}}},{"from":[1,2,25],"to":[6,6,30],"rotation":{"angle":0,"axis":"y","origin":[0,0,16]},"faces":{"north":{"uv":[8.75,5.5,7.5,6.5],"texture":"#0"},"east":{"uv":[8.75,6.5,7.5,7.5],"texture":"#0"},"south":{"uv":[8.75,5.5,7.5,6.5],"texture":"#0"},"west":{"uv":[8.75,6.5,7.5,7.5],"texture":"#0"},"up":{"uv":[8.75,4.25,7.5,5.5],"texture":"#0"},"down":{"uv":[8.75,4.25,7.5,5.5],"texture":"#0"}}},{"from":[0,0,24],"to":[7,2,31],"rotation":{"angle":0,"axis":"y","origin":[0,0,16]},"faces":{"north":{"uv":[9.25,7.5,7.5,8],"texture":"#0"},"east":{"uv":[1.75,8,0,8.5],"texture":"#0"},"south":{"uv":[9.25,7.5,7.5,8],"texture":"#0"},"west":{"uv":[1.75,8,0,8.5],"texture":"#0"},"up":{"uv":[9.25,2.5,7.5,4.25],"texture":"#0"},"down":{"uv":[9.25,2.5,7.5,4.25],"texture":"#0"}}},{"from":[9,0,1],"to":[16,2,8],"rotation":{"angle":0,"axis":"y","origin":[16,0,0]},"faces":{"north":{"uv":[9.25,7.5,7.5,8],"texture":"#0"},"east":{"uv":[1.75,8,0,8.5],"texture":"#0"},"south":{"uv":[9.25,7.5,7.5,8],"texture":"#0"},"west":{"uv":[1.75,8,0,8.5],"texture":"#0"},"up":{"uv":[7.5,4.25,9.25,2.5],"texture":"#0"},"down":{"uv":[7.5,4.25,9.25,2.5],"texture":"#0"}}},{"from":[10,2,2],"to":[15,6,7],"rotation":{"angle":0,"axis":"y","origin":[16,0,0]},"faces":{"north":{"uv":[8.75,5.5,7.5,6.5],"texture":"#0"},"east":{"uv":[8.75,6.5,7.5,7.5],"texture":"#0"},"south":{"uv":[8.75,5.5,7.5,6.5],"texture":"#0"},"west":{"uv":[8.75,6.5,7.5,7.5],"texture":"#0"},"up":{"uv":[7.5,5.5,8.75,4.25],"texture":"#0"},"down":{"uv":[7.5,5.5,8.75,4.25],"texture":"#0"}}},{"from":[11,6,3],"to":[14,10,6],"rotation":{"angle":0,"axis":"y","origin":[16,0,0]},"faces":{"north":{"uv":[2.5,8,1.75,9],"texture":"#0"},"east":{"uv":[3.25,8,2.5,9],"texture":"#0"},"south":{"uv":[2.5,8,1.75,9],"texture":"#0"},"west":{"uv":[3.25,8,2.5,9],"texture":"#0"},"up":{"uv":[3.25,8.75,4,8],"texture":"#0"},"down":{"uv":[3.25,8.75,4,8],"texture":"#0"}}},{"from":[11,6,26],"to":[14,10,29],"rotation":{"angle":0,"axis":"y","origin":[16,0,16]},"faces":{"north":{"uv":[1.75,8,2.5,9],"texture":"#0"},"east":{"uv":[2.5,8,3.25,9],"texture":"#0"},"south":{"uv":[1.75,8,2.5,9],"texture":"#0"},"west":{"uv":[2.5,8,3.25,9],"texture":"#0"},"up":{"uv":[3.25,8,4,8.75],"texture":"#0"},"down":{"uv":[3.25,8,4,8.75],"texture":"#0"}}},{"from":[10,2,25],"to":[15,6,30],"rotation":{"angle":0,"axis":"y","origin":[16,0,16]},"faces":{"north":{"uv":[7.5,5.5,8.75,6.5],"texture":"#0"},"east":{"uv":[7.5,6.5,8.75,7.5],"texture":"#0"},"south":{"uv":[7.5,5.5,8.75,6.5],"texture":"#0"},"west":{"uv":[7.5,6.5,8.75,7.5],"texture":"#0"},"up":{"uv":[7.5,4.25,8.75,5.5],"texture":"#0"},"down":{"uv":[7.5,4.25,8.75,5.5],"texture":"#0"}}},{"from":[9,0,24],"to":[16,2,31],"rotation":{"angle":0,"axis":"y","origin":[16,0,16]},"faces":{"north":{"uv":[7.5,7.5,9.25,8],"texture":"#0"},"east":{"uv":[0,8,1.75,8.5],"texture":"#0"},"south":{"uv":[7.5,7.5,9.25,8],"texture":"#0"},"west":{"uv":[0,8,1.75,8.5],"texture":"#0"},"up":{"uv":[7.5,2.5,9.25,4.25],"texture":"#0"},"down":{"uv":[7.5,2.5,9.25,4.25],"texture":"#0"}}},{"from":[0,12,0],"to":[16,16,32],"faces":{"north":{"uv":[7.5,1,11.5,2],"texture":"#0"},"east":{"uv":[7.5,0,15.5,1],"texture":"#0"},"south":{"uv":[7.5,1,11.5,2],"texture":"#0"},"west":{"uv":[7.5,0,15.5,1],"texture":"#0"},"up":{"uv":[4,8,0,0],"texture":"#0"},"down":{"uv":[4,8,0,0],"texture":"#0"}}},{"from":[1,10,1],"to":[15,12,31],"faces":{"north":{"uv":[4,7.5,7.5,8],"texture":"#0"},"east":{"uv":[7.5,2,15,2.5],"texture":"#0"},"south":{"uv":[4,7.5,7.5,8],"texture":"#0"},"west":{"uv":[7.5,2,15,2.5],"texture":"#0"},"up":{"uv":[7.5,7.5,4,0],"texture":"#0"},"down":{"uv":[7.5,7.5,4,0],"texture":"#0"}}}],"display":{"thirdperson_righthand":{"rotation":[98,36,0],"translation":[-1,4.75,1],"scale":[0.3,0.3,0.3]},"thirdperson_lefthand":{"rotation":[98,36,0],"translation":[-1,4.75,1],"scale":[0.3,0.3,0.3]},"firstperson_righthand":{"rotation":[170.25,-23.5,-180],"translation":[-4,5,6.5],"scale":[0.22,0.22,0.22]},"firstperson_lefthand":{"rotation":[170.25,-23.5,-180],"translation":[-4,5,6.5],"scale":[0.22,0.22,0.22]},"ground":{"translation":[0,-1.5,0],"scale":[0.3,0.3,0.3]},"gui":{"rotation":[30,140,0],"translation":[-2,-2,0],"scale":[0.4,0.4,0.4]},"head":{"rotation":[0,90,0],"translation":[-20.25,-29.5,0],"scale":[2.5,1.75,2.5]},"fixed":{"rotation":[-90,90,0],"translation":[-25,0,-17.5],"scale":[3.125,2.1875,3.125]}},"groups":[{"name":"group","origin":[0,0,0],"color":0,"boneType":"","children":[{"name":"group","origin":[0,0,0],"color":0,"boneType":"","children":[0,1,2,{"name":"group","origin":[0,0,16],"color":0,"boneType":"","children":[3,4,5]},{"name":"group","origin":[0,0,0],"color":0,"boneType":"","children":[]}]},{"name":"group","origin":[16,0,0],"color":0,"boneType":"","children":[6,7,8,{"name":"group","origin":[16,0,16],"color":0,"boneType":"","children":[9,10,11]}]}]},{"name":"group","origin":[0,0,0],"color":0,"boneType":"","children":[12,13]}]}