{
	"credit": "Made with Blockbench",
	"texture_size": [32, 32],
	"textures": {
		"1": "mccosmetics:cosmetics/colorful_backpack"
	},
	"elements": [
		{
			"from": [5, 0, 6],
			"to": [11, 5, 7],
			"faces": {
				"north": {"uv": [0, 8, 3, 10.5], "texture": "#1", "tintindex": 0},
				"east": {"uv": [8.5, 8.5, 9, 11], "texture": "#1", "tintindex": 0},
				"west": {"uv": [9, 8.5, 9.5, 11], "texture": "#1", "tintindex": 0},
				"up": {"uv": [11, 8, 8, 7.5], "texture": "#1", "tintindex": 0},
				"down": {"uv": [11.5, 8, 8.5, 8.5], "texture": "#1", "tintindex": 0}
			}
		},
		{
			"from": [4, 0, 7],
			"to": [12, 8, 10],
			"faces": {
				"north": {"uv": [0, 4, 4, 8], "texture": "#1", "tintindex": 0},
				"east": {"uv": [3, 8, 4.5, 12], "texture": "#1", "tintindex": 0},
				"south": {"uv": [4, 0, 8, 4], "texture": "#1", "tintindex": 0},
				"west": {"uv": [8, 0, 9.5, 4], "texture": "#1", "tintindex": 0},
				"up": {"uv": [12, 5.5, 8, 4], "texture": "#1", "tintindex": 0},
				"down": {"uv": [8.5, 8, 4.5, 9.5], "texture": "#1", "tintindex": 0}
			}
		},
		{
			"from": [4, 8.0625, 7.625],
			"to": [12, 10.0625, 7.625],
			"rotation": {"angle": -22.5, "axis": "x", "origin": [8, 9, 8]},
			"faces": {
				"north": {"uv": [8, 5.5, 12, 6.5], "texture": "#1", "tintindex": 0},
				"east": {"uv": [0, 0, 0, 1], "texture": "#1", "tintindex": 0},
				"south": {"uv": [8, 6.5, 12, 7.5], "texture": "#1", "tintindex": 0},
				"west": {"uv": [0, 0, 0, 1], "texture": "#1", "tintindex": 0},
				"up": {"uv": [4, 0, 0, 0], "texture": "#1", "tintindex": 0},
				"down": {"uv": [4, 0, 0, 0], "texture": "#1", "tintindex": 0}
			}
		},
		{
			"from": [4, 0, 10],
			"to": [12, 8, 14],
			"rotation": {"angle": 0, "axis": "y", "origin": [8, 4, 12]},
			"faces": {
				"south": {"uv": [0, 0, 4, 4], "texture": "#1"},
				"up": {"uv": [4, 4, 8, 6], "texture": "#1"},
				"down": {"uv": [4, 6, 8, 8], "texture": "#1"}
			}
		},
		{
			"from": [4, 0, 14],
			"to": [12, 8, 10],
			"rotation": {"angle": 0, "axis": "y", "origin": [8, 4, 12]},
			"faces": {
				"north": {"uv": [0, 0, 4, 4], "texture": "#1"},
				"up": {"uv": [4, 4, 8, 6], "rotation": 180, "texture": "#1"},
				"down": {"uv": [4, 6, 8, 8], "rotation": 180, "texture": "#1"}
			}
		}
	],
	"gui_light": "front",
	"display": {
		"thirdperson_righthand": {
			"rotation": [0, -180, 0],
			"translation": [0, 5.5, 0],
			"scale": [0.7, 0.7, 0.7]
		},
		"thirdperson_lefthand": {
			"rotation": [0, -180, 0],
			"translation": [0, 5.5, 0],
			"scale": [0.7, 0.7, 0.7]
		},
		"firstperson_righthand": {
			"rotation": [0, 110, 0],
			"translation": [0, 5.5, 0],
			"scale": [0.7, 0.7, 0.7]
		},
		"firstperson_lefthand": {
			"rotation": [0, 110, 0],
			"translation": [0, 5.5, 0],
			"scale": [0.7, 0.7, 0.7]
		},
		"ground": {
			"rotation": [45, 0, 0],
			"translation": [0, 2, 0],
			"scale": [0.5, 0.5, 0.5]
		},
		"gui": {
			"rotation": [30, -160, 30],
			"translation": [1.5, 3, 0]
		},
		"head": {
			"rotation": [0, -180, 0],
			"translation": [0, -42, 7.25],
			"scale": [1.81, 1.81, 1.81]
		},
		"fixed": {
			"translation": [0, 7, -1.75],
			"scale": [1.81, 1.81, 1.81]
		}
	}
}