{
	"credit": "Made by Jeqo - https://jeqostudios.com",
	"texture_size": [32, 32],
	"textures": {
		"0": "mccosmetics:cosmetics/flame_fist",
		"particle": "mccosmetics:cosmetics/flame_fist"
	},
	"elements": [
		{
			"from": [-1, -1, -1],
			"to": [5, 15, 5],
			"faces": {
				"north": {"uv": [8, 0, 11, 8], "texture": "#0"},
				"east": {"uv": [8, 0, 11, 8], "texture": "#0"},
				"south": {"uv": [11, 0, 8, 8], "texture": "#0"},
				"west": {"uv": [11, 0, 8, 8], "texture": "#0"},
				"up": {"uv": [0, 0, 0.5, 0.5], "texture": "#0"},
				"down": {"uv": [5, 5, 8, 8], "texture": "#0"}
			}
		}
	],
	"gui_light": "front",
	"display": {
		"thirdperson_righthand": {
			"rotation": [90, 0, 0],
			"translation": [4.75, -6.75, 6.75],
			"scale": [0.8, 0.8, 0.8]
		},
		"thirdperson_lefthand": {
			"rotation": [90, 0, 0],
			"translation": [-6, -8, 8]
		},
		"firstperson_righthand": {
			"rotation": [0, -30.25, 0],
			"translation": [9.75, -0.5, 9.5]
		},
		"firstperson_lefthand": {
			"rotation": [0, -30.25, 0],
			"translation": [9.75, -0.5, 9.5]
		},
		"ground": {
			"translation": [4, 6, 4],
			"scale": [0.7, 0.7, 0.7]
		},
		"gui": {
			"rotation": [32.8, 43.07, -44.57],
			"translation": [8.75, -1.75, 0]
		},
		"fixed": {
			"translation": [6.25, 2.25, 4.25]
		}
	}
}