{
	"credit": "Made with Blockbench",
	"texture_size": [64, 64],
	"textures": {
		"0": "mccosmetics:cosmetics/mercywings",
		"particle": "mccosmetics:cosmetics/mercywings"
	},
	"elements": [
		{
			"from": [-0.55386, 9.31191, 0.66529],
			"to": [5.23408, 11.79245, 2.73241],
			"rotation": {"angle": -22.5, "axis": "z", "origin": [7.30275, 14.12877, 1.6383]},
			"faces": {
				"north": {"uv": [4, 5.75, 5.75, 6.5], "texture": "#0"},
				"east": {"uv": [0, 9.25, 0.75, 10], "texture": "#0"},
				"south": {"uv": [5.75, 5.75, 7.5, 6.5], "texture": "#0"},
				"west": {"uv": [9, 9.25, 9.75, 10], "texture": "#0"},
				"up": {"uv": [7.75, 5.5, 6, 4.75], "texture": "#0"},
				"down": {"uv": [4, 6.5, 2.25, 7.25], "texture": "#0"}
			}
		},
		{
			"from": [5.23408, 9.31191, 0.872],
			"to": [9.36832, 10.9656, 2.5257],
			"rotation": {"angle": -22.5, "axis": "z", "origin": [7.30275, 14.12877, 1.6383]},
			"faces": {
				"north": {"uv": [1, 9, 2.25, 9.5], "texture": "#0"},
				"east": {"uv": [2.25, 6, 2.75, 6.5], "texture": "#0"},
				"south": {"uv": [2.25, 9, 3.5, 9.5], "texture": "#0"},
				"west": {"uv": [2.75, 6, 3.25, 6.5], "texture": "#0"},
				"up": {"uv": [4.75, 9.5, 3.5, 9], "texture": "#0"},
				"down": {"uv": [6, 9, 4.75, 9.5], "texture": "#0"}
			}
		},
		{
			"from": [-1.58726, 16.29987, 0.45858],
			"to": [0.68658, 24.36164, 2.93912],
			"rotation": {"angle": 22.5, "axis": "z", "origin": [7.30275, 14.12877, 1.6383]},
			"faces": {
				"north": {"uv": [4, 2.5, 4.75, 5], "texture": "#0"},
				"east": {"uv": [3.25, 4, 4, 6.5], "texture": "#0"},
				"south": {"uv": [4.75, 2.5, 5.5, 5], "texture": "#0"},
				"west": {"uv": [0, 5, 0.75, 7.5], "texture": "#0"},
				"up": {"uv": [10.25, 1.25, 9.5, 0.5], "texture": "#0"},
				"down": {"uv": [1.5, 9.5, 0.75, 10.25], "texture": "#0"}
			}
		},
		{
			"from": [-1.58726, 16.29987, 1.28542],
			"to": [0.89329, 24.56835, 2.11227],
			"rotation": {"angle": 22.5, "axis": "z", "origin": [7.30275, 14.12877, 1.6383]},
			"faces": {
				"north": {"uv": [0.75, 5, 1.5, 7.5], "texture": "#0"},
				"east": {"uv": [6, 9, 6.25, 11.5], "texture": "#0"},
				"south": {"uv": [1.5, 5, 2.25, 7.5], "texture": "#0"},
				"west": {"uv": [6.25, 9, 6.5, 11.5], "texture": "#0"},
				"up": {"uv": [6.75, 5.75, 6, 5.5], "texture": "#0"},
				"down": {"uv": [7.5, 5.5, 6.75, 5.75], "texture": "#0"}
			}
		},
		{
			"from": [-10.34606, 13.13533, 1.07871],
			"to": [-3.93798, 15.20245, 2.31898],
			"rotation": {"angle": -22.5, "axis": "z", "origin": [7.30275, 14.12877, 1.6383]},
			"faces": {
				"north": {"uv": [4, 5, 6, 5.75], "texture": "#0"},
				"east": {"uv": [1, 8.25, 1.5, 9], "texture": "#0"},
				"south": {"uv": [5.5, 2.5, 7.5, 3.25], "texture": "#0"},
				"west": {"uv": [1.5, 9.5, 2, 10.25], "texture": "#0"},
				"up": {"uv": [9.5, 3, 7.5, 2.5], "texture": "#0"},
				"down": {"uv": [9.5, 3, 7.5, 3.5], "texture": "#0"}
			}
		},
		{
			"from": [-14.75321, 13.15266, 1.49214],
			"to": [-1.52364, 16.46005, 1.49214],
			"rotation": {"angle": 0, "axis": "y", "origin": [7.30275, 14.12877, 1.6383]},
			"faces": {
				"north": {"uv": [0, 0, 4, 1], "texture": "#0"},
				"east": {"uv": [0, 0, 0, 1], "texture": "#0"},
				"south": {"uv": [4, 0, 0, 1], "texture": "#0"},
				"west": {"uv": [0, 0, 0, 1], "texture": "#0"},
				"up": {"uv": [4, 0, 0, 0], "texture": "#0"},
				"down": {"uv": [4, 0, 0, 0], "texture": "#0"}
			}
		},
		{
			"from": [-11.50943, 14.23275, 1.49214],
			"to": [-0.76041, 17.54014, 1.49214],
			"rotation": {"angle": 22.5, "axis": "z", "origin": [7.30275, 14.12877, 1.6383]},
			"faces": {
				"north": {"uv": [0, 4, 3.25, 5], "texture": "#0"},
				"east": {"uv": [0, 0, 0, 1], "texture": "#0"},
				"south": {"uv": [3.25, 4, 0, 5], "texture": "#0"},
				"west": {"uv": [0, 0, 0, 1], "texture": "#0"},
				"up": {"uv": [3.25, 0, 0, 0], "texture": "#0"},
				"down": {"uv": [3.25, 0, 0, 0], "texture": "#0"}
			}
		},
		{
			"from": [-7.33337, 15.10708, 1.49214],
			"to": [1.76195, 17.58762, 1.49214],
			"rotation": {"angle": 45, "axis": "z", "origin": [7.30275, 14.12877, 1.6383]},
			"faces": {
				"north": {"uv": [4, 1, 6.75, 1.75], "texture": "#0"},
				"east": {"uv": [0, 0, 0, 0.75], "texture": "#0"},
				"south": {"uv": [6.75, 1, 4, 1.75], "texture": "#0"},
				"west": {"uv": [0, 0, 0, 0.75], "texture": "#0"},
				"up": {"uv": [2.75, 0, 0, 0], "texture": "#0"},
				"down": {"uv": [2.75, 0, 0, 0], "texture": "#0"}
			}
		},
		{
			"from": [-15.52762, 11.48163, 1.49214],
			"to": [-2.29806, 14.78902, 1.49214],
			"rotation": {"angle": -22.5, "axis": "z", "origin": [7.30275, 14.12877, 1.6383]},
			"faces": {
				"north": {"uv": [0, 2, 4, 3], "texture": "#0"},
				"east": {"uv": [0, 0, 0, 1], "texture": "#0"},
				"south": {"uv": [4, 2, 0, 3], "texture": "#0"},
				"west": {"uv": [0, 0, 0, 1], "texture": "#0"},
				"up": {"uv": [4, 0, 0, 0], "texture": "#0"},
				"down": {"uv": [4, 0, 0, 0], "texture": "#0"}
			}
		},
		{
			"from": [-8.51691, 15.3728, 1.07871],
			"to": [-2.72898, 17.43992, 2.31898],
			"rotation": {"angle": 0, "axis": "y", "origin": [7.30275, 14.12877, 1.6383]},
			"faces": {
				"north": {"uv": [4, 6.5, 5.75, 7.25], "texture": "#0"},
				"east": {"uv": [2, 9.5, 2.5, 10.25], "texture": "#0"},
				"south": {"uv": [5.75, 6.5, 7.5, 7.25], "texture": "#0"},
				"west": {"uv": [2.5, 9.5, 3, 10.25], "texture": "#0"},
				"up": {"uv": [10.25, 6, 8.5, 5.5], "texture": "#0"},
				"down": {"uv": [10.25, 6, 8.5, 6.5], "texture": "#0"}
			}
		},
		{
			"from": [-6.24993, 16.00753, 1.07871],
			"to": [0.15815, 18.07465, 2.31898],
			"rotation": {"angle": 22.5, "axis": "z", "origin": [7.30275, 14.12877, 1.6383]},
			"faces": {
				"north": {"uv": [5.5, 3.25, 7.5, 4], "texture": "#0"},
				"east": {"uv": [9.5, 2.5, 10, 3.25], "texture": "#0"},
				"south": {"uv": [5.5, 4, 7.5, 4.75], "texture": "#0"},
				"west": {"uv": [3, 9.5, 3.5, 10.25], "texture": "#0"},
				"up": {"uv": [9.5, 4, 7.5, 3.5], "texture": "#0"},
				"down": {"uv": [9.5, 4, 7.5, 4.5], "texture": "#0"}
			}
		},
		{
			"from": [-3.23861, 16.46142, 1.07871],
			"to": [1.51577, 18.52854, 2.31898],
			"rotation": {"angle": 45, "axis": "z", "origin": [7.30275, 14.12877, 1.6383]},
			"faces": {
				"north": {"uv": [4, 7.25, 5.5, 8], "texture": "#0"},
				"east": {"uv": [9.5, 3.25, 10, 4], "texture": "#0"},
				"south": {"uv": [5.5, 7.25, 7, 8], "texture": "#0"},
				"west": {"uv": [3.5, 9.5, 4, 10.25], "texture": "#0"},
				"up": {"uv": [10.25, 5.5, 8.75, 5], "texture": "#0"},
				"down": {"uv": [10.25, 6.5, 8.75, 7], "texture": "#0"}
			}
		},
		{
			"from": [-9.51921, 12.92862, 0.872],
			"to": [-3.93798, 15.40916, 2.5257],
			"rotation": {"angle": -22.5, "axis": "z", "origin": [7.30275, 14.12877, 1.6383]},
			"faces": {
				"north": {"uv": [6.75, 1, 8.5, 1.75], "texture": "#0"},
				"east": {"uv": [4, 9.5, 4.5, 10.25], "texture": "#0"},
				"south": {"uv": [6.75, 1.75, 8.5, 2.5], "texture": "#0"},
				"west": {"uv": [4.5, 9.5, 5, 10.25], "texture": "#0"},
				"up": {"uv": [10.25, 7.75, 8.5, 7.25], "texture": "#0"},
				"down": {"uv": [10.25, 7.75, 8.5, 8.25], "texture": "#0"}
			}
		},
		{
			"from": [-7.69007, 15.16609, 0.872],
			"to": [-2.72898, 17.64664, 2.5257],
			"rotation": {"angle": 0, "axis": "y", "origin": [7.30275, 14.12877, 1.6383]},
			"faces": {
				"north": {"uv": [7, 7.25, 8.5, 8], "texture": "#0"},
				"east": {"uv": [5, 9.5, 5.5, 10.25], "texture": "#0"},
				"south": {"uv": [0, 7.5, 1.5, 8.25], "texture": "#0"},
				"west": {"uv": [5.5, 9.5, 6, 10.25], "texture": "#0"},
				"up": {"uv": [10, 9.25, 8.5, 8.75], "texture": "#0"},
				"down": {"uv": [10.5, 0, 9, 0.5], "texture": "#0"}
			}
		},
		{
			"from": [-5.42308, 15.80082, 0.872],
			"to": [0.15815, 18.28136, 2.5257],
			"rotation": {"angle": 22.5, "axis": "z", "origin": [7.30275, 14.12877, 1.6383]},
			"faces": {
				"north": {"uv": [7.25, 0, 9, 0.75], "texture": "#0"},
				"east": {"uv": [6.5, 9.5, 7, 10.25], "texture": "#0"},
				"south": {"uv": [2.25, 7.25, 4, 8], "texture": "#0"},
				"west": {"uv": [7, 9.5, 7.5, 10.25], "texture": "#0"},
				"up": {"uv": [10.25, 8.75, 8.5, 8.25], "texture": "#0"},
				"down": {"uv": [10.5, 4.5, 8.75, 5], "texture": "#0"}
			}
		},
		{
			"from": [-2.41176, 16.25471, 0.872],
			"to": [1.51577, 18.73526, 2.5257],
			"rotation": {"angle": 45, "axis": "z", "origin": [7.30275, 14.12877, 1.6383]},
			"faces": {
				"north": {"uv": [7.5, 6.5, 8.75, 7.25], "texture": "#0"},
				"east": {"uv": [9.75, 1.25, 10.25, 2], "texture": "#0"},
				"south": {"uv": [8.5, 1.75, 9.75, 2.5], "texture": "#0"},
				"west": {"uv": [7.5, 9.75, 8, 10.5], "texture": "#0"},
				"up": {"uv": [7.75, 9.5, 6.5, 9], "texture": "#0"},
				"down": {"uv": [9, 9.25, 7.75, 9.75], "texture": "#0"}
			}
		},
		{
			"from": [-2.00068, 14.92381, 0.04515],
			"to": [1.1, 18.02449, 3.35254],
			"rotation": {"angle": 22.5, "axis": "z", "origin": [7.30275, 14.12877, 1.6383]},
			"faces": {
				"north": {"uv": [2.25, 5, 3.25, 6], "texture": "#0"},
				"east": {"uv": [7.5, 5.5, 8.5, 6.5], "texture": "#0"},
				"south": {"uv": [7.75, 4.5, 8.75, 5.5], "texture": "#0"},
				"west": {"uv": [1.5, 8, 2.5, 9], "texture": "#0"},
				"up": {"uv": [3.5, 9, 2.5, 8], "texture": "#0"},
				"down": {"uv": [4.5, 8, 3.5, 9], "texture": "#0"}
			}
		},
		{
			"from": [13.5055, 14.92381, 0.04515],
			"to": [16.60618, 18.02449, 3.35254],
			"rotation": {"angle": -22.5, "axis": "z", "origin": [7.30275, 14.12877, 1.6383]},
			"faces": {
				"north": {"uv": [3.25, 5, 2.25, 6], "texture": "#0"},
				"east": {"uv": [2.5, 8, 1.5, 9], "texture": "#0"},
				"south": {"uv": [8.75, 4.5, 7.75, 5.5], "texture": "#0"},
				"west": {"uv": [8.5, 5.5, 7.5, 6.5], "texture": "#0"},
				"up": {"uv": [2.5, 9, 3.5, 8], "texture": "#0"},
				"down": {"uv": [3.5, 8, 4.5, 9], "texture": "#0"}
			}
		},
		{
			"from": [9.37143, 9.31191, 0.66529],
			"to": [15.15936, 11.79245, 2.73241],
			"rotation": {"angle": 22.5, "axis": "z", "origin": [7.30275, 14.12877, 1.6383]},
			"faces": {
				"north": {"uv": [5.75, 5.75, 4, 6.5], "texture": "#0"},
				"east": {"uv": [9.75, 9.25, 9, 10], "texture": "#0"},
				"south": {"uv": [7.5, 5.75, 5.75, 6.5], "texture": "#0"},
				"west": {"uv": [0.75, 9.25, 0, 10], "texture": "#0"},
				"up": {"uv": [6, 5.5, 7.75, 4.75], "texture": "#0"},
				"down": {"uv": [2.25, 6.5, 4, 7.25], "texture": "#0"}
			}
		},
		{
			"from": [5.23719, 9.31191, 0.872],
			"to": [9.37143, 10.9656, 2.5257],
			"rotation": {"angle": 22.5, "axis": "z", "origin": [7.30275, 14.12877, 1.6383]},
			"faces": {
				"north": {"uv": [2.25, 9, 1, 9.5], "texture": "#0"},
				"east": {"uv": [3.25, 6, 2.75, 6.5], "texture": "#0"},
				"south": {"uv": [3.5, 9, 2.25, 9.5], "texture": "#0"},
				"west": {"uv": [2.75, 6, 2.25, 6.5], "texture": "#0"},
				"up": {"uv": [3.5, 9.5, 4.75, 9], "texture": "#0"},
				"down": {"uv": [4.75, 9, 6, 9.5], "texture": "#0"}
			}
		},
		{
			"from": [13.91893, 16.29987, 0.45858],
			"to": [16.19276, 24.36164, 2.93912],
			"rotation": {"angle": -22.5, "axis": "z", "origin": [7.30275, 14.12877, 1.6383]},
			"faces": {
				"north": {"uv": [4.75, 2.5, 4, 5], "texture": "#0"},
				"east": {"uv": [0.75, 5, 0, 7.5], "texture": "#0"},
				"south": {"uv": [5.5, 2.5, 4.75, 5], "texture": "#0"},
				"west": {"uv": [4, 4, 3.25, 6.5], "texture": "#0"},
				"up": {"uv": [9.5, 1.25, 10.25, 0.5], "texture": "#0"},
				"down": {"uv": [0.75, 9.5, 1.5, 10.25], "texture": "#0"}
			}
		},
		{
			"from": [13.71222, 16.29987, 1.28542],
			"to": [16.19276, 24.56835, 2.11227],
			"rotation": {"angle": -22.5, "axis": "z", "origin": [7.30275, 14.12877, 1.6383]},
			"faces": {
				"north": {"uv": [1.5, 5, 0.75, 7.5], "texture": "#0"},
				"east": {"uv": [6.5, 9, 6.25, 11.5], "texture": "#0"},
				"south": {"uv": [2.25, 5, 1.5, 7.5], "texture": "#0"},
				"west": {"uv": [6.25, 9, 6, 11.5], "texture": "#0"},
				"up": {"uv": [6, 5.75, 6.75, 5.5], "texture": "#0"},
				"down": {"uv": [6.75, 5.5, 7.5, 5.75], "texture": "#0"}
			}
		},
		{
			"from": [18.54349, 13.13533, 1.07871],
			"to": [24.95156, 15.20245, 2.31898],
			"rotation": {"angle": 22.5, "axis": "z", "origin": [7.30275, 14.12877, 1.6383]},
			"faces": {
				"north": {"uv": [6, 5, 4, 5.75], "texture": "#0"},
				"east": {"uv": [2, 9.5, 1.5, 10.25], "texture": "#0"},
				"south": {"uv": [7.5, 2.5, 5.5, 3.25], "texture": "#0"},
				"west": {"uv": [1.5, 8.25, 1, 9], "texture": "#0"},
				"up": {"uv": [7.5, 3, 9.5, 2.5], "texture": "#0"},
				"down": {"uv": [7.5, 3, 9.5, 3.5], "texture": "#0"}
			}
		},
		{
			"from": [16.12914, 13.15266, 1.49214],
			"to": [29.35871, 16.46005, 1.49214],
			"rotation": {"angle": 0, "axis": "y", "origin": [7.30275, 14.12877, 1.6383]},
			"faces": {
				"north": {"uv": [4, 0, 0, 1], "texture": "#0"},
				"east": {"uv": [0, 0, 0, 1], "texture": "#0"},
				"south": {"uv": [0, 0, 4, 1], "texture": "#0"},
				"west": {"uv": [0, 0, 0, 1], "texture": "#0"},
				"up": {"uv": [0, 0, 4, 0], "texture": "#0"},
				"down": {"uv": [0, 0, 4, 0], "texture": "#0"}
			}
		},
		{
			"from": [15.36591, 14.23275, 1.49214],
			"to": [26.11494, 17.54014, 1.49214],
			"rotation": {"angle": -22.5, "axis": "z", "origin": [7.30275, 14.12877, 1.6383]},
			"faces": {
				"north": {"uv": [3.25, 4, 0, 5], "texture": "#0"},
				"east": {"uv": [0, 0, 0, 1], "texture": "#0"},
				"south": {"uv": [0, 4, 3.25, 5], "texture": "#0"},
				"west": {"uv": [0, 0, 0, 1], "texture": "#0"},
				"up": {"uv": [0, 0, 3.25, 0], "texture": "#0"},
				"down": {"uv": [0, 0, 3.25, 0], "texture": "#0"}
			}
		},
		{
			"from": [12.84355, 15.10708, 1.49214],
			"to": [21.93888, 17.58762, 1.49214],
			"rotation": {"angle": -45, "axis": "z", "origin": [7.30275, 14.12877, 1.6383]},
			"faces": {
				"north": {"uv": [6.75, 1, 4, 1.75], "texture": "#0"},
				"east": {"uv": [0, 0, 0, 0.75], "texture": "#0"},
				"south": {"uv": [4, 1, 6.75, 1.75], "texture": "#0"},
				"west": {"uv": [0, 0, 0, 0.75], "texture": "#0"},
				"up": {"uv": [0, 0, 2.75, 0], "texture": "#0"},
				"down": {"uv": [0, 0, 2.75, 0], "texture": "#0"}
			}
		},
		{
			"from": [16.83567, 11.48163, 1.49214],
			"to": [30.06524, 14.78902, 1.49214],
			"rotation": {"angle": 22.5, "axis": "z", "origin": [7.30275, 14.12877, 1.6383]},
			"faces": {
				"north": {"uv": [4, 2, 0, 3], "texture": "#0"},
				"east": {"uv": [0, 0, 0, 1], "texture": "#0"},
				"south": {"uv": [0, 2, 4, 3], "texture": "#0"},
				"west": {"uv": [0, 0, 0, 1], "texture": "#0"},
				"up": {"uv": [0, 0, 4, 0], "texture": "#0"},
				"down": {"uv": [0, 0, 4, 0], "texture": "#0"}
			}
		},
		{
			"from": [17.33448, 15.3728, 1.07871],
			"to": [23.12242, 17.43992, 2.31898],
			"rotation": {"angle": 0, "axis": "y", "origin": [7.30275, 14.12877, 1.6383]},
			"faces": {
				"north": {"uv": [5.75, 6.5, 4, 7.25], "texture": "#0"},
				"east": {"uv": [3, 9.5, 2.5, 10.25], "texture": "#0"},
				"south": {"uv": [7.5, 6.5, 5.75, 7.25], "texture": "#0"},
				"west": {"uv": [2.5, 9.5, 2, 10.25], "texture": "#0"},
				"up": {"uv": [8.5, 6, 10.25, 5.5], "texture": "#0"},
				"down": {"uv": [8.5, 6, 10.25, 6.5], "texture": "#0"}
			}
		},
		{
			"from": [14.44736, 16.00753, 1.07871],
			"to": [20.85543, 18.07465, 2.31898],
			"rotation": {"angle": -22.5, "axis": "z", "origin": [7.30275, 14.12877, 1.6383]},
			"faces": {
				"north": {"uv": [7.5, 3.25, 5.5, 4], "texture": "#0"},
				"east": {"uv": [3.5, 9.5, 3, 10.25], "texture": "#0"},
				"south": {"uv": [7.5, 4, 5.5, 4.75], "texture": "#0"},
				"west": {"uv": [10, 2.5, 9.5, 3.25], "texture": "#0"},
				"up": {"uv": [7.5, 4, 9.5, 3.5], "texture": "#0"},
				"down": {"uv": [7.5, 4, 9.5, 4.5], "texture": "#0"}
			}
		},
		{
			"from": [13.08973, 16.46142, 1.07871],
			"to": [17.84411, 18.52854, 2.31898],
			"rotation": {"angle": -45, "axis": "z", "origin": [7.30275, 14.12877, 1.6383]},
			"faces": {
				"north": {"uv": [5.5, 7.25, 4, 8], "texture": "#0"},
				"east": {"uv": [4, 9.5, 3.5, 10.25], "texture": "#0"},
				"south": {"uv": [7, 7.25, 5.5, 8], "texture": "#0"},
				"west": {"uv": [10, 3.25, 9.5, 4], "texture": "#0"},
				"up": {"uv": [8.75, 5.5, 10.25, 5], "texture": "#0"},
				"down": {"uv": [8.75, 6.5, 10.25, 7], "texture": "#0"}
			}
		},
		{
			"from": [18.54349, 12.92862, 0.872],
			"to": [24.12471, 15.40916, 2.5257],
			"rotation": {"angle": 22.5, "axis": "z", "origin": [7.30275, 14.12877, 1.6383]},
			"faces": {
				"north": {"uv": [8.5, 1, 6.75, 1.75], "texture": "#0"},
				"east": {"uv": [5, 9.5, 4.5, 10.25], "texture": "#0"},
				"south": {"uv": [8.5, 1.75, 6.75, 2.5], "texture": "#0"},
				"west": {"uv": [4.5, 9.5, 4, 10.25], "texture": "#0"},
				"up": {"uv": [8.5, 7.75, 10.25, 7.25], "texture": "#0"},
				"down": {"uv": [8.5, 7.75, 10.25, 8.25], "texture": "#0"}
			}
		},
		{
			"from": [17.33448, 15.16609, 0.872],
			"to": [22.29557, 17.64664, 2.5257],
			"rotation": {"angle": 0, "axis": "y", "origin": [7.30275, 14.12877, 1.6383]},
			"faces": {
				"north": {"uv": [8.5, 7.25, 7, 8], "texture": "#0"},
				"east": {"uv": [6, 9.5, 5.5, 10.25], "texture": "#0"},
				"south": {"uv": [1.5, 7.5, 0, 8.25], "texture": "#0"},
				"west": {"uv": [5.5, 9.5, 5, 10.25], "texture": "#0"},
				"up": {"uv": [8.5, 9.25, 10, 8.75], "texture": "#0"},
				"down": {"uv": [9, 0, 10.5, 0.5], "texture": "#0"}
			}
		},
		{
			"from": [14.44736, 15.80082, 0.872],
			"to": [20.02858, 18.28136, 2.5257],
			"rotation": {"angle": -22.5, "axis": "z", "origin": [7.30275, 14.12877, 1.6383]},
			"faces": {
				"north": {"uv": [9, 0, 7.25, 0.75], "texture": "#0"},
				"east": {"uv": [7.5, 9.5, 7, 10.25], "texture": "#0"},
				"south": {"uv": [4, 7.25, 2.25, 8], "texture": "#0"},
				"west": {"uv": [7, 9.5, 6.5, 10.25], "texture": "#0"},
				"up": {"uv": [8.5, 8.75, 10.25, 8.25], "texture": "#0"},
				"down": {"uv": [8.75, 4.5, 10.5, 5], "texture": "#0"}
			}
		},
		{
			"from": [13.08973, 16.25471, 0.872],
			"to": [17.01726, 18.73526, 2.5257],
			"rotation": {"angle": -45, "axis": "z", "origin": [7.30275, 14.12877, 1.6383]},
			"faces": {
				"north": {"uv": [8.75, 6.5, 7.5, 7.25], "texture": "#0"},
				"east": {"uv": [8, 9.75, 7.5, 10.5], "texture": "#0"},
				"south": {"uv": [9.75, 1.75, 8.5, 2.5], "texture": "#0"},
				"west": {"uv": [10.25, 1.25, 9.75, 2], "texture": "#0"},
				"up": {"uv": [6.5, 9.5, 7.75, 9], "texture": "#0"},
				"down": {"uv": [7.75, 9.25, 9, 9.75], "texture": "#0"}
			}
		},
		{
			"from": [5.78509, 7.29389, 0.13077],
			"to": [9.09249, 10.60128, 3.43816],
			"rotation": {"angle": 0, "axis": "y", "origin": [7.30275, 14.12877, 1.6383]},
			"faces": {
				"north": {"uv": [4.5, 8, 5.5, 9], "texture": "#0"},
				"east": {"uv": [5.5, 8, 6.5, 9], "texture": "#0"},
				"south": {"uv": [6.5, 8, 7.5, 9], "texture": "#0"},
				"west": {"uv": [7.5, 8, 8.5, 9], "texture": "#0"},
				"up": {"uv": [1, 9.25, 0, 8.25], "texture": "#0"},
				"down": {"uv": [9.5, 0.75, 8.5, 1.75], "texture": "#0"}
			}
		}
	],
	"display": {
		"thirdperson_righthand": {
			"rotation": [90, 90, 0],
			"translation": [5.5, -1.5, -0.25]
		},
		"thirdperson_lefthand": {
			"rotation": [90, 90, 0],
			"translation": [6.25, -1.5, -1]
		},
		"firstperson_righthand": {
			"rotation": [38.82, -62.29, -61.21],
			"translation": [-4.75, 2.25, -5.5]
		},
		"firstperson_lefthand": {
			"rotation": [38.82, -62.29, -61.21],
			"translation": [-4.75, 2.25, -5.5]
		},
		"ground": {
			"translation": [-2.75, 0, 7.5]
		},
		"gui": {
			"rotation": [1.6, -6.84, -0.55],
			"translation": [0, -3.5, 0],
			"scale": [0.40359, 0.53, 0.09]
		},
		"head": {
			"translation": [1, -48, 11.5],
			"scale": [2.06445, 2.06445, 1]
		},
		"fixed": {
			"translation": [0.5, 0, 11.25],
			"scale": [2.63281, 2.62891, 2.36719]
		}
	},
	"groups": [
		{
			"name": "bone",
			"origin": [9, 8, 3],
			"color": 0,
			"children": [0, 1, 2, 3, 4, 5, 6, 7, 8, 9, 10, 11, 12, 13, 14, 15, 16, 17, 18, 19, 20, 21, 22, 23, 24, 25, 26, 27, 28, 29, 30, 31, 32, 33, 34]
		}
	]
}