{
	"credit": "Made with Blockbench",
	"parent": "nocsy_warrior_belt",
	"texture_size": [64, 64],
	"textures": {
		"2": "mccosmetics:cosmetics/nocsy_warrior_belt",
		"particle": "mccosmetics:cosmetics/nocsy_warrior_belt"
	},
	"elements": [
		{
			"from": [3.5, 0, 5.5],
			"to": [12.5, 2, 10.5],
			"rotation": {"angle": 0, "axis": "y", "origin": [5, 0.5, 9]},
			"faces": {
				"north": {"uv": [0, 3, 2.25, 3.5], "texture": "#2"},
				"east": {"uv": [0, 4.5, 1.25, 5], "texture": "#2"},
				"south": {"uv": [0, 3.75, 2.25, 4.25], "texture": "#2"},
				"west": {"uv": [4.5, 1.5, 5.75, 2], "texture": "#2"},
				"up": {"uv": [2.25, 1.25, 0, 0], "texture": "#2"},
				"down": {"uv": [2.25, 1.5, 0, 2.75], "texture": "#2"}
			}
		},
		{
			"from": [11, -0.61144, 8.55764],
			"to": [14, 2.38856, 11.55764],
			"rotation": {"angle": -22.5, "axis": "z", "origin": [12.47322, 1.92006, 10.06987]},
			"faces": {
				"north": {"uv": [1.5, 4.5, 2.25, 5.25], "texture": "#2"},
				"east": {"uv": [4.5, 2.25, 5.25, 3], "texture": "#2"},
				"south": {"uv": [4.5, 3.25, 5.25, 4], "texture": "#2"},
				"west": {"uv": [4.5, 4.25, 5.25, 5], "texture": "#2"},
				"up": {"uv": [3.25, 5.75, 2.5, 5], "texture": "#2"},
				"down": {"uv": [0.75, 5.25, 0, 6], "texture": "#2"}
			}
		},
		{
			"from": [11.5, 2.18856, 9.05764],
			"to": [13.5, 3.18856, 11.05764],
			"rotation": {"angle": -22.5, "axis": "z", "origin": [12.47322, 1.92006, 10.06987]},
			"faces": {
				"north": {"uv": [6, 7.5, 6.5, 7.75], "texture": "#2"},
				"east": {"uv": [6.75, 7.5, 7.25, 7.75], "texture": "#2"},
				"south": {"uv": [7.5, 7.5, 8, 7.75], "texture": "#2"},
				"west": {"uv": [7.75, 3.75, 8.25, 4], "texture": "#2"},
				"up": {"uv": [7, 5, 6.5, 4.5], "texture": "#2"},
				"down": {"uv": [7.25, 1, 6.75, 1.5], "texture": "#2"}
			}
		},
		{
			"from": [13.12483, 2.63453, 9.5759],
			"to": [13.92483, 3.43453, 10.3759],
			"rotation": {"angle": 22.5, "axis": "z", "origin": [12.57322, 2.24506, 10.06987]},
			"faces": {
				"north": {"uv": [6.5, 5.25, 6.75, 5.5], "rotation": 270, "texture": "#2"},
				"east": {"uv": [8, 7, 7.75, 6.75], "rotation": 90, "texture": "#2"},
				"south": {"uv": [7.75, 5.75, 8, 6], "rotation": 90, "texture": "#2"},
				"west": {"uv": [0.25, 8, 0, 8.25], "rotation": 90, "texture": "#2"},
				"up": {"uv": [7.75, 6.25, 8, 6.5], "rotation": 90, "texture": "#2"},
				"down": {"uv": [6.75, 4, 7, 4.25], "rotation": 90, "texture": "#2"}
			}
		},
		{
			"from": [11.4, -0.82475, 4.67123],
			"to": [13.4, 2.17525, 6.67123],
			"rotation": {"angle": -22.5, "axis": "x", "origin": [12.4, 2.17525, 5.67123]},
			"faces": {
				"north": {"uv": [6, 2.5, 6.5, 3.25], "texture": "#2"},
				"east": {"uv": [6, 3.5, 6.5, 4.25], "texture": "#2"},
				"south": {"uv": [0, 6.25, 0.5, 7], "texture": "#2"},
				"west": {"uv": [4.5, 6.25, 5, 7], "texture": "#2"},
				"up": {"uv": [7.25, 2.25, 6.75, 1.75], "texture": "#2"},
				"down": {"uv": [7.25, 2.5, 6.75, 3], "texture": "#2"}
			}
		},
		{
			"from": [11.8, 2.07525, 5.07123],
			"to": [13, 3.27525, 6.27123],
			"rotation": {"angle": -22.5, "axis": "x", "origin": [12.4, 2.17525, 5.67123]},
			"faces": {
				"north": {"uv": [8, 0, 8.25, 0.25], "texture": "#2"},
				"east": {"uv": [0.5, 8, 0.75, 8.25], "texture": "#2"},
				"south": {"uv": [8, 0.5, 8.25, 0.75], "texture": "#2"},
				"west": {"uv": [1, 8, 1.25, 8.25], "texture": "#2"},
				"up": {"uv": [8.25, 1.25, 8, 1], "texture": "#2"},
				"down": {"uv": [8.25, 1.5, 8, 1.75], "texture": "#2"}
			}
		},
		{
			"from": [11.5, 3.27525, 4.77123],
			"to": [13.3, 4.07525, 6.57123],
			"rotation": {"angle": -22.5, "axis": "x", "origin": [12.4, 2.17525, 5.67123]},
			"faces": {
				"north": {"uv": [7.75, 4.25, 8.25, 4.5], "texture": "#2"},
				"east": {"uv": [7.75, 4.75, 8.25, 5], "texture": "#2"},
				"south": {"uv": [5.25, 7.75, 5.75, 8], "texture": "#2"},
				"west": {"uv": [7.75, 5.25, 8.25, 5.5], "texture": "#2"},
				"up": {"uv": [7.25, 3.75, 6.75, 3.25], "texture": "#2"},
				"down": {"uv": [6.75, 6.75, 6.25, 7.25], "texture": "#2"}
			}
		},
		{
			"from": [2.5, 1.5, 7],
			"to": [3.5, 5.5, 9],
			"rotation": {"angle": -22.5, "axis": "x", "origin": [1.5, 1, 8]},
			"faces": {
				"north": {"uv": [5.75, 0, 6, 1], "texture": "#2"},
				"east": {"uv": [5.5, 5.75, 6, 6.75], "texture": "#2"},
				"south": {"uv": [6, 1.25, 6.25, 2.25], "texture": "#2"},
				"west": {"uv": [2.5, 6, 3, 7], "texture": "#2"},
				"up": {"uv": [5.75, 7.5, 5.25, 7], "texture": "#2"},
				"down": {"uv": [7.5, 5.25, 7, 5.75], "texture": "#2"}
			}
		},
		{
			"from": [1.95, 4.45, 6.95],
			"to": [4.05, 6.55, 9.05],
			"rotation": {"angle": -22.5, "axis": "x", "origin": [1.5, 1, 8]},
			"faces": {
				"north": {"uv": [7, 6, 7.5, 6.5], "texture": "#2"},
				"east": {"uv": [7, 6.75, 7.5, 7.25], "texture": "#2"},
				"south": {"uv": [0, 7.25, 0.5, 7.75], "texture": "#2"},
				"west": {"uv": [7.25, 0, 7.75, 0.5], "texture": "#2"},
				"up": {"uv": [1.25, 7.75, 0.75, 7.25], "texture": "#2"},
				"down": {"uv": [3, 7.25, 2.5, 7.75], "texture": "#2"}
			}
		},
		{
			"from": [2, 0.22836, 5.64805],
			"to": [4, 2.22836, 12.64805],
			"rotation": {"angle": -22.5, "axis": "x", "origin": [3, -1.77164, 9.14805]},
			"faces": {
				"north": {"uv": [3.25, 7.25, 3.75, 7.75], "texture": "#2"},
				"east": {"uv": [3.75, 0, 5.5, 0.5], "texture": "#2"},
				"south": {"uv": [4, 7.25, 4.5, 7.75], "texture": "#2"},
				"west": {"uv": [3.75, 0.75, 5.5, 1.25], "texture": "#2"},
				"up": {"uv": [4.25, 3.25, 3.75, 1.5], "texture": "#2"},
				"down": {"uv": [4.25, 3.5, 3.75, 5.25], "texture": "#2"}
			}
		},
		{
			"from": [2.51, -8.2144, 9.82572],
			"to": [3.49, -5.4094, 12.63072],
			"rotation": {"angle": 22.5, "axis": "x", "origin": [3, -6.8994, 11.14072]},
			"faces": {
				"north": {"uv": [4.75, 7.25, 5, 8], "texture": "#2"},
				"east": {"uv": [4.5, 5.25, 5.25, 6], "texture": "#2"},
				"south": {"uv": [7.5, 0.75, 7.75, 1.5], "texture": "#2"},
				"west": {"uv": [1, 5.5, 1.75, 6.25], "texture": "#2"},
				"up": {"uv": [7.75, 2.5, 7.5, 1.75], "texture": "#2"},
				"down": {"uv": [7.75, 2.75, 7.5, 3.5], "texture": "#2"}
			}
		},
		{
			"from": [2.5, -7.5, 6],
			"to": [3.5, 1.5, 10],
			"rotation": {"angle": -22.5, "axis": "x", "origin": [1.5, 1, 8]},
			"faces": {
				"north": {"uv": [2, 5.5, 2.25, 7.75], "texture": "#2"},
				"east": {"uv": [2.5, 0, 3.5, 2.25], "texture": "#2"},
				"south": {"uv": [5.5, 2.25, 5.75, 4.5], "texture": "#2"},
				"west": {"uv": [2.5, 2.5, 3.5, 4.75], "texture": "#2"},
				"up": {"uv": [1.75, 8.25, 1.5, 7.25], "texture": "#2"},
				"down": {"uv": [7.5, 4, 7.25, 5], "texture": "#2"}
			}
		},
		{
			"from": [6.5, -0.5, 4.8],
			"to": [9.5, 2.5, 6.8],
			"rotation": {"angle": 0, "axis": "y", "origin": [8, 0.5, 9]},
			"faces": {
				"north": {"uv": [3.5, 5.5, 4.25, 6.25], "texture": "#2"},
				"east": {"uv": [6.25, 5.75, 6.75, 6.5], "texture": "#2"},
				"south": {"uv": [5.5, 4.75, 6.25, 5.5], "texture": "#2"},
				"west": {"uv": [6.5, 0, 7, 0.75], "texture": "#2"},
				"up": {"uv": [1.5, 7, 0.75, 6.5], "texture": "#2"},
				"down": {"uv": [4, 6.5, 3.25, 7], "texture": "#2"}
			}
		}
	],
	"display": {
		"head": {
			"translation": [0, -45, 0],
			"scale": [1.66, 1.66, 1.66]
		}
	},
	"groups": [
		{
			"name": "belt",
			"origin": [8, 8, 8],
			"color": 0,
			"children": [
				0,
				{
					"name": "purse",
					"origin": [5, 0.5, 9],
					"color": 0,
					"children": [1, 2, 3]
				},
				{
					"name": "bottle_back",
					"origin": [13, 1, 6.5],
					"color": 0,
					"children": [4, 5, 6]
				},
				{
					"name": "sword",
					"origin": [1.5, 1, 8],
					"color": 0,
					"children": [7, 8, 9, 10, 11]
				},
				12
			]
		}
	]
}