
{
	"credit": "Made with Blockbench",
	"parent": "nocsy_propeller_beanie",
	"texture_size": [64, 64],
	"textures": {
		"2": "mccosmetics:cosmetics/nocsy_propeller_beanie",
		"particle": "mccosmetics:cosmetics/nocsy_propeller_beanie"
	},
	"elements": [
		{
			"from": [3.5, 6, 3.5],
			"to": [12.5, 9, 12.5],
			"rotation": {"angle": 0, "axis": "y", "origin": [11.5, 0, 6.5]},
			"faces": {
				"north": {"uv": [2.5, 2.5, 4.75, 3.25], "texture": "#2"},
				"east": {"uv": [2.5, 3.5, 4.75, 4.25], "texture": "#2"},
				"south": {"uv": [2.5, 4.5, 4.75, 5.25], "texture": "#2"},
				"west": {"uv": [0, 5, 2.25, 5.75], "texture": "#2"},
				"up": {"uv": [2.25, 2.25, 0, 0], "texture": "#2"},
				"down": {"uv": [2.25, 2.5, 0, 4.75], "texture": "#2"}
			}
		},
		{
			"from": [3.5, 4.26136, 0.1643],
			"to": [12.5, 4.26136, 4.1643],
			"rotation": {"angle": -22.5, "axis": "x", "origin": [8, 3.46136, -0.5357]},
			"faces": {
				"north": {"uv": [6.5, 6, 8.75, 6], "texture": "#2"},
				"east": {"uv": [0.5, 6.75, 1.5, 6.75], "texture": "#2"},
				"south": {"uv": [6.75, 0.5, 9, 0.5], "texture": "#2"},
				"west": {"uv": [6.75, 0.75, 7.75, 0.75], "texture": "#2"},
				"up": {"uv": [4.75, 1, 2.5, 0], "texture": "#2"},
				"down": {"uv": [4.75, 1.25, 2.5, 2.25], "texture": "#2"}
			}
		},
		{
			"from": [6.5, 9, 6.5],
			"to": [9.5, 10, 9.5],
			"rotation": {"angle": 0, "axis": "x", "origin": [8, 11, 8]},
			"faces": {
				"north": {"uv": [5.75, 6.25, 6.5, 6.5], "texture": "#2"},
				"east": {"uv": [2.25, 6.5, 3, 6.75], "texture": "#2"},
				"south": {"uv": [6.5, 5, 7.25, 5.25], "texture": "#2"},
				"west": {"uv": [6.5, 5.5, 7.25, 5.75], "texture": "#2"},
				"up": {"uv": [5.75, 5.75, 5, 5], "texture": "#2"},
				"down": {"uv": [3.25, 5.5, 2.5, 6.25], "texture": "#2"}
			}
		},
		{
			"from": [7, 11.8, 7],
			"to": [9, 13.8, 9],
			"rotation": {"angle": 0, "axis": "x", "origin": [8.5, 10.8, 8.5]},
			"faces": {
				"north": {"uv": [3.5, 5.5, 4, 6], "texture": "#2"},
				"east": {"uv": [4.25, 5.5, 4.75, 6], "texture": "#2"},
				"south": {"uv": [0, 6, 0.5, 6.5], "texture": "#2"},
				"west": {"uv": [0.75, 6, 1.25, 6.5], "texture": "#2"},
				"up": {"uv": [2, 6.5, 1.5, 6], "texture": "#2"},
				"down": {"uv": [5.5, 6, 5, 6.5], "texture": "#2"}
			}
		},
		{
			"from": [9, 10.8, 8],
			"to": [15, 14.8, 8],
			"rotation": {"angle": 45, "axis": "x", "origin": [12, 12.8, 8]},
			"faces": {
				"north": {"uv": [5, 0, 6.5, 1], "texture": "#2"},
				"east": {"uv": [3.25, 6.5, 3.25, 7.5], "texture": "#2"},
				"south": {"uv": [5, 1.25, 6.5, 2.25], "texture": "#2"},
				"west": {"uv": [6.75, 1, 6.75, 2], "texture": "#2"},
				"up": {"uv": [8.25, 2.25, 6.75, 2.25], "texture": "#2"},
				"down": {"uv": [8.25, 2.5, 6.75, 2.5], "texture": "#2"}
			}
		},
		{
			"from": [1, 10.8, 8],
			"to": [7, 14.8, 8],
			"rotation": {"angle": -45, "axis": "x", "origin": [4, 12.8, 8]},
			"faces": {
				"north": {"uv": [5, 2.5, 6.5, 3.5], "texture": "#2"},
				"east": {"uv": [1.75, 6.75, 1.75, 7.75], "texture": "#2"},
				"south": {"uv": [5, 3.75, 6.5, 4.75], "texture": "#2"},
				"west": {"uv": [2, 6.75, 2, 7.75], "texture": "#2"},
				"up": {"uv": [8.25, 2.75, 6.75, 2.75], "texture": "#2"},
				"down": {"uv": [8.25, 3, 6.75, 3], "texture": "#2"}
			}
		},
		{
			"from": [7.29289, 9.3, 7],
			"to": [8.29289, 13.3, 8],
			"rotation": {"angle": -45, "axis": "y", "origin": [7.29289, 11.4, 8]},
			"faces": {
				"north": {"uv": [6, 5, 6.25, 6], "texture": "#2"},
				"east": {"uv": [3.5, 6.25, 3.75, 7.25], "texture": "#2"},
				"south": {"uv": [4, 6.25, 4.25, 7.25], "texture": "#2"},
				"west": {"uv": [4.5, 6.25, 4.75, 7.25], "texture": "#2"},
				"up": {"uv": [0.25, 7, 0, 6.75], "texture": "#2"},
				"down": {"uv": [7, 0, 6.75, 0.25], "texture": "#2"}
			}
		}
	],
	"display": {
		"head": {
			"rotation": [7.75, 0, 0],
			"translation": [0, 6.75, 0.25],
			"scale": [1.76, 1.76, 1.76]
		}
	},
	"groups": [
		{
			"name": "propeller_beanie",
			"origin": [8, 8, 8],
			"color": 0,
			"children": [0, 1, 2, 3, 4, 5, 6]
		}
	]
}