{
	"credit": "Made with Blockbench",
	"parent": "nocsy_pirate_hat",
	"texture_size": [64, 64],
	"textures": {
		"0": "mccosmetics:cosmetics/nocsy_pirate_hat",
		"particle": "mccosmetics:cosmetics/nocsy_pirate_hat"
	},
	"elements": [
		{
			"from": [3.5, 6, 3.5],
			"to": [12.5, 10, 12.5],
			"rotation": {"angle": 0, "axis": "y", "origin": [7.5, -2, 6.5]},
			"faces": {
				"north": {"uv": [2.5, 3, 4.75, 4], "texture": "#0"},
				"east": {"uv": [2.5, 4.25, 4.75, 5.25], "texture": "#0"},
				"south": {"uv": [0, 5, 2.25, 6], "texture": "#0"},
				"west": {"uv": [4.75, 4.25, 2.5, 5.25], "texture": "#0"},
				"up": {"uv": [2.25, 2.25, 0, 0], "texture": "#0"},
				"down": {"uv": [2.25, 2.5, 0, 4.75], "texture": "#0"}
			}
		},
		{
			"from": [2.73835, 6.9556, 1.49492],
			"to": [2.73835, 11.9556, 10.49492],
			"rotation": {"angle": -45, "axis": "y", "origin": [3.53835, 12.2056, 6.69492]},
			"faces": {
				"north": {"uv": [2.5, 3, 4.75, 4], "texture": "#0"},
				"east": {"uv": [0, 8, 2.25, 9.25], "texture": "#0"},
				"south": {"uv": [0, 5, 2.25, 6], "texture": "#0"},
				"west": {"uv": [2.25, 8, 0, 9.25], "texture": "#0"},
				"up": {"uv": [2.25, 2.25, 0, 0], "texture": "#0"},
				"down": {"uv": [2.25, 2.5, 0, 4.75], "texture": "#0"}
			}
		},
		{
			"from": [2.73835, 11.9556, 1.49492],
			"to": [2.73835, 15.9556, 10.49492],
			"rotation": {"angle": -45, "axis": "y", "origin": [3.53835, 12.2056, 6.69492]},
			"faces": {
				"north": {"uv": [2.5, 3, 4.75, 4], "texture": "#0"},
				"east": {"uv": [7.75, 0.25, 10, 1.25], "texture": "#0"},
				"south": {"uv": [0, 5, 2.25, 6], "texture": "#0"},
				"west": {"uv": [10, 0.25, 7.75, 1.25], "texture": "#0"},
				"up": {"uv": [2.25, 2.25, 0, 0], "texture": "#0"},
				"down": {"uv": [2.25, 2.5, 0, 4.75], "texture": "#0"}
			}
		},
		{
			"from": [2.39209, 7.56983, 3.5],
			"to": [2.39209, 9.56983, 12.5],
			"rotation": {"angle": 22.5, "axis": "z", "origin": [6.89209, 9.56983, 8]},
			"faces": {
				"north": {"uv": [2.5, 7.25, 2.5, 7.75], "texture": "#0"},
				"east": {"uv": [4.75, 6.5, 2.5, 7], "texture": "#0"},
				"south": {"uv": [2.75, 7.25, 2.75, 7.75], "texture": "#0"},
				"west": {"uv": [2.5, 6.5, 4.75, 7], "texture": "#0"},
				"up": {"uv": [3, 9.5, 3, 7.25], "texture": "#0"},
				"down": {"uv": [3.25, 7.25, 3.25, 9.5], "texture": "#0"}
			}
		},
		{
			"from": [2.73463, 7.84776, 3.5],
			"to": [2.73463, 11.84776, 12.5],
			"rotation": {"angle": 0, "axis": "z", "origin": [2.73463, 8.84776, 8]},
			"faces": {
				"north": {"uv": [3.5, 7.25, 3.5, 8.25], "texture": "#0"},
				"east": {"uv": [7.25, 2.5, 5, 3.5], "texture": "#0"},
				"south": {"uv": [3.75, 7.25, 3.75, 8.25], "texture": "#0"},
				"west": {"uv": [5, 2.5, 7.25, 3.5], "texture": "#0"},
				"up": {"uv": [4, 9.5, 4, 7.25], "texture": "#0"},
				"down": {"uv": [4.25, 7.25, 4.25, 9.5], "texture": "#0"}
			}
		},
		{
			"from": [13.26537, 7.84776, 3.5],
			"to": [13.26537, 11.84776, 12.5],
			"rotation": {"angle": 0, "axis": "z", "origin": [13.26537, 8.84776, 8]},
			"faces": {
				"north": {"uv": [3.5, 7.25, 3.5, 8.25], "texture": "#0"},
				"east": {"uv": [7.25, 2.5, 5, 3.5], "texture": "#0"},
				"south": {"uv": [3.75, 7.25, 3.75, 8.25], "texture": "#0"},
				"west": {"uv": [5, 2.5, 7.25, 3.5], "texture": "#0"},
				"up": {"uv": [4, 9.5, 4, 7.25], "texture": "#0"},
				"down": {"uv": [4.25, 7.25, 4.25, 9.5], "texture": "#0"}
			}
		},
		{
			"from": [13.60791, 7.56983, 3.5],
			"to": [13.60791, 9.56983, 12.5],
			"rotation": {"angle": -22.5, "axis": "z", "origin": [9.10791, 9.56983, 8]},
			"faces": {
				"north": {"uv": [2.5, 7.25, 2.5, 7.75], "texture": "#0"},
				"east": {"uv": [4.75, 6.5, 2.5, 7], "texture": "#0"},
				"south": {"uv": [2.75, 7.25, 2.75, 7.75], "texture": "#0"},
				"west": {"uv": [2.5, 6.5, 4.75, 7], "texture": "#0"},
				"up": {"uv": [3, 9.5, 3, 7.25], "texture": "#0"},
				"down": {"uv": [3.25, 7.25, 3.25, 9.5], "texture": "#0"}
			}
		},
		{
			"from": [3.5, 7.56983, 2.39209],
			"to": [12.5, 10.56983, 2.39209],
			"rotation": {"angle": -22.5, "axis": "x", "origin": [8.5, 9.56983, 6.89209]},
			"faces": {
				"north": {"uv": [2.5, 5.5, 4.75, 6.25], "texture": "#0"},
				"east": {"uv": [7.75, 2.5, 7.75, 3.25], "texture": "#0"},
				"south": {"uv": [4.75, 5.5, 2.5, 6.25], "texture": "#0"},
				"west": {"uv": [7.75, 3.5, 7.75, 4.25], "texture": "#0"},
				"up": {"uv": [10, 4.5, 7.75, 4.5], "texture": "#0"},
				"down": {"uv": [10, 4.75, 7.75, 4.75], "texture": "#0"}
			}
		},
		{
			"from": [3.5, 8.77164, 2.35195],
			"to": [12.5, 13.77164, 2.35195],
			"rotation": {"angle": 0, "axis": "x", "origin": [8.5, 10.27164, 2.35195]},
			"faces": {
				"north": {"uv": [4.75, 1.5, 2.5, 2.75], "texture": "#0"},
				"east": {"uv": [5, 7.75, 5, 9], "texture": "#0"},
				"south": {"uv": [2.5, 1.5, 4.75, 2.75], "texture": "#0"},
				"west": {"uv": [7.75, 5, 7.75, 6.25], "texture": "#0"},
				"up": {"uv": [10, 6.5, 7.75, 6.5], "texture": "#0"},
				"down": {"uv": [10, 6.75, 7.75, 6.75], "texture": "#0"}
			}
		}
	],
	"display": {
		"head": {
			"rotation": [0, 0, 7.75],
			"translation": [-0.25, 5.25, 0],
			"scale": [1.7, 1.7, 1.7]
		}
	},
	"groups": [
		{
			"name": "hat",
			"origin": [8, 8, 8],
			"color": 0,
			"children": [0, 1, 2, 3, 4, 5, 6, 7, 8]
		}
	]
}