{
	"credit": "Made with Blockbench",
	"texture_size": [64, 64],
	"textures": {
		"0": "mccosmetics:cosmetics/toffy_goobis",
		"particle": "mccosmetics:cosmetics/toffy_goobis"
	},
	"elements": [
		{
			"from": [4, 10, 4],
			"to": [12, 18, 12],
			"rotation": {"angle": 0, "axis": "y", "origin": [19, 18, 12]},
			"faces": {
				"north": {"uv": [0, 0, 2, 2], "texture": "#0"},
				"east": {"uv": [0, 2, 2, 4], "texture": "#0"},
				"south": {"uv": [2, 2, 4, 4], "texture": "#0"},
				"west": {"uv": [2, 0, 4, 2], "texture": "#0"},
				"up": {"uv": [2, 6, 0, 4], "texture": "#0"},
				"down": {"uv": [4, 4, 2, 6], "texture": "#0"}
			}
		},
		{
			"from": [6.5, 15, 3.5],
			"to": [9.5, 18, 4.5],
			"rotation": {"angle": 0, "axis": "y", "origin": [18.5, 18, 11.5]},
			"faces": {
				"north": {"uv": [11.5, 8, 12.25, 8.75], "texture": "#0"},
				"east": {"uv": [9.75, 13.5, 10, 14.25], "texture": "#0"},
				"south": {"uv": [1.5, 11.75, 2.25, 12.5], "texture": "#0"},
				"west": {"uv": [12.75, 13.5, 13, 14.25], "texture": "#0"},
				"up": {"uv": [14.25, 8.5, 13.5, 8.25], "texture": "#0"},
				"down": {"uv": [14.25, 8.5, 13.5, 8.75], "texture": "#0"}
			}
		},
		{
			"from": [6, 17.5, 4.05],
			"to": [10, 18.5, 8.05],
			"rotation": {"angle": 0, "axis": "y", "origin": [19, 18.5, 12.05]},
			"faces": {
				"north": {"uv": [13.25, 2.5, 14.25, 2.75], "texture": "#0"},
				"east": {"uv": [13.25, 2.75, 14.25, 3], "texture": "#0"},
				"south": {"uv": [13.25, 3, 14.25, 3.25], "texture": "#0"},
				"west": {"uv": [13.25, 3.25, 14.25, 3.5], "texture": "#0"},
				"up": {"uv": [10, 10.5, 9, 9.5], "texture": "#0"},
				"down": {"uv": [10.5, 6, 9.5, 7], "texture": "#0"}
			}
		},
		{
			"from": [4.5, 2, 12],
			"to": [11.5, 9, 15],
			"rotation": {"angle": -45, "axis": "z", "origin": [18.5, 10, 16]},
			"faces": {
				"north": {"uv": [4, 4, 5.75, 5.75], "texture": "#0"},
				"east": {"uv": [5.75, 0, 6.5, 1.75], "texture": "#0"},
				"south": {"uv": [4, 0, 5.75, 1.75], "texture": "#0"},
				"west": {"uv": [5.75, 4, 6.5, 5.75], "texture": "#0"},
				"up": {"uv": [10.25, 9.5, 8.5, 8.75], "texture": "#0"},
				"down": {"uv": [10.5, 3.75, 8.75, 4.5], "texture": "#0"}
			}
		},
		{
			"from": [2.6, 6, 8.025],
			"to": [7.6, 11, 9.025],
			"rotation": {"angle": -45, "axis": "z", "origin": [18.6, 10, 10.025]},
			"faces": {
				"north": {"uv": [7.5, 3.75, 8.75, 5], "texture": "#0"},
				"east": {"uv": [11.5, 12.75, 11.75, 14], "texture": "#0"},
				"south": {"uv": [7.5, 5, 8.75, 6.25], "texture": "#0"},
				"west": {"uv": [9, 13, 9.25, 14.25], "texture": "#0"},
				"up": {"uv": [10.75, 8.25, 9.5, 8], "texture": "#0"},
				"down": {"uv": [13.5, 5, 12.25, 5.25], "texture": "#0"}
			}
		},
		{
			"from": [6, 11, -5],
			"to": [10, 13, 4],
			"rotation": {"angle": 0, "axis": "y", "origin": [15, 21, 11]},
			"faces": {
				"north": {"uv": [11.5, 9.5, 12.5, 10], "texture": "#0"},
				"east": {"uv": [8.75, 5.5, 11, 6], "texture": "#0"},
				"south": {"uv": [5, 11.75, 6, 12.25], "texture": "#0"},
				"west": {"uv": [9, 2, 11.25, 2.5], "texture": "#0"},
				"up": {"uv": [7.5, 8.75, 6.5, 6.5], "texture": "#0"},
				"down": {"uv": [7.5, 0, 6.5, 2.25], "texture": "#0"}
			}
		},
		{
			"from": [7, 12, -6],
			"to": [9, 13, -5],
			"rotation": {"angle": 0, "axis": "y", "origin": [15, 21, 8]},
			"faces": {
				"north": {"uv": [13.5, 9.75, 14, 10], "texture": "#0"},
				"east": {"uv": [10.25, 3.5, 10.5, 3.75], "texture": "#0"},
				"south": {"uv": [13.5, 10, 14, 10.25], "texture": "#0"},
				"west": {"uv": [5, 11.5, 5.25, 11.75], "texture": "#0"},
				"up": {"uv": [14, 10.5, 13.5, 10.25], "texture": "#0"},
				"down": {"uv": [14, 10.5, 13.5, 10.75], "texture": "#0"}
			}
		},
		{
			"from": [3.025, 12, 3],
			"to": [5.025, 13, 8],
			"rotation": {"angle": 0, "axis": "y", "origin": [11.025, 21, 12]},
			"faces": {
				"north": {"uv": [10.25, 8.75, 10.75, 9], "texture": "#0"},
				"east": {"uv": [7.5, 7.25, 8.75, 7.5], "texture": "#0"},
				"south": {"uv": [10.75, 10.5, 11.25, 10.75], "texture": "#0"},
				"west": {"uv": [9, 3.5, 10.25, 3.75], "texture": "#0"},
				"up": {"uv": [4.5, 12.25, 4, 11], "texture": "#0"},
				"down": {"uv": [10.5, 11, 10, 12.25], "texture": "#0"}
			}
		},
		{
			"from": [10.975, 12, 3],
			"to": [12.975, 13, 8],
			"rotation": {"angle": 0, "axis": "y", "origin": [4.975, 21, 12]},
			"faces": {
				"north": {"uv": [13.75, 13.5, 14.25, 13.75], "texture": "#0"},
				"east": {"uv": [12.75, 7, 14, 7.25], "texture": "#0"},
				"south": {"uv": [1.5, 14, 2, 14.25], "texture": "#0"},
				"west": {"uv": [12.75, 11.75, 14, 12], "texture": "#0"},
				"up": {"uv": [1, 12.75, 0.5, 11.5], "texture": "#0"},
				"down": {"uv": [5, 11.5, 4.5, 12.75], "texture": "#0"}
			}
		},
		{
			"from": [3.025, 13, 4],
			"to": [4.025, 14, 7],
			"rotation": {"angle": 0, "axis": "y", "origin": [11.025, 22, 11]},
			"faces": {
				"north": {"uv": [2.5, 14, 2.75, 14.25], "texture": "#0"},
				"east": {"uv": [13.25, 4, 14, 4.25], "texture": "#0"},
				"south": {"uv": [5.5, 14, 5.75, 14.25], "texture": "#0"},
				"west": {"uv": [13.25, 4.25, 14, 4.5], "texture": "#0"},
				"up": {"uv": [6.75, 14, 6.5, 13.25], "texture": "#0"},
				"down": {"uv": [13.5, 5.5, 13.25, 6.25], "texture": "#0"}
			}
		},
		{
			"from": [11.975, 13, 4],
			"to": [12.975, 14, 7],
			"rotation": {"angle": 0, "axis": "y", "origin": [4.975, 22, 11]},
			"faces": {
				"north": {"uv": [10.75, 14, 11, 14.25], "texture": "#0"},
				"east": {"uv": [13.25, 8, 14, 8.25], "texture": "#0"},
				"south": {"uv": [11, 14, 11.25, 14.25], "texture": "#0"},
				"west": {"uv": [13.25, 11, 14, 11.25], "texture": "#0"},
				"up": {"uv": [13.5, 13, 13.25, 12.25], "texture": "#0"},
				"down": {"uv": [0.5, 13.5, 0.25, 14.25], "texture": "#0"}
			}
		},
		{
			"from": [1.31911, 12.025, 4.45042],
			"to": [3.31911, 13.025, 5.45042],
			"rotation": {"angle": -22.5, "axis": "y", "origin": [8.31911, 21.025, 8.45042]},
			"faces": {
				"north": {"uv": [13.5, 8.75, 14, 9], "texture": "#0"},
				"east": {"uv": [8.75, 6, 9, 6.25], "texture": "#0"},
				"south": {"uv": [13.5, 9, 14, 9.25], "texture": "#0"},
				"west": {"uv": [8.75, 7.25, 9, 7.5], "texture": "#0"},
				"up": {"uv": [14, 9.5, 13.5, 9.25], "texture": "#0"},
				"down": {"uv": [14, 9.5, 13.5, 9.75], "texture": "#0"}
			}
		},
		{
			"from": [12.68089, 12.025, 4.45042],
			"to": [14.68089, 13.025, 5.45042],
			"rotation": {"angle": 22.5, "axis": "y", "origin": [7.68089, 21.025, 8.45042]},
			"faces": {
				"north": {"uv": [13.75, 12, 14.25, 12.25], "texture": "#0"},
				"east": {"uv": [14, 4, 14.25, 4.25], "texture": "#0"},
				"south": {"uv": [13.75, 12.25, 14.25, 12.5], "texture": "#0"},
				"west": {"uv": [14, 4.25, 14.25, 4.5], "texture": "#0"},
				"up": {"uv": [14.25, 12.75, 13.75, 12.5], "texture": "#0"},
				"down": {"uv": [14.25, 13.25, 13.75, 13.5], "texture": "#0"}
			}
		},
		{
			"from": [-0.78889, 12, 3.14719],
			"to": [2.21111, 13, 6.14719],
			"rotation": {"angle": -45, "axis": "y", "origin": [6.21111, 21, 9.14719]},
			"faces": {
				"north": {"uv": [13.25, 11.25, 14, 11.5], "texture": "#0"},
				"east": {"uv": [13.25, 11.5, 14, 11.75], "texture": "#0"},
				"south": {"uv": [13.25, 13, 14, 13.25], "texture": "#0"},
				"west": {"uv": [13.5, 1.5, 14.25, 1.75], "texture": "#0"},
				"up": {"uv": [7, 12.25, 6.25, 11.5], "texture": "#0"},
				"down": {"uv": [7.75, 11.5, 7, 12.25], "texture": "#0"}
			}
		},
		{
			"from": [13.78889, 12, 3.14719],
			"to": [16.78889, 13, 6.14719],
			"rotation": {"angle": 45, "axis": "y", "origin": [9.78889, 21, 9.14719]},
			"faces": {
				"north": {"uv": [13.5, 6.75, 14.25, 7], "texture": "#0"},
				"east": {"uv": [13.5, 7.25, 14.25, 7.5], "texture": "#0"},
				"south": {"uv": [13.5, 7.5, 14.25, 7.75], "texture": "#0"},
				"west": {"uv": [13.5, 7.75, 14.25, 8], "texture": "#0"},
				"up": {"uv": [8.5, 12.25, 7.75, 11.5], "texture": "#0"},
				"down": {"uv": [12.25, 4.5, 11.5, 5.25], "texture": "#0"}
			}
		},
		{
			"from": [14.78889, 11, 4.14719],
			"to": [16.78889, 12, 7.14719],
			"rotation": {"angle": 45, "axis": "y", "origin": [9.78889, 20, 10.14719]},
			"faces": {
				"north": {"uv": [13.75, 1, 14.25, 1.25], "texture": "#0"},
				"east": {"uv": [13.5, 5.75, 14.25, 6], "texture": "#0"},
				"south": {"uv": [13.75, 1.25, 14.25, 1.5], "texture": "#0"},
				"west": {"uv": [13.5, 6, 14.25, 6.25], "texture": "#0"},
				"up": {"uv": [13.25, 7, 12.75, 6.25], "texture": "#0"},
				"down": {"uv": [13.25, 7.5, 12.75, 8.25], "texture": "#0"}
			}
		},
		{
			"from": [-0.78889, 11.025, 4.14719],
			"to": [1.21111, 12.025, 7.14719],
			"rotation": {"angle": -45, "axis": "y", "origin": [6.21111, 20.025, 10.14719]},
			"faces": {
				"north": {"uv": [13.75, 2, 14.25, 2.25], "texture": "#0"},
				"east": {"uv": [13.5, 6.25, 14.25, 6.5], "texture": "#0"},
				"south": {"uv": [13.75, 2.25, 14.25, 2.5], "texture": "#0"},
				"west": {"uv": [13.5, 6.5, 14.25, 6.75], "texture": "#0"},
				"up": {"uv": [13.25, 9.75, 12.75, 9], "texture": "#0"},
				"down": {"uv": [13.25, 9.75, 12.75, 10.5], "texture": "#0"}
			}
		},
		{
			"from": [3, 11, 3],
			"to": [5, 12, 6],
			"rotation": {"angle": 0, "axis": "y", "origin": [11, 20, 11]},
			"faces": {
				"north": {"uv": [11.75, 7, 12.25, 7.25], "texture": "#0"},
				"east": {"uv": [13.25, 3.5, 14, 3.75], "texture": "#0"},
				"south": {"uv": [12.25, 8.5, 12.75, 8.75], "texture": "#0"},
				"west": {"uv": [13.25, 3.75, 14, 4], "texture": "#0"},
				"up": {"uv": [12.75, 7.25, 12.25, 6.5], "texture": "#0"},
				"down": {"uv": [1.5, 12.5, 1, 13.25], "texture": "#0"}
			}
		},
		{
			"from": [3, 13.37638, 1.94689],
			"to": [5, 14.37638, 4.94689],
			"rotation": {"angle": -22.5, "axis": "x", "origin": [11, 22.37638, 9.94689]},
			"faces": {
				"north": {"uv": [13.75, 0, 14.25, 0.25], "texture": "#0"},
				"east": {"uv": [13.5, 1.75, 14.25, 2], "texture": "#0"},
				"south": {"uv": [13.75, 0.25, 14.25, 0.5], "texture": "#0"},
				"west": {"uv": [13.5, 5, 14.25, 5.25], "texture": "#0"},
				"up": {"uv": [13.25, 13.5, 12.75, 12.75], "texture": "#0"},
				"down": {"uv": [13.25, 0, 12.75, 0.75], "texture": "#0"}
			}
		},
		{
			"from": [11, 13.37638, 1.94689],
			"to": [13, 14.37638, 4.94689],
			"rotation": {"angle": -22.5, "axis": "x", "origin": [5, 22.37638, 9.94689]},
			"faces": {
				"north": {"uv": [13.75, 0.5, 14.25, 0.75], "texture": "#0"},
				"east": {"uv": [13.5, 5.25, 14.25, 5.5], "texture": "#0"},
				"south": {"uv": [13.75, 0.75, 14.25, 1], "texture": "#0"},
				"west": {"uv": [13.5, 5.5, 14.25, 5.75], "texture": "#0"},
				"up": {"uv": [13.25, 1.5, 12.75, 0.75], "texture": "#0"},
				"down": {"uv": [13.25, 5.5, 12.75, 6.25], "texture": "#0"}
			}
		},
		{
			"from": [10.975, 11.025, 3.025],
			"to": [12.975, 12.025, 6.025],
			"rotation": {"angle": 0, "axis": "y", "origin": [4.975, 20.025, 11.025]},
			"faces": {
				"north": {"uv": [13.5, 10.75, 14, 11], "texture": "#0"},
				"east": {"uv": [13.25, 4.5, 14, 4.75], "texture": "#0"},
				"south": {"uv": [13.5, 12.75, 14, 13], "texture": "#0"},
				"west": {"uv": [13.25, 4.75, 14, 5], "texture": "#0"},
				"up": {"uv": [0.75, 13.5, 0.25, 12.75], "texture": "#0"},
				"down": {"uv": [3.25, 12.75, 2.75, 13.5], "texture": "#0"}
			}
		},
		{
			"from": [6, 10, -4],
			"to": [10, 11, 4],
			"rotation": {"angle": 0, "axis": "y", "origin": [15, 19, 11]},
			"faces": {
				"north": {"uv": [6.5, 6.25, 7.5, 6.5], "texture": "#0"},
				"east": {"uv": [11.5, 5.25, 13.5, 5.5], "texture": "#0"},
				"south": {"uv": [12.75, 12, 13.75, 12.25], "texture": "#0"},
				"west": {"uv": [11.5, 8.75, 13.5, 9], "texture": "#0"},
				"up": {"uv": [7.5, 4.25, 6.5, 2.25], "texture": "#0"},
				"down": {"uv": [7.5, 4.25, 6.5, 6.25], "texture": "#0"}
			}
		},
		{
			"from": [7, 8, -3],
			"to": [9, 10, -1],
			"rotation": {"angle": 0, "axis": "y", "origin": [15, 18, 11]},
			"faces": {
				"north": {"uv": [12.25, 13.25, 12.75, 13.75], "texture": "#0"},
				"east": {"uv": [13.25, 13.25, 13.75, 13.75], "texture": "#0"},
				"south": {"uv": [13.25, 0, 13.75, 0.5], "texture": "#0"},
				"west": {"uv": [13.25, 0.5, 13.75, 1], "texture": "#0"},
				"up": {"uv": [13.75, 1.5, 13.25, 1], "texture": "#0"},
				"down": {"uv": [13.75, 2, 13.25, 2.5], "texture": "#0"}
			}
		},
		{
			"from": [7.5, 6, -2.5],
			"to": [8.5, 8, -1.5],
			"rotation": {"angle": 0, "axis": "y", "origin": [15.5, 15, 10.5]},
			"faces": {
				"north": {"uv": [6, 13.75, 6.25, 14.25], "texture": "#0"},
				"east": {"uv": [8.25, 13.75, 8.5, 14.25], "texture": "#0"},
				"south": {"uv": [2, 14, 2.25, 14.5], "texture": "#0"},
				"west": {"uv": [2.25, 14, 2.5, 14.5], "texture": "#0"},
				"up": {"uv": [14.25, 4.75, 14, 4.5], "texture": "#0"},
				"down": {"uv": [14.25, 4.75, 14, 5], "texture": "#0"}
			}
		},
		{
			"from": [4, 13, 3],
			"to": [12, 15, 4],
			"rotation": {"angle": 0, "axis": "y", "origin": [15, 24, 11]},
			"faces": {
				"north": {"uv": [9, 2.5, 11, 3], "texture": "#0"},
				"east": {"uv": [5.25, 9, 5.5, 9.5], "texture": "#0"},
				"south": {"uv": [9, 3, 11, 3.5], "texture": "#0"},
				"west": {"uv": [4.5, 11, 4.75, 11.5], "texture": "#0"},
				"up": {"uv": [13.25, 7.5, 11.25, 7.25], "texture": "#0"},
				"down": {"uv": [13.25, 11, 11.25, 11.25], "texture": "#0"}
			}
		},
		{
			"from": [7.025, 14, -9.5],
			"to": [9.025, 16, -2.5],
			"rotation": {"angle": -45, "axis": "x", "origin": [15.025, 25, -0.5]},
			"faces": {
				"north": {"uv": [7.75, 13.25, 8.25, 13.75], "texture": "#0"},
				"east": {"uv": [9, 8.25, 10.75, 8.75], "texture": "#0"},
				"south": {"uv": [10, 13.25, 10.5, 13.75], "texture": "#0"},
				"west": {"uv": [9.5, 7, 11.25, 7.5], "texture": "#0"},
				"up": {"uv": [0.5, 11.5, 0, 9.75], "texture": "#0"},
				"down": {"uv": [1, 9.75, 0.5, 11.5], "texture": "#0"}
			}
		},
		{
			"from": [6.025, 14, -9.5],
			"to": [10.025, 16, -3.5],
			"rotation": {"angle": -45, "axis": "x", "origin": [15.025, 26, -0.5]},
			"faces": {
				"north": {"uv": [12.25, 3, 13.25, 3.5], "texture": "#0"},
				"east": {"uv": [10.75, 10, 12.25, 10.5], "texture": "#0"},
				"south": {"uv": [12.25, 4.5, 13.25, 5], "texture": "#0"},
				"west": {"uv": [11, 2.5, 12.5, 3], "texture": "#0"},
				"up": {"uv": [6.5, 9.5, 5.5, 8], "texture": "#0"},
				"down": {"uv": [4, 8.75, 3, 10.25], "texture": "#0"}
			}
		},
		{
			"from": [4.025, 14.975, -6.5],
			"to": [6.025, 15.975, -5.5],
			"rotation": {"angle": -45, "axis": "x", "origin": [11.025, 25.975, -0.5]},
			"faces": {
				"north": {"uv": [5.5, 13.75, 6, 14], "texture": "#0"},
				"east": {"uv": [13.75, 14, 14, 14.25], "texture": "#0"},
				"south": {"uv": [7.75, 13.75, 8.25, 14], "texture": "#0"},
				"west": {"uv": [14, 14, 14.25, 14.25], "texture": "#0"},
				"up": {"uv": [10.5, 14, 10, 13.75], "texture": "#0"},
				"down": {"uv": [11.25, 13.75, 10.75, 14], "texture": "#0"}
			}
		},
		{
			"from": [9.975, 14.975, -6.5],
			"to": [11.975, 15.975, -5.5],
			"rotation": {"angle": -45, "axis": "x", "origin": [15.975, 25.975, -0.5]},
			"faces": {
				"north": {"uv": [11.75, 13.75, 12.25, 14], "texture": "#0"},
				"east": {"uv": [14, 3.5, 14.25, 3.75], "texture": "#0"},
				"south": {"uv": [12.25, 13.75, 12.75, 14], "texture": "#0"},
				"west": {"uv": [14, 3.75, 14.25, 4], "texture": "#0"},
				"up": {"uv": [13.75, 14, 13.25, 13.75], "texture": "#0"},
				"down": {"uv": [14.25, 13.75, 13.75, 14], "texture": "#0"}
			}
		},
		{
			"from": [5, 22, 7],
			"to": [6, 28, 8],
			"rotation": {"angle": 0, "axis": "y", "origin": [13, 30, 13]},
			"faces": {
				"north": {"uv": [2.25, 12.5, 2.5, 14], "texture": "#0"},
				"east": {"uv": [2.5, 12.5, 2.75, 14], "texture": "#0"},
				"south": {"uv": [12.5, 9.5, 12.75, 11], "texture": "#0"},
				"west": {"uv": [0, 12.75, 0.25, 14.25], "texture": "#0"},
				"up": {"uv": [8, 14.25, 7.75, 14], "texture": "#0"},
				"down": {"uv": [8.25, 14, 8, 14.25], "texture": "#0"}
			}
		},
		{
			"from": [10, 22, 7],
			"to": [11, 28, 8],
			"rotation": {"angle": 0, "axis": "y", "origin": [3, 30, 13]},
			"faces": {
				"north": {"uv": [4.75, 12.75, 5, 14.25], "texture": "#0"},
				"east": {"uv": [8.5, 12.75, 8.75, 14.25], "texture": "#0"},
				"south": {"uv": [8.75, 12.75, 9, 14.25], "texture": "#0"},
				"west": {"uv": [11.25, 12.75, 11.5, 14.25], "texture": "#0"},
				"up": {"uv": [13.5, 14.25, 13.25, 14], "texture": "#0"},
				"down": {"uv": [13.75, 14, 13.5, 14.25], "texture": "#0"}
			}
		},
		{
			"from": [5, 18, 6],
			"to": [6, 22, 8],
			"rotation": {"angle": 0, "axis": "y", "origin": [13, 27, 13]},
			"faces": {
				"north": {"uv": [2.25, 10.25, 2.5, 11.25], "texture": "#0"},
				"east": {"uv": [8.5, 11.75, 9, 12.75], "texture": "#0"},
				"south": {"uv": [9.25, 13, 9.5, 14], "texture": "#0"},
				"west": {"uv": [11.25, 11.75, 11.75, 12.75], "texture": "#0"},
				"up": {"uv": [1.75, 11.75, 1.5, 11.25], "texture": "#0"},
				"down": {"uv": [3, 11.25, 2.75, 11.75], "texture": "#0"}
			}
		},
		{
			"from": [10, 18, 6],
			"to": [11, 22, 8],
			"rotation": {"angle": 0, "axis": "y", "origin": [3, 27, 13]},
			"faces": {
				"north": {"uv": [10.5, 13, 10.75, 14], "texture": "#0"},
				"east": {"uv": [7.75, 12.25, 8.25, 13.25], "texture": "#0"},
				"south": {"uv": [6.25, 13.25, 6.5, 14.25], "texture": "#0"},
				"west": {"uv": [10, 12.25, 10.5, 13.25], "texture": "#0"},
				"up": {"uv": [5.25, 14.25, 5, 13.75], "texture": "#0"},
				"down": {"uv": [5.5, 13.75, 5.25, 14.25], "texture": "#0"}
			}
		},
		{
			"from": [4, 18, 8],
			"to": [5, 26, 9],
			"rotation": {"angle": 0, "axis": "y", "origin": [12, 25, 15]},
			"faces": {
				"north": {"uv": [6.25, 9.5, 6.5, 11.5], "texture": "#0"},
				"east": {"uv": [10.5, 11, 10.75, 13], "texture": "#0"},
				"south": {"uv": [3.75, 11.75, 4, 13.75], "texture": "#0"},
				"west": {"uv": [6, 11.75, 6.25, 13.75], "texture": "#0"},
				"up": {"uv": [9.5, 14.25, 9.25, 14], "texture": "#0"},
				"down": {"uv": [10.25, 14, 10, 14.25], "texture": "#0"}
			}
		},
		{
			"from": [11, 18, 8],
			"to": [12, 26, 9],
			"rotation": {"angle": 0, "axis": "y", "origin": [4, 25, 15]},
			"faces": {
				"north": {"uv": [6.75, 12.25, 7, 14.25], "texture": "#0"},
				"east": {"uv": [7, 12.25, 7.25, 14.25], "texture": "#0"},
				"south": {"uv": [7.25, 12.25, 7.5, 14.25], "texture": "#0"},
				"west": {"uv": [7.5, 12.25, 7.75, 14.25], "texture": "#0"},
				"up": {"uv": [12.75, 14.25, 12.5, 14], "texture": "#0"},
				"down": {"uv": [13.25, 14, 13, 14.25], "texture": "#0"}
			}
		},
		{
			"from": [3, 16, 8],
			"to": [4, 22, 9],
			"rotation": {"angle": 0, "axis": "y", "origin": [11, 25, 15]},
			"faces": {
				"north": {"uv": [8.25, 12.25, 8.5, 13.75], "texture": "#0"},
				"east": {"uv": [1.5, 12.5, 1.75, 14], "texture": "#0"},
				"south": {"uv": [1.75, 12.5, 2, 14], "texture": "#0"},
				"west": {"uv": [2, 12.5, 2.25, 14], "texture": "#0"},
				"up": {"uv": [6, 14.25, 5.75, 14], "texture": "#0"},
				"down": {"uv": [6.75, 14, 6.5, 14.25], "texture": "#0"}
			}
		},
		{
			"from": [12, 16, 8],
			"to": [13, 22, 9],
			"rotation": {"angle": 0, "axis": "y", "origin": [5, 25, 15]},
			"faces": {
				"north": {"uv": [0.75, 12.75, 1, 14.25], "texture": "#0"},
				"east": {"uv": [3.25, 12.75, 3.5, 14.25], "texture": "#0"},
				"south": {"uv": [3.5, 12.75, 3.75, 14.25], "texture": "#0"},
				"west": {"uv": [4.5, 12.75, 4.75, 14.25], "texture": "#0"},
				"up": {"uv": [12.25, 14.25, 12, 14], "texture": "#0"},
				"down": {"uv": [12.5, 14, 12.25, 14.25], "texture": "#0"}
			}
		},
		{
			"from": [3, 17, 7],
			"to": [4, 20, 8],
			"rotation": {"angle": 0, "axis": "y", "origin": [11, 26, 13]},
			"faces": {
				"north": {"uv": [13.25, 6.25, 13.5, 7], "texture": "#0"},
				"east": {"uv": [13.25, 7.25, 13.5, 8], "texture": "#0"},
				"south": {"uv": [13.25, 9, 13.5, 9.75], "texture": "#0"},
				"west": {"uv": [13.25, 9.75, 13.5, 10.5], "texture": "#0"},
				"up": {"uv": [10.5, 14.25, 10.25, 14], "texture": "#0"},
				"down": {"uv": [10.75, 14, 10.5, 14.25], "texture": "#0"}
			}
		},
		{
			"from": [12, 17, 7],
			"to": [13, 20, 8],
			"rotation": {"angle": 0, "axis": "y", "origin": [5, 26, 13]},
			"faces": {
				"north": {"uv": [0.5, 13.5, 0.75, 14.25], "texture": "#0"},
				"east": {"uv": [2.75, 13.5, 3, 14.25], "texture": "#0"},
				"south": {"uv": [3, 13.5, 3.25, 14.25], "texture": "#0"},
				"west": {"uv": [9.5, 13.5, 9.75, 14.25], "texture": "#0"},
				"up": {"uv": [11.75, 14.25, 11.5, 14], "texture": "#0"},
				"down": {"uv": [12, 14, 11.75, 14.25], "texture": "#0"}
			}
		},
		{
			"from": [3, 15, 6],
			"to": [4, 17, 8],
			"rotation": {"angle": 0, "axis": "y", "origin": [11, 25, 13]},
			"faces": {
				"north": {"uv": [12.25, 10, 12.5, 10.5], "texture": "#0"},
				"east": {"uv": [12.75, 12.25, 13.25, 12.75], "texture": "#0"},
				"south": {"uv": [13, 13.5, 13.25, 14], "texture": "#0"},
				"west": {"uv": [9.5, 13, 10, 13.5], "texture": "#0"},
				"up": {"uv": [13.75, 12.75, 13.5, 12.25], "texture": "#0"},
				"down": {"uv": [1.25, 13.75, 1, 14.25], "texture": "#0"}
			}
		},
		{
			"from": [12, 15, 6],
			"to": [13, 17, 8],
			"rotation": {"angle": 0, "axis": "y", "origin": [5, 25, 13]},
			"faces": {
				"north": {"uv": [1.25, 13.75, 1.5, 14.25], "texture": "#0"},
				"east": {"uv": [5, 13.25, 5.5, 13.75], "texture": "#0"},
				"south": {"uv": [3.75, 13.75, 4, 14.25], "texture": "#0"},
				"west": {"uv": [5.5, 13.25, 6, 13.75], "texture": "#0"},
				"up": {"uv": [4.25, 14.25, 4, 13.75], "texture": "#0"},
				"down": {"uv": [4.5, 13.75, 4.25, 14.25], "texture": "#0"}
			}
		},
		{
			"from": [5.97654, 20.49099, 11.025],
			"to": [10.97654, 24.49099, 13.025],
			"rotation": {"angle": 22.5, "axis": "z", "origin": [16.97654, 15.49099, 20.025]},
			"faces": {
				"north": {"uv": [8.75, 4.5, 10, 5.5], "texture": "#0"},
				"east": {"uv": [5.5, 12.25, 6, 13.25], "texture": "#0"},
				"south": {"uv": [4, 9, 5.25, 10], "texture": "#0"},
				"west": {"uv": [6.25, 12.25, 6.75, 13.25], "texture": "#0"},
				"up": {"uv": [12.25, 8, 11, 7.5], "texture": "#0"},
				"down": {"uv": [12.5, 11.25, 11.25, 11.75], "texture": "#0"}
			}
		},
		{
			"from": [5.43535, 20.9498, 8.975],
			"to": [11.43535, 24.9498, 10.975],
			"rotation": {"angle": 22.5, "axis": "z", "origin": [16.43535, 14.9498, 17.975]},
			"faces": {
				"north": {"uv": [0, 8.75, 1.5, 9.75], "texture": "#0"},
				"east": {"uv": [4, 12.25, 4.5, 13.25], "texture": "#0"},
				"south": {"uv": [1.5, 8.75, 3, 9.75], "texture": "#0"},
				"west": {"uv": [5, 12.25, 5.5, 13.25], "texture": "#0"},
				"up": {"uv": [11.5, 10, 10, 9.5], "texture": "#0"},
				"down": {"uv": [11.75, 0, 10.25, 0.5], "texture": "#0"}
			}
		},
		{
			"from": [2.45, 5, 9],
			"to": [6.45, 16, 11],
			"rotation": {"angle": -22.5, "axis": "z", "origin": [12.45, 18, 18]},
			"faces": {
				"north": {"uv": [0, 6, 1, 8.75], "texture": "#0"},
				"east": {"uv": [6.5, 8.75, 7, 11.5], "texture": "#0"},
				"south": {"uv": [1, 6, 2, 8.75], "texture": "#0"},
				"west": {"uv": [7, 8.75, 7.5, 11.5], "texture": "#0"},
				"up": {"uv": [12.75, 12.25, 11.75, 11.75], "texture": "#0"},
				"down": {"uv": [12.75, 0, 11.75, 0.5], "texture": "#0"}
			}
		},
		{
			"from": [3.45, 7, 11],
			"to": [8.45, 16, 13],
			"rotation": {"angle": -22.5, "axis": "z", "origin": [12.45, 18, 20]},
			"faces": {
				"north": {"uv": [4, 1.75, 5.25, 4], "texture": "#0"},
				"east": {"uv": [9, 6, 9.5, 8.25], "texture": "#0"},
				"south": {"uv": [5.25, 1.75, 6.5, 4], "texture": "#0"},
				"west": {"uv": [5.25, 9.5, 5.75, 11.75], "texture": "#0"},
				"up": {"uv": [12.25, 3.5, 11, 3], "texture": "#0"},
				"down": {"uv": [12.25, 5.5, 11, 6], "texture": "#0"}
			}
		},
		{
			"from": [-0.21832, 10.03219, 10.975],
			"to": [5.78168, 15.03219, 12.975],
			"rotation": {"angle": 22.5, "axis": "z", "origin": [8.78168, 16.03219, 19.975]},
			"faces": {
				"north": {"uv": [7.5, 7.5, 9, 8.75], "texture": "#0"},
				"east": {"uv": [1, 11.25, 1.5, 12.5], "texture": "#0"},
				"south": {"uv": [7.5, 0, 9, 1.25], "texture": "#0"},
				"west": {"uv": [2.25, 11.25, 2.75, 12.5], "texture": "#0"},
				"up": {"uv": [11.75, 1, 10.25, 0.5], "texture": "#0"},
				"down": {"uv": [11.75, 1, 10.25, 1.5], "texture": "#0"}
			}
		},
		{
			"from": [-0.72946, 7.71196, 9.025],
			"to": [2.27054, 11.71196, 11.025],
			"rotation": {"angle": 22.5, "axis": "z", "origin": [9.27054, 12.71196, 18.025]},
			"faces": {
				"north": {"uv": [10, 4.5, 10.75, 5.5], "texture": "#0"},
				"east": {"uv": [9, 12, 9.5, 13], "texture": "#0"},
				"south": {"uv": [1, 10.25, 1.75, 11.25], "texture": "#0"},
				"west": {"uv": [9.5, 12, 10, 13], "texture": "#0"},
				"up": {"uv": [13.25, 4, 12.5, 3.5], "texture": "#0"},
				"down": {"uv": [13.25, 4, 12.5, 4.5], "texture": "#0"}
			}
		},
		{
			"from": [-5.39972, 12.59457, 8.975],
			"to": [-2.39972, 16.59457, 10.975],
			"rotation": {"angle": 45, "axis": "z", "origin": [4.60028, 17.59457, 17.975]},
			"faces": {
				"north": {"uv": [4, 10, 4.75, 11], "texture": "#0"},
				"east": {"uv": [11.75, 0.5, 12.25, 1.5], "texture": "#0"},
				"south": {"uv": [10, 10, 10.75, 11], "texture": "#0"},
				"west": {"uv": [11.75, 6, 12.25, 7], "texture": "#0"},
				"up": {"uv": [13.25, 2.5, 12.5, 2], "texture": "#0"},
				"down": {"uv": [13.25, 2.5, 12.5, 3], "texture": "#0"}
			}
		},
		{
			"from": [1.94516, -0.73427, 9],
			"to": [3.94516, 5.26573, 11],
			"rotation": {"angle": 0, "axis": "y", "origin": [11.94516, 5.26573, 18]},
			"faces": {
				"north": {"uv": [2.5, 9.75, 3, 11.25], "texture": "#0"},
				"east": {"uv": [4.75, 10, 5.25, 11.5], "texture": "#0"},
				"south": {"uv": [1.75, 10.25, 2.25, 11.75], "texture": "#0"},
				"west": {"uv": [3, 10.25, 3.5, 11.75], "texture": "#0"},
				"up": {"uv": [1.5, 13.75, 1, 13.25], "texture": "#0"},
				"down": {"uv": [4.5, 13.25, 4, 13.75], "texture": "#0"}
			}
		},
		{
			"from": [5.02346, 20.49099, 11],
			"to": [10.02346, 24.49099, 13],
			"rotation": {"angle": -22.5, "axis": "z", "origin": [-0.97654, 15.49099, 20]},
			"faces": {
				"north": {"uv": [10, 4.5, 8.75, 5.5], "texture": "#0"},
				"east": {"uv": [6.75, 12.25, 6.25, 13.25], "texture": "#0"},
				"south": {"uv": [5.25, 9, 4, 10], "texture": "#0"},
				"west": {"uv": [6, 12.25, 5.5, 13.25], "texture": "#0"},
				"up": {"uv": [11, 8, 12.25, 7.5], "texture": "#0"},
				"down": {"uv": [11.25, 11.25, 12.5, 11.75], "texture": "#0"}
			}
		},
		{
			"from": [4.56465, 20.9498, 8.95],
			"to": [10.56465, 24.9498, 10.95],
			"rotation": {"angle": -22.5, "axis": "z", "origin": [-0.43535, 14.9498, 17.95]},
			"faces": {
				"north": {"uv": [1.5, 8.75, 0, 9.75], "texture": "#0"},
				"east": {"uv": [5.5, 12.25, 5, 13.25], "texture": "#0"},
				"south": {"uv": [3, 8.75, 1.5, 9.75], "texture": "#0"},
				"west": {"uv": [4.5, 12.25, 4, 13.25], "texture": "#0"},
				"up": {"uv": [10, 10, 11.5, 9.5], "texture": "#0"},
				"down": {"uv": [10.25, 0, 11.75, 0.5], "texture": "#0"}
			}
		},
		{
			"from": [9.55, 5, 8.975],
			"to": [13.55, 16, 10.975],
			"rotation": {"angle": 22.5, "axis": "z", "origin": [3.55, 18, 17.975]},
			"faces": {
				"north": {"uv": [1, 6, 0, 8.75], "texture": "#0"},
				"east": {"uv": [7.5, 8.75, 7, 11.5], "texture": "#0"},
				"south": {"uv": [2, 6, 1, 8.75], "texture": "#0"},
				"west": {"uv": [7, 8.75, 6.5, 11.5], "texture": "#0"},
				"up": {"uv": [11.75, 12.25, 12.75, 11.75], "texture": "#0"},
				"down": {"uv": [11.75, 0, 12.75, 0.5], "texture": "#0"}
			}
		},
		{
			"from": [7.55, 7, 10.975],
			"to": [12.55, 16, 12.975],
			"rotation": {"angle": 22.5, "axis": "z", "origin": [3.55, 18, 19.975]},
			"faces": {
				"north": {"uv": [5.25, 1.75, 4, 4], "texture": "#0"},
				"east": {"uv": [5.75, 9.5, 5.25, 11.75], "texture": "#0"},
				"south": {"uv": [6.5, 1.75, 5.25, 4], "texture": "#0"},
				"west": {"uv": [9.5, 6, 9, 8.25], "texture": "#0"},
				"up": {"uv": [11, 3.5, 12.25, 3], "texture": "#0"},
				"down": {"uv": [11, 5.5, 12.25, 6], "texture": "#0"}
			}
		},
		{
			"from": [10.21832, 10.03219, 10.95],
			"to": [16.21832, 15.03219, 12.95],
			"rotation": {"angle": -22.5, "axis": "z", "origin": [7.21832, 16.03219, 19.95]},
			"faces": {
				"north": {"uv": [9, 7.5, 7.5, 8.75], "texture": "#0"},
				"east": {"uv": [2.75, 11.25, 2.25, 12.5], "texture": "#0"},
				"south": {"uv": [9, 0, 7.5, 1.25], "texture": "#0"},
				"west": {"uv": [1.5, 11.25, 1, 12.5], "texture": "#0"},
				"up": {"uv": [10.25, 1, 11.75, 0.5], "texture": "#0"},
				"down": {"uv": [10.25, 1, 11.75, 1.5], "texture": "#0"}
			}
		},
		{
			"from": [13.72946, 7.71196, 9],
			"to": [16.72946, 11.71196, 11],
			"rotation": {"angle": -22.5, "axis": "z", "origin": [6.72946, 12.71196, 18]},
			"faces": {
				"north": {"uv": [10.75, 4.5, 10, 5.5], "texture": "#0"},
				"east": {"uv": [10, 12, 9.5, 13], "texture": "#0"},
				"south": {"uv": [1.75, 10.25, 1, 11.25], "texture": "#0"},
				"west": {"uv": [9.5, 12, 9, 13], "texture": "#0"},
				"up": {"uv": [12.5, 4, 13.25, 3.5], "texture": "#0"},
				"down": {"uv": [12.5, 4, 13.25, 4.5], "texture": "#0"}
			}
		},
		{
			"from": [18.39972, 12.59457, 8.95],
			"to": [21.39972, 16.59457, 10.95],
			"rotation": {"angle": -45, "axis": "z", "origin": [11.39972, 17.59457, 17.95]},
			"faces": {
				"north": {"uv": [4.75, 10, 4, 11], "texture": "#0"},
				"east": {"uv": [12.25, 6, 11.75, 7], "texture": "#0"},
				"south": {"uv": [10.75, 10, 10, 11], "texture": "#0"},
				"west": {"uv": [12.25, 0.5, 11.75, 1.5], "texture": "#0"},
				"up": {"uv": [12.5, 2.5, 13.25, 2], "texture": "#0"},
				"down": {"uv": [12.5, 2.5, 13.25, 3], "texture": "#0"}
			}
		},
		{
			"from": [12.05484, -0.73427, 8.975],
			"to": [14.05484, 5.26573, 10.975],
			"rotation": {"angle": 0, "axis": "y", "origin": [4.05484, 5.26573, 17.975]},
			"faces": {
				"north": {"uv": [3, 9.75, 2.5, 11.25], "texture": "#0"},
				"east": {"uv": [3.5, 10.25, 3, 11.75], "texture": "#0"},
				"south": {"uv": [2.25, 10.25, 1.75, 11.75], "texture": "#0"},
				"west": {"uv": [5.25, 10, 4.75, 11.5], "texture": "#0"},
				"up": {"uv": [1, 13.75, 1.5, 13.25], "texture": "#0"},
				"down": {"uv": [4, 13.25, 4.5, 13.75], "texture": "#0"}
			}
		}
	],
	"gui_light": "front",
	"display": {
		"thirdperson_righthand": {
			"translation": [-1, -2.25, 0],
			"scale": [0.5, 0.5, 0.5]
		},
		"thirdperson_lefthand": {
			"translation": [-1, -2.25, 0],
			"scale": [0.5, 0.5, 0.5]
		},
		"firstperson_righthand": {
			"scale": [0.5, 0.5, 0.5]
		},
		"firstperson_lefthand": {
			"scale": [0.5, 0.5, 0.5]
		},
		"ground": {
			"translation": [0, 1.25, 0],
			"scale": [0.5, 0.5, 0.5]
		},
		"gui": {
			"rotation": [14, 168, 0],
			"translation": [0, -3, 0],
			"scale": [0.55, 0.55, 0.55]
		},
		"head": {
			"rotation": [0, 0, 1],
			"translation": [0, -10.5, 0],
			"scale": [1.81, 1.81, 1.81]
		},
		"fixed": {
			"translation": [0, -3.25, -3.5],
			"scale": [0.6, 0.6, 0.6]
		}
	},
	"groups": [
		{
			"name": "group",
			"origin": [14, 14, 17],
			"color": 0,
			"children": []
		},
		0,
		1,
		2,
		3,
		4,
		5,
		6,
		7,
		8,
		9,
		10,
		11,
		12,
		13,
		14,
		15,
		16,
		17,
		18,
		19,
		20,
		21,
		22,
		23,
		24,
		25,
		26,
		27,
		28,
		{
			"name": "group",
			"origin": [11, 25, 14],
			"color": 0,
			"children": [29, 30, 31, 32, 33, 34, 35, 36, 37, 38, 39, 40]
		},
		{
			"name": "group",
			"origin": [11, 20, 18],
			"color": 0,
			"children": [
				{
					"name": "group",
					"origin": [11.99516, 5.26573, 18],
					"color": 0,
					"children": [41, 42, 43, 44, 45, 46, 47, 48]
				},
				{
					"name": "group",
					"origin": [11.99516, 5.26573, 18],
					"color": 0,
					"children": [49, 50, 51, 52, 53, 54, 55, 56]
				}
			]
		}
	]
}