{
	"credit": "Made with Blockbench",
	"texture_size": [64, 64],
	"textures": {
		"0": "mccosmetics:cosmetics/toffy_lanternhat",
		"particle": "mccosmetics:cosmetics/toffy_lanternhat"
	},
	"elements": [
		{
			"from": [3, 4, 3],
			"to": [13, 5, 4],
			"faces": {
				"north": {"uv": [3, 0, 5.5, 0.25], "texture": "#0"},
				"east": {"uv": [2.5, 7.75, 2.75, 8], "texture": "#0"},
				"south": {"uv": [3, 0.5, 5.5, 0.75], "texture": "#0"},
				"west": {"uv": [3, 7.75, 3.25, 8], "texture": "#0"},
				"up": {"uv": [5.5, 1.25, 3, 1], "texture": "#0"},
				"down": {"uv": [5.5, 1.5, 3, 1.75], "texture": "#0"}
			}
		},
		{
			"from": [3, 4, 12],
			"to": [13, 5, 13],
			"faces": {
				"north": {"uv": [3, 2, 5.5, 2.25], "texture": "#0"},
				"east": {"uv": [7.75, 3, 8, 3.25], "texture": "#0"},
				"south": {"uv": [3, 2.5, 5.5, 2.75], "texture": "#0"},
				"west": {"uv": [5, 7.75, 5.25, 8], "texture": "#0"},
				"up": {"uv": [5.5, 3.25, 3, 3], "texture": "#0"},
				"down": {"uv": [5.5, 3.5, 3, 3.75], "texture": "#0"}
			}
		},
		{
			"from": [12, 4, 4],
			"to": [13, 5, 12],
			"faces": {
				"north": {"uv": [5.5, 7.75, 5.75, 8], "texture": "#0"},
				"east": {"uv": [1.5, 5, 3.5, 5.25], "texture": "#0"},
				"south": {"uv": [6, 7.75, 6.25, 8], "texture": "#0"},
				"west": {"uv": [3.75, 5, 5.75, 5.25], "texture": "#0"},
				"up": {"uv": [1.75, 7.5, 1.5, 5.5], "texture": "#0"},
				"down": {"uv": [2.25, 5.5, 2, 7.5], "texture": "#0"}
			}
		},
		{
			"from": [3, 4, 4],
			"to": [4, 5, 12],
			"rotation": {"angle": 0, "axis": "y", "origin": [16, 0, 0]},
			"faces": {
				"north": {"uv": [7.75, 6, 8, 6.25], "texture": "#0"},
				"east": {"uv": [5, 4, 7, 4.25], "texture": "#0"},
				"south": {"uv": [6.5, 7.75, 6.75, 8], "texture": "#0"},
				"west": {"uv": [5, 4.5, 7, 4.75], "texture": "#0"},
				"up": {"uv": [2.75, 7.5, 2.5, 5.5], "texture": "#0"},
				"down": {"uv": [3.25, 5.5, 3, 7.5], "texture": "#0"}
			}
		},
		{
			"from": [7, 5, 3],
			"to": [9, 9, 4],
			"faces": {
				"north": {"uv": [0, 4.5, 0.5, 5.5], "texture": "#0"},
				"east": {"uv": [6.5, 1.5, 6.75, 2.5], "texture": "#0"},
				"south": {"uv": [0.75, 4.5, 1.25, 5.5], "texture": "#0"},
				"west": {"uv": [6.5, 2.75, 6.75, 3.75], "texture": "#0"},
				"up": {"uv": [7.75, 4.25, 7.25, 4], "texture": "#0"},
				"down": {"uv": [7.75, 4.5, 7.25, 4.75], "texture": "#0"}
			}
		},
		{
			"from": [7.5, 7.56066, 1.23223],
			"to": [8.5, 11.56066, 2.23223],
			"rotation": {"angle": -45, "axis": "x", "origin": [8, 10.06066, 1.23223]},
			"faces": {
				"north": {"uv": [4, 6.75, 4.25, 7.75], "texture": "#0"},
				"east": {"uv": [4.5, 6.75, 4.75, 7.75], "texture": "#0"},
				"south": {"uv": [0, 7, 0.25, 8], "texture": "#0"},
				"west": {"uv": [0.5, 7, 0.75, 8], "texture": "#0"},
				"up": {"uv": [7.25, 8, 7, 7.75], "texture": "#0"},
				"down": {"uv": [7.75, 7.75, 7.5, 8], "texture": "#0"}
			}
		},
		{
			"from": [7.5, 9.94784, -2.54834],
			"to": [8.5, 10.94784, 1.45166],
			"rotation": {"angle": -22.5, "axis": "x", "origin": [8, 9.94784, -1.04834]},
			"faces": {
				"north": {"uv": [8, 0, 8.25, 0.25], "texture": "#0"},
				"east": {"uv": [1.5, 4.5, 2.5, 4.75], "texture": "#0"},
				"south": {"uv": [8, 1.5, 8.25, 1.75], "texture": "#0"},
				"west": {"uv": [6, 5, 7, 5.25], "texture": "#0"},
				"up": {"uv": [1.25, 8, 1, 7], "texture": "#0"},
				"down": {"uv": [7.25, 1.5, 7, 2.5], "texture": "#0"}
			}
		},
		{
			"from": [7.5, 8.29769, -2.81684],
			"to": [8.5, 10.29769, -1.81684],
			"rotation": {"angle": 0, "axis": "y", "origin": [8, 7.79769, -1.81684]},
			"faces": {
				"north": {"uv": [7.5, 1.5, 7.75, 2], "texture": "#0"},
				"east": {"uv": [1.5, 7.75, 1.75, 8.25], "texture": "#0"},
				"south": {"uv": [2, 7.75, 2.25, 8.25], "texture": "#0"},
				"west": {"uv": [7.75, 2.25, 8, 2.75], "texture": "#0"},
				"up": {"uv": [3.75, 8.25, 3.5, 8], "texture": "#0"},
				"down": {"uv": [8.25, 3.5, 8, 3.75], "texture": "#0"}
			}
		},
		{
			"from": [6.5, 7.29769, -3.81684],
			"to": [9.5, 8.29769, -0.81684],
			"rotation": {"angle": 0, "axis": "y", "origin": [8, 7.79769, -1.81684]},
			"faces": {
				"north": {"uv": [7, 3.5, 7.75, 3.75], "texture": "#0"},
				"east": {"uv": [7, 6.75, 7.75, 7], "texture": "#0"},
				"south": {"uv": [7.25, 0.5, 8, 0.75], "texture": "#0"},
				"west": {"uv": [7.25, 1, 8, 1.25], "texture": "#0"},
				"up": {"uv": [3.75, 4.75, 3, 4], "texture": "#0"},
				"down": {"uv": [4.75, 4, 4, 4.75], "texture": "#0"}
			}
		},
		{
			"from": [7, 3.79769, -3.31684],
			"to": [9, 7.79769, -1.31684],
			"rotation": {"angle": -45, "axis": "y", "origin": [8, 3.79769, -2.31684]},
			"faces": {
				"north": {"uv": [0, 5.75, 0.5, 6.75], "texture": "#0"},
				"east": {"uv": [5.75, 0.5, 6.25, 1.5], "texture": "#0"},
				"south": {"uv": [0.75, 5.75, 1.25, 6.75], "texture": "#0"},
				"west": {"uv": [5.75, 1.75, 6.25, 2.75], "texture": "#0"},
				"up": {"uv": [6.25, 7.5, 5.75, 7], "texture": "#0"},
				"down": {"uv": [7.5, 6, 7, 6.5], "texture": "#0"}
			}
		},
		{
			"from": [7, 4.29769, -3.31684],
			"to": [9, 7.29769, -1.31684],
			"rotation": {"angle": 0, "axis": "y", "origin": [8, 7.79769, -1.81684]},
			"faces": {
				"north": {"uv": [5.75, 3, 6.25, 3.75], "texture": "#0"},
				"east": {"uv": [5, 6, 5.5, 6.75], "texture": "#0"},
				"south": {"uv": [5.75, 6, 6.25, 6.75], "texture": "#0"},
				"west": {"uv": [6.5, 0.5, 7, 1.25], "texture": "#0"},
				"up": {"uv": [7.5, 3.25, 7, 2.75], "texture": "#0"},
				"down": {"uv": [5.5, 7, 5, 7.5], "texture": "#0"}
			}
		},
		{
			"from": [7, 5, 12],
			"to": [9, 9, 13],
			"faces": {
				"north": {"uv": [3.5, 5.5, 4, 6.5], "texture": "#0"},
				"east": {"uv": [6.5, 6, 6.75, 7], "texture": "#0"},
				"south": {"uv": [4.25, 5.5, 4.75, 6.5], "texture": "#0"},
				"west": {"uv": [3.5, 6.75, 3.75, 7.75], "texture": "#0"},
				"up": {"uv": [7.75, 5.25, 7.25, 5], "texture": "#0"},
				"down": {"uv": [7.75, 5.5, 7.25, 5.75], "texture": "#0"}
			}
		},
		{
			"from": [7, 8, 4],
			"to": [9, 9, 12],
			"faces": {
				"north": {"uv": [6.5, 7.25, 7, 7.5], "texture": "#0"},
				"east": {"uv": [5, 5.5, 7, 5.75], "texture": "#0"},
				"south": {"uv": [7.25, 7.25, 7.75, 7.5], "texture": "#0"},
				"west": {"uv": [5.75, 0, 7.75, 0.25], "texture": "#0"},
				"up": {"uv": [2.75, 2, 2.25, 0], "texture": "#0"},
				"down": {"uv": [2.75, 2.25, 2.25, 4.25], "texture": "#0"}
			}
		},
		{
			"name": "flat",
			"from": [8, 2.29769, -7.31684],
			"to": [8, 10.29769, 0.68316],
			"rotation": {"angle": 45, "axis": "x", "origin": [8, 5.29769, -2.31684]},
			"faces": {
				"north": {"uv": [4, 8, 4, 10], "texture": "#0"},
				"east": {"uv": [0, 0, 2, 2], "texture": "#0"},
				"south": {"uv": [4.25, 8, 4.25, 10], "texture": "#0"},
				"west": {"uv": [0, 2.25, 2, 4.25], "texture": "#0"},
				"up": {"uv": [4.5, 10, 4.5, 8], "texture": "#0"},
				"down": {"uv": [4.75, 8, 4.75, 10], "texture": "#0"}
			}
		},
		{
			"name": "flat",
			"from": [4, 2.71191, -2.31684],
			"to": [12, 10.71191, -2.31684],
			"rotation": {"angle": 45, "axis": "z", "origin": [8, 6.71191, -2.31684]},
			"faces": {
				"north": {"uv": [0, 2.25, 2, 4.25], "texture": "#0"},
				"east": {"uv": [4, 8, 4, 10], "texture": "#0"},
				"south": {"uv": [0, 0, 2, 2], "texture": "#0"},
				"west": {"uv": [4.25, 8, 4.25, 10], "texture": "#0"},
				"up": {"uv": [4.5, 10, 4.5, 8], "rotation": 90, "texture": "#0"},
				"down": {"uv": [4.75, 8, 4.75, 10], "rotation": 270, "texture": "#0"}
			}
		}
	],
	"gui_light": "front",
	"display": {
		"thirdperson_righthand": {
			"translation": [-2.25, 0.75, 0.25],
			"scale": [0.5, 0.5, 0.5]
		},
		"thirdperson_lefthand": {
			"translation": [-2.25, 0.75, 0.25],
			"scale": [0.5, 0.5, 0.5]
		},
		"ground": {
			"scale": [0.5, 0.5, 0.5]
		},
		"gui": {
			"rotation": [15, 138, 0],
			"translation": [1, 1.75, 0],
			"scale": [0.9, 0.9, 0.9]
		},
		"head": {
			"translation": [0, 6, 0],
			"scale": [1.6, 1.6, 1.6]
		},
		"fixed": {
			"rotation": [-27.25, 0, 0],
			"translation": [0, 4.25, -2.75]
		}
	},
	"groups": [
		0,
		1,
		2,
		3,
		4,
		5,
		6,
		7,
		8,
		9,
		10,
		11,
		12,
		{
			"name": "flat",
			"origin": [8, 6.71191, -2.31684],
			"color": 0,
			"children": [13, 14]
		}
	]
}